solid OpenSCAD_Model
  facet normal -0.941541 -0.336899 0
    outer loop
      vertex 1.14181 9.25975 0
      vertex 0.645894 10.6457 100
      vertex 0.645894 10.6457 0
    endloop
  endfacet
  facet normal -0.941541 -0.336899 0
    outer loop
      vertex 0.645894 10.6457 100
      vertex 1.14181 9.25975 0
      vertex 1.14181 9.25975 100
    endloop
  endfacet
  facet normal 0.243175 0.969982 -0
    outer loop
      vertex 289.354 199.354 0
      vertex 287.926 199.712 100
      vertex 289.354 199.354 100
    endloop
  endfacet
  facet normal 0.243175 0.969982 0
    outer loop
      vertex 287.926 199.712 100
      vertex 289.354 199.354 0
      vertex 287.926 199.712 0
    endloop
  endfacet
  facet normal 0 -1 0
    outer loop
      vertex 15 0 0
      vertex 285 0 100
      vertex 15 0 100
    endloop
  endfacet
  facet normal 0 -1 -0
    outer loop
      vertex 285 0 100
      vertex 15 0 0
      vertex 285 0 0
    endloop
  endfacet
  facet normal -1 0 0
    outer loop
      vertex 0 15 0
      vertex 0 185 100
      vertex 0 185 0
    endloop
  endfacet
  facet normal -1 -0 0
    outer loop
      vertex 0 185 100
      vertex 0 15 0
      vertex 0 15 100
    endloop
  endfacet
  facet normal -0.998795 0.0490758 0
    outer loop
      vertex 0 185 0
      vertex 0.0722284 186.47 100
      vertex 0.0722284 186.47 0
    endloop
  endfacet
  facet normal -0.998795 0.0490758 0
    outer loop
      vertex 0.0722284 186.47 100
      vertex 0 185 0
      vertex 0 185 100
    endloop
  endfacet
  facet normal -0.14673 -0.989177 0
    outer loop
      vertex 12.0736 0.28822 0
      vertex 13.5297 0.0722284 100
      vertex 12.0736 0.28822 100
    endloop
  endfacet
  facet normal -0.14673 -0.989177 -0
    outer loop
      vertex 13.5297 0.0722284 100
      vertex 12.0736 0.28822 0
      vertex 13.5297 0.0722284 0
    endloop
  endfacet
  facet normal 0.998803 -0.048911 0
    outer loop
      vertex 299.928 13.5297 100
      vertex 300 15 0
      vertex 300 15 100
    endloop
  endfacet
  facet normal 0.998803 -0.048911 0
    outer loop
      vertex 300 15 0
      vertex 299.928 13.5297 100
      vertex 299.928 13.5297 0
    endloop
  endfacet
  facet normal 0.336888 -0.941545 0
    outer loop
      vertex 289.354 0.645894 0
      vertex 290.74 1.14181 100
      vertex 289.354 0.645894 100
    endloop
  endfacet
  facet normal 0.336888 -0.941545 0
    outer loop
      vertex 290.74 1.14181 100
      vertex 289.354 0.645894 0
      vertex 290.74 1.14181 0
    endloop
  endfacet
  facet normal 0.989176 -0.146736 0
    outer loop
      vertex 299.712 12.0736 100
      vertex 299.928 13.5297 0
      vertex 299.928 13.5297 100
    endloop
  endfacet
  facet normal 0.989176 -0.146736 0
    outer loop
      vertex 299.928 13.5297 0
      vertex 299.712 12.0736 100
      vertex 299.712 12.0736 0
    endloop
  endfacet
  facet normal -0.989175 0.14674 0
    outer loop
      vertex 0.0722284 186.47 0
      vertex 0.28822 187.926 100
      vertex 0.28822 187.926 0
    endloop
  endfacet
  facet normal -0.989175 0.14674 0
    outer loop
      vertex 0.28822 187.926 100
      vertex 0.0722284 186.47 0
      vertex 0.0722284 186.47 100
    endloop
  endfacet
  facet normal 1 -0 0
    outer loop
      vertex 300 15 100
      vertex 300 185 0
      vertex 300 185 100
    endloop
  endfacet
  facet normal 1 0 0
    outer loop
      vertex 300 185 0
      vertex 300 15 100
      vertex 300 15 0
    endloop
  endfacet
  facet normal 0.67146 -0.741041 0
    outer loop
      vertex 294.516 3.40484 0
      vertex 295.607 4.3934 100
      vertex 294.516 3.40484 100
    endloop
  endfacet
  facet normal 0.67146 -0.741041 0
    outer loop
      vertex 295.607 4.3934 100
      vertex 294.516 3.40484 0
      vertex 295.607 4.3934 0
    endloop
  endfacet
  facet normal 0.146746 0.989174 -0
    outer loop
      vertex 287.926 199.712 0
      vertex 286.47 199.928 100
      vertex 287.926 199.712 100
    endloop
  endfacet
  facet normal 0.146746 0.989174 0
    outer loop
      vertex 286.47 199.928 100
      vertex 287.926 199.712 0
      vertex 286.47 199.928 0
    endloop
  endfacet
  facet normal -0.998796 -0.0490658 0
    outer loop
      vertex 0.0722284 13.5297 0
      vertex 0 15 100
      vertex 0 15 0
    endloop
  endfacet
  facet normal -0.998796 -0.0490658 0
    outer loop
      vertex 0 15 100
      vertex 0.0722284 13.5297 0
      vertex 0.0722284 13.5297 100
    endloop
  endfacet
  facet normal 0 1 -0
    outer loop
      vertex 285 200 0
      vertex 15 200 100
      vertex 285 200 100
    endloop
  endfacet
  facet normal 0 1 0
    outer loop
      vertex 15 200 100
      vertex 285 200 0
      vertex 15 200 0
    endloop
  endfacet
  facet normal 0.595808 -0.803127 0
    outer loop
      vertex 293.334 2.52796 0
      vertex 294.516 3.40484 100
      vertex 293.334 2.52796 100
    endloop
  endfacet
  facet normal 0.595808 -0.803127 0
    outer loop
      vertex 294.516 3.40484 100
      vertex 293.334 2.52796 0
      vertex 294.516 3.40484 0
    endloop
  endfacet
  facet normal -0.90399 -0.427553 0
    outer loop
      vertex 1.77118 7.92905 0
      vertex 1.14181 9.25975 100
      vertex 1.14181 9.25975 0
    endloop
  endfacet
  facet normal -0.90399 -0.427553 0
    outer loop
      vertex 1.14181 9.25975 100
      vertex 1.77118 7.92905 0
      vertex 1.77118 7.92905 100
    endloop
  endfacet
  facet normal -0.427347 0.904088 0
    outer loop
      vertex 9.25975 198.858 0
      vertex 7.92905 198.229 100
      vertex 9.25975 198.858 100
    endloop
  endfacet
  facet normal -0.427347 0.904088 0
    outer loop
      vertex 7.92905 198.229 100
      vertex 9.25975 198.858 0
      vertex 7.92905 198.229 0
    endloop
  endfacet
  facet normal -0.941545 0.336888 0
    outer loop
      vertex 0.645894 189.354 0
      vertex 1.14181 190.74 100
      vertex 1.14181 190.74 0
    endloop
  endfacet
  facet normal -0.941545 0.336888 0
    outer loop
      vertex 1.14181 190.74 100
      vertex 0.645894 189.354 0
      vertex 0.645894 189.354 100
    endloop
  endfacet
  facet normal 0.671251 0.74123 -0
    outer loop
      vertex 295.607 195.607 0
      vertex 294.516 196.595 100
      vertex 295.607 195.607 100
    endloop
  endfacet
  facet normal 0.671251 0.74123 0
    outer loop
      vertex 294.516 196.595 100
      vertex 295.607 195.607 0
      vertex 294.516 196.595 0
    endloop
  endfacet
  facet normal -0.740949 -0.671562 0
    outer loop
      vertex 4.3934 4.3934 0
      vertex 3.40484 5.4841 100
      vertex 3.40484 5.4841 0
    endloop
  endfacet
  facet normal -0.740949 -0.671562 0
    outer loop
      vertex 3.40484 5.4841 100
      vertex 4.3934 4.3934 0
      vertex 4.3934 4.3934 100
    endloop
  endfacet
  facet normal 0.427474 -0.904028 0
    outer loop
      vertex 290.74 1.14181 0
      vertex 292.071 1.77118 100
      vertex 290.74 1.14181 100
    endloop
  endfacet
  facet normal 0.427474 -0.904028 0
    outer loop
      vertex 292.071 1.77118 100
      vertex 290.74 1.14181 0
      vertex 292.071 1.77118 0
    endloop
  endfacet
  facet normal -0.857727 -0.514106 0
    outer loop
      vertex 2.52796 6.66645 0
      vertex 1.77118 7.92905 100
      vertex 1.77118 7.92905 0
    endloop
  endfacet
  facet normal -0.857727 -0.514106 0
    outer loop
      vertex 1.77118 7.92905 100
      vertex 2.52796 6.66645 0
      vertex 2.52796 6.66645 100
    endloop
  endfacet
  facet normal -0.514106 -0.857727 0
    outer loop
      vertex 6.66645 2.52796 0
      vertex 7.92905 1.77118 100
      vertex 6.66645 2.52796 100
    endloop
  endfacet
  facet normal -0.514106 -0.857727 -0
    outer loop
      vertex 7.92905 1.77118 100
      vertex 6.66645 2.52796 0
      vertex 7.92905 1.77118 0
    endloop
  endfacet
  facet normal 0.998803 0.0489209 0
    outer loop
      vertex 300 185 100
      vertex 299.928 186.47 0
      vertex 299.928 186.47 100
    endloop
  endfacet
  facet normal 0.998803 0.0489209 0
    outer loop
      vertex 299.928 186.47 0
      vertex 300 185 100
      vertex 300 185 0
    endloop
  endfacet
  facet normal 0.741138 -0.671353 0
    outer loop
      vertex 295.607 4.3934 100
      vertex 296.595 5.4841 0
      vertex 296.595 5.4841 100
    endloop
  endfacet
  facet normal 0.741138 -0.671353 0
    outer loop
      vertex 296.595 5.4841 0
      vertex 295.607 4.3934 100
      vertex 295.607 4.3934 0
    endloop
  endfacet
  facet normal -0.970035 0.242967 0
    outer loop
      vertex 0.28822 187.926 0
      vertex 0.645894 189.354 100
      vertex 0.645894 189.354 0
    endloop
  endfacet
  facet normal -0.970035 0.242967 0
    outer loop
      vertex 0.645894 189.354 100
      vertex 0.28822 187.926 0
      vertex 0.28822 187.926 100
    endloop
  endfacet
  facet normal -0.048911 0.998803 0
    outer loop
      vertex 15 200 0
      vertex 13.5297 199.928 100
      vertex 15 200 100
    endloop
  endfacet
  facet normal -0.048911 0.998803 0
    outer loop
      vertex 13.5297 199.928 100
      vertex 15 200 0
      vertex 13.5297 199.928 0
    endloop
  endfacet
  facet normal 0.904125 0.427269 0
    outer loop
      vertex 298.858 190.74 100
      vertex 298.229 192.071 0
      vertex 298.229 192.071 100
    endloop
  endfacet
  facet normal 0.904125 0.427269 0
    outer loop
      vertex 298.229 192.071 0
      vertex 298.858 190.74 100
      vertex 298.858 190.74 0
    endloop
  endfacet
  facet normal 0.941523 -0.33695 0
    outer loop
      vertex 298.858 9.25975 100
      vertex 299.354 10.6457 0
      vertex 299.354 10.6457 100
    endloop
  endfacet
  facet normal 0.941523 -0.33695 0
    outer loop
      vertex 299.354 10.6457 0
      vertex 298.858 9.25975 100
      vertex 298.858 9.25975 0
    endloop
  endfacet
  facet normal 0.74123 0.671251 0
    outer loop
      vertex 296.595 194.516 100
      vertex 295.607 195.607 0
      vertex 295.607 195.607 100
    endloop
  endfacet
  facet normal 0.74123 0.671251 0
    outer loop
      vertex 295.607 195.607 0
      vertex 296.595 194.516 100
      vertex 296.595 194.516 0
    endloop
  endfacet
  facet normal -0.671353 0.741138 0
    outer loop
      vertex 5.4841 196.595 0
      vertex 4.3934 195.607 100
      vertex 5.4841 196.595 100
    endloop
  endfacet
  facet normal -0.671353 0.741138 0
    outer loop
      vertex 4.3934 195.607 100
      vertex 5.4841 196.595 0
      vertex 4.3934 195.607 0
    endloop
  endfacet
  facet normal 0.969978 -0.243191 0
    outer loop
      vertex 299.354 10.6457 100
      vertex 299.712 12.0736 0
      vertex 299.712 12.0736 100
    endloop
  endfacet
  facet normal 0.969978 -0.243191 0
    outer loop
      vertex 299.712 12.0736 0
      vertex 299.354 10.6457 100
      vertex 299.354 10.6457 0
    endloop
  endfacet
  facet normal 0.803172 -0.595747 0
    outer loop
      vertex 296.595 5.4841 100
      vertex 297.472 6.66645 0
      vertex 297.472 6.66645 100
    endloop
  endfacet
  facet normal 0.803172 -0.595747 0
    outer loop
      vertex 297.472 6.66645 0
      vertex 296.595 5.4841 100
      vertex 296.595 5.4841 0
    endloop
  endfacet
  facet normal -0.595747 0.803172 0
    outer loop
      vertex 6.66645 197.472 0
      vertex 5.4841 196.595 100
      vertex 6.66645 197.472 100
    endloop
  endfacet
  facet normal -0.595747 0.803172 0
    outer loop
      vertex 5.4841 196.595 100
      vertex 6.66645 197.472 0
      vertex 5.4841 196.595 0
    endloop
  endfacet
  facet normal -0.803127 0.595808 0
    outer loop
      vertex 2.52796 193.334 0
      vertex 3.40484 194.516 100
      vertex 3.40484 194.516 0
    endloop
  endfacet
  facet normal -0.803127 0.595808 0
    outer loop
      vertex 3.40484 194.516 100
      vertex 2.52796 193.334 0
      vertex 2.52796 193.334 100
    endloop
  endfacet
  facet normal 0.989174 0.146746 0
    outer loop
      vertex 299.928 186.47 100
      vertex 299.712 187.926 0
      vertex 299.712 187.926 100
    endloop
  endfacet
  facet normal 0.989174 0.146746 0
    outer loop
      vertex 299.712 187.926 0
      vertex 299.928 186.47 100
      vertex 299.928 186.47 0
    endloop
  endfacet
  facet normal 0.803088 0.595861 0
    outer loop
      vertex 297.472 193.334 100
      vertex 296.595 194.516 0
      vertex 296.595 194.516 100
    endloop
  endfacet
  facet normal 0.803088 0.595861 0
    outer loop
      vertex 296.595 194.516 0
      vertex 297.472 193.334 100
      vertex 297.472 193.334 0
    endloop
  endfacet
  facet normal -0.857798 0.513986 0
    outer loop
      vertex 1.77118 192.071 0
      vertex 2.52796 193.334 100
      vertex 2.52796 193.334 0
    endloop
  endfacet
  facet normal -0.857798 0.513986 0
    outer loop
      vertex 2.52796 193.334 100
      vertex 1.77118 192.071 0
      vertex 1.77118 192.071 100
    endloop
  endfacet
  facet normal -0.427553 -0.90399 0
    outer loop
      vertex 7.92905 1.77118 0
      vertex 9.25975 1.14181 100
      vertex 7.92905 1.77118 100
    endloop
  endfacet
  facet normal -0.427553 -0.90399 -0
    outer loop
      vertex 9.25975 1.14181 100
      vertex 7.92905 1.77118 0
      vertex 9.25975 1.14181 0
    endloop
  endfacet
  facet normal 0.513986 -0.857798 0
    outer loop
      vertex 292.071 1.77118 0
      vertex 293.334 2.52796 100
      vertex 292.071 1.77118 100
    endloop
  endfacet
  facet normal 0.513986 -0.857798 0
    outer loop
      vertex 293.334 2.52796 100
      vertex 292.071 1.77118 0
      vertex 293.334 2.52796 0
    endloop
  endfacet
  facet normal 0.595861 0.803088 -0
    outer loop
      vertex 294.516 196.595 0
      vertex 293.334 197.472 100
      vertex 294.516 196.595 100
    endloop
  endfacet
  facet normal 0.595861 0.803088 0
    outer loop
      vertex 293.334 197.472 100
      vertex 294.516 196.595 0
      vertex 293.334 197.472 0
    endloop
  endfacet
  facet normal -0.242983 -0.970031 0
    outer loop
      vertex 10.6457 0.645894 0
      vertex 12.0736 0.28822 100
      vertex 10.6457 0.645894 100
    endloop
  endfacet
  facet normal -0.242983 -0.970031 -0
    outer loop
      vertex 12.0736 0.28822 100
      vertex 10.6457 0.645894 0
      vertex 12.0736 0.28822 0
    endloop
  endfacet
  facet normal -0.0490658 -0.998796 0
    outer loop
      vertex 13.5297 0.0722284 0
      vertex 15 0 100
      vertex 13.5297 0.0722284 100
    endloop
  endfacet
  facet normal -0.0490658 -0.998796 -0
    outer loop
      vertex 15 0 100
      vertex 13.5297 0.0722284 0
      vertex 15 0 0
    endloop
  endfacet
  facet normal -0.514216 0.857661 0
    outer loop
      vertex 7.92905 198.229 0
      vertex 6.66645 197.472 100
      vertex 7.92905 198.229 100
    endloop
  endfacet
  facet normal -0.514216 0.857661 0
    outer loop
      vertex 6.66645 197.472 100
      vertex 7.92905 198.229 0
      vertex 6.66645 197.472 0
    endloop
  endfacet
  facet normal -0.970031 -0.242983 0
    outer loop
      vertex 0.645894 10.6457 0
      vertex 0.28822 12.0736 100
      vertex 0.28822 12.0736 0
    endloop
  endfacet
  facet normal -0.970031 -0.242983 0
    outer loop
      vertex 0.28822 12.0736 100
      vertex 0.645894 10.6457 0
      vertex 0.645894 10.6457 100
    endloop
  endfacet
  facet normal -0.989177 -0.14673 0
    outer loop
      vertex 0.28822 12.0736 0
      vertex 0.0722284 13.5297 100
      vertex 0.0722284 13.5297 0
    endloop
  endfacet
  facet normal -0.989177 -0.14673 0
    outer loop
      vertex 0.0722284 13.5297 100
      vertex 0.28822 12.0736 0
      vertex 0.28822 12.0736 100
    endloop
  endfacet
  facet normal 0.0489209 0.998803 -0
    outer loop
      vertex 286.47 199.928 0
      vertex 285 200 100
      vertex 286.47 199.928 100
    endloop
  endfacet
  facet normal 0.0489209 0.998803 0
    outer loop
      vertex 285 200 100
      vertex 286.47 199.928 0
      vertex 285 200 0
    endloop
  endfacet
  facet normal 0.242967 -0.970035 0
    outer loop
      vertex 287.926 0.28822 0
      vertex 289.354 0.645894 100
      vertex 287.926 0.28822 100
    endloop
  endfacet
  facet normal 0.242967 -0.970035 0
    outer loop
      vertex 289.354 0.645894 100
      vertex 287.926 0.28822 0
      vertex 289.354 0.645894 0
    endloop
  endfacet
  facet normal -0.33695 0.941523 0
    outer loop
      vertex 10.6457 199.354 0
      vertex 9.25975 198.858 100
      vertex 10.6457 199.354 100
    endloop
  endfacet
  facet normal -0.33695 0.941523 0
    outer loop
      vertex 9.25975 198.858 100
      vertex 10.6457 199.354 0
      vertex 9.25975 198.858 0
    endloop
  endfacet
  facet normal -0.803211 -0.595695 0
    outer loop
      vertex 3.40484 5.4841 0
      vertex 2.52796 6.66645 100
      vertex 2.52796 6.66645 0
    endloop
  endfacet
  facet normal -0.803211 -0.595695 0
    outer loop
      vertex 2.52796 6.66645 100
      vertex 3.40484 5.4841 0
      vertex 3.40484 5.4841 100
    endloop
  endfacet
  facet normal 0.969982 0.243175 0
    outer loop
      vertex 299.712 187.926 100
      vertex 299.354 189.354 0
      vertex 299.354 189.354 100
    endloop
  endfacet
  facet normal 0.969982 0.243175 0
    outer loop
      vertex 299.354 189.354 0
      vertex 299.712 187.926 100
      vertex 299.712 187.926 0
    endloop
  endfacet
  facet normal 0.857661 -0.514216 0
    outer loop
      vertex 297.472 6.66645 100
      vertex 298.229 7.92905 0
      vertex 298.229 7.92905 100
    endloop
  endfacet
  facet normal 0.857661 -0.514216 0
    outer loop
      vertex 298.229 7.92905 0
      vertex 297.472 6.66645 100
      vertex 297.472 6.66645 0
    endloop
  endfacet
  facet normal -0.741041 0.67146 0
    outer loop
      vertex 3.40484 194.516 0
      vertex 4.3934 195.607 100
      vertex 4.3934 195.607 0
    endloop
  endfacet
  facet normal -0.741041 0.67146 0
    outer loop
      vertex 4.3934 195.607 100
      vertex 3.40484 194.516 0
      vertex 3.40484 194.516 100
    endloop
  endfacet
  facet normal 0.336939 0.941527 -0
    outer loop
      vertex 290.74 198.858 0
      vertex 289.354 199.354 100
      vertex 290.74 198.858 100
    endloop
  endfacet
  facet normal 0.336939 0.941527 0
    outer loop
      vertex 289.354 199.354 100
      vertex 290.74 198.858 0
      vertex 289.354 199.354 0
    endloop
  endfacet
  facet normal 0.514096 0.857733 -0
    outer loop
      vertex 293.334 197.472 0
      vertex 292.071 198.229 100
      vertex 293.334 197.472 100
    endloop
  endfacet
  facet normal 0.514096 0.857733 0
    outer loop
      vertex 292.071 198.229 100
      vertex 293.334 197.472 0
      vertex 292.071 198.229 0
    endloop
  endfacet
  facet normal 0 0 1
    outer loop
      vertex 38.9352 52.8619 100
      vertex 37.4664 52.7764 100
      vertex 38.6864 52.316 100
    endloop
  endfacet
  facet normal 0 0 1
    outer loop
      vertex 38.9352 52.8619 100
      vertex 37.3668 55.0882 100
      vertex 37.4664 52.7764 100
    endloop
  endfacet
  facet normal 0 0 1
    outer loop
      vertex 36.7521 55.888 100
      vertex 37.3668 55.0882 100
      vertex 37.2289 55.4007 100
    endloop
  endfacet
  facet normal 0 0 1
    outer loop
      vertex 37.3668 55.0882 100
      vertex 33.7402 53.873 100
      vertex 37.4664 52.7764 100
    endloop
  endfacet
  facet normal 0 0 1
    outer loop
      vertex 36.7521 55.888 100
      vertex 37.2289 55.4007 100
      vertex 37.024 55.6673 100
    endloop
  endfacet
  facet normal 0 0 1
    outer loop
      vertex 37.3668 55.0882 100
      vertex 36.7521 55.888 100
      vertex 36.4285 56.0528 100
    endloop
  endfacet
  facet normal -0 -0 1
    outer loop
      vertex 33.7964 53.1646 100
      vertex 37.4664 52.7764 100
      vertex 33.7402 53.873 100
    endloop
  endfacet
  facet normal 0 0 1
    outer loop
      vertex 37.3668 55.0882 100
      vertex 36.4285 56.0528 100
      vertex 36.0685 56.1517 100
    endloop
  endfacet
  facet normal 0 0 1
    outer loop
      vertex 37.3668 55.0882 100
      vertex 36.0685 56.1517 100
      vertex 35.6721 56.1847 100
    endloop
  endfacet
  facet normal 0 -0 1
    outer loop
      vertex 35.7054 51.5043 100
      vertex 37.4664 52.7764 100
      vertex 33.7964 53.1646 100
    endloop
  endfacet
  facet normal 0 0 1
    outer loop
      vertex 37.3668 55.0882 100
      vertex 35.6721 56.1847 100
      vertex 33.7948 54.5686 100
    endloop
  endfacet
  facet normal 0 0 1
    outer loop
      vertex 37.4664 52.7764 100
      vertex 35.7054 51.5043 100
      vertex 37.0514 52.0697 100
    endloop
  endfacet
  facet normal 0 0 1
    outer loop
      vertex 33.9585 55.143 100
      vertex 35.6721 56.1847 100
      vertex 35.0901 56.1193 100
    endloop
  endfacet
  facet normal 0 0 1
    outer loop
      vertex 37.0514 52.0697 100
      vertex 35.7054 51.5043 100
      vertex 36.4644 51.6456 100
    endloop
  endfacet
  facet normal 0 0 1
    outer loop
      vertex 33.9585 55.143 100
      vertex 35.0901 56.1193 100
      vertex 34.6099 55.923 100
    endloop
  endfacet
  facet normal -0 -0 1
    outer loop
      vertex 33.9649 52.5776 100
      vertex 35.7054 51.5043 100
      vertex 33.7964 53.1646 100
    endloop
  endfacet
  facet normal 0 0 1
    outer loop
      vertex 33.9585 55.143 100
      vertex 34.6099 55.923 100
      vertex 34.2315 55.596 100
    endloop
  endfacet
  facet normal 0 0 1
    outer loop
      vertex 35.7054 51.5043 100
      vertex 33.9649 52.5776 100
      vertex 35.1192 51.5718 100
    endloop
  endfacet
  facet normal 0 0 1
    outer loop
      vertex 35.6721 56.1847 100
      vertex 33.9585 55.143 100
      vertex 33.7948 54.5686 100
    endloop
  endfacet
  facet normal -0 -0 1
    outer loop
      vertex 34.2457 52.1119 100
      vertex 35.1192 51.5718 100
      vertex 33.9649 52.5776 100
    endloop
  endfacet
  facet normal 0 0 1
    outer loop
      vertex 37.3668 55.0882 100
      vertex 33.7948 54.5686 100
      vertex 33.7402 53.873 100
    endloop
  endfacet
  facet normal 0 0 1
    outer loop
      vertex 35.1192 51.5718 100
      vertex 34.2457 52.1119 100
      vertex 34.6326 51.7743 100
    endloop
  endfacet
  facet normal 0 0 1
    outer loop
      vertex 41.978 51.8603 100
      vertex 38.9352 51.8603 100
      vertex 41.978 50.498 100
    endloop
  endfacet
  facet normal -0 0 1
    outer loop
      vertex 44.1426 52.8524 100
      vertex 49 27.1529 100
      vertex 49 140.064 100
    endloop
  endfacet
  facet normal -0 0 1
    outer loop
      vertex 44.1426 51.8603 100
      vertex 49 27.1529 100
      vertex 44.1426 52.8524 100
    endloop
  endfacet
  facet normal -0 0 1
    outer loop
      vertex 43.2502 50.498 100
      vertex 49 27.1529 100
      vertex 44.1426 51.8603 100
    endloop
  endfacet
  facet normal 0 0 1
    outer loop
      vertex 49 27.1529 100
      vertex 43.2502 50.498 100
      vertex 48.8611 27.0787 100
    endloop
  endfacet
  facet normal -0 0 1
    outer loop
      vertex 41.978 50.498 100
      vertex 48.8611 27.0787 100
      vertex 43.2502 50.498 100
    endloop
  endfacet
  facet normal 0 0 1
    outer loop
      vertex 48.8611 27.0787 100
      vertex 41.978 50.498 100
      vertex 48.4822 26.7678 100
    endloop
  endfacet
  facet normal -0 0 1
    outer loop
      vertex 36.3808 50.4555 100
      vertex 48.4822 26.7678 100
      vertex 41.978 50.498 100
    endloop
  endfacet
  facet normal 0 0 1
    outer loop
      vertex 49 140.064 100
      vertex 43.2502 57.1863 100
      vertex 44.1426 52.8524 100
    endloop
  endfacet
  facet normal 0 0 1
    outer loop
      vertex 49 140.064 100
      vertex 41.7597 57.1863 100
      vertex 43.2502 57.1863 100
    endloop
  endfacet
  facet normal -0 0 1
    outer loop
      vertex 36.3799 57.2335 100
      vertex 41.7597 57.1863 100
      vertex 49 140.064 100
    endloop
  endfacet
  facet normal 0 0 1
    outer loop
      vertex 38.9352 52.8619 100
      vertex 38.6864 52.316 100
      vertex 38.9352 51.8603 100
    endloop
  endfacet
  facet normal 0 0 1
    outer loop
      vertex 41.7597 57.1863 100
      vertex 38.601 55.4252 100
      vertex 38.9352 52.8619 100
    endloop
  endfacet
  facet normal -0 0 1
    outer loop
      vertex 37.3668 55.0882 100
      vertex 38.9352 52.8619 100
      vertex 38.601 55.4252 100
    endloop
  endfacet
  facet normal 0 0 1
    outer loop
      vertex 41.7597 57.1863 100
      vertex 38.3525 55.9866 100
      vertex 38.601 55.4252 100
    endloop
  endfacet
  facet normal 0 0 1
    outer loop
      vertex 41.7597 57.1863 100
      vertex 38.006 56.4494 100
      vertex 38.3525 55.9866 100
    endloop
  endfacet
  facet normal 0 0 1
    outer loop
      vertex 41.7597 57.1863 100
      vertex 37.5614 56.8136 100
      vertex 38.006 56.4494 100
    endloop
  endfacet
  facet normal 0 0 1
    outer loop
      vertex 41.7597 57.1863 100
      vertex 37.0192 57.076 100
      vertex 37.5614 56.8136 100
    endloop
  endfacet
  facet normal 0 0 1
    outer loop
      vertex 41.7597 57.1863 100
      vertex 36.3799 57.2335 100
      vertex 37.0192 57.076 100
    endloop
  endfacet
  facet normal 0 0 1
    outer loop
      vertex 49 140.064 100
      vertex 35.6436 57.286 100
      vertex 36.3799 57.2335 100
    endloop
  endfacet
  facet normal -0 0 1
    outer loop
      vertex 27 140.064 100
      vertex 35.6436 57.286 100
      vertex 49 140.064 100
    endloop
  endfacet
  facet normal 0 0 1
    outer loop
      vertex 35.6436 57.286 100
      vertex 27 140.064 100
      vertex 34.6526 57.1879 100
    endloop
  endfacet
  facet normal 0 0 1
    outer loop
      vertex 34.6526 57.1879 100
      vertex 27 140.064 100
      vertex 33.8314 56.8936 100
    endloop
  endfacet
  facet normal 0 0 1
    outer loop
      vertex 33.8314 56.8936 100
      vertex 27 140.064 100
      vertex 33.18 56.4031 100
    endloop
  endfacet
  facet normal 0 0 1
    outer loop
      vertex 33.18 56.4031 100
      vertex 27 140.064 100
      vertex 32.708 55.7295 100
    endloop
  endfacet
  facet normal 0 0 1
    outer loop
      vertex 27 27.1529 100
      vertex 32.3303 53.873 100
      vertex 32.4247 54.8862 100
    endloop
  endfacet
  facet normal 0 0 1
    outer loop
      vertex 32.3303 53.873 100
      vertex 28.202 25.4877 100
      vertex 28.25 25 100
    endloop
  endfacet
  facet normal 0 0 1
    outer loop
      vertex 32.3303 53.873 100
      vertex 28.0597 25.9567 100
      vertex 28.202 25.4877 100
    endloop
  endfacet
  facet normal 0 0 1
    outer loop
      vertex 32.3303 53.873 100
      vertex 27.8287 26.3889 100
      vertex 28.0597 25.9567 100
    endloop
  endfacet
  facet normal 0 0 1
    outer loop
      vertex 32.3303 53.873 100
      vertex 27.5178 26.7678 100
      vertex 27.8287 26.3889 100
    endloop
  endfacet
  facet normal 0 0 1
    outer loop
      vertex 32.3303 53.873 100
      vertex 27.1389 27.0787 100
      vertex 27.5178 26.7678 100
    endloop
  endfacet
  facet normal 0 0 1
    outer loop
      vertex 32.708 55.7295 100
      vertex 27 140.064 100
      vertex 32.4247 54.8862 100
    endloop
  endfacet
  facet normal 0 0 1
    outer loop
      vertex 27 27.1529 100
      vertex 32.4247 54.8862 100
      vertex 27 140.064 100
    endloop
  endfacet
  facet normal 0 0 1
    outer loop
      vertex 32.3303 53.873 100
      vertex 27 27.1529 100
      vertex 27.1389 27.0787 100
    endloop
  endfacet
  facet normal 0 0 1
    outer loop
      vertex 56.5 63.892 100
      vertex 51.5 27.1529 100
      vertex 51.6389 27.0787 100
    endloop
  endfacet
  facet normal 0 0 1
    outer loop
      vertex 44.1426 52.8524 100
      vertex 43.2502 57.1863 100
      vertex 43.2502 52.8524 100
    endloop
  endfacet
  facet normal 0 0 1
    outer loop
      vertex 51.5 142.564 100
      vertex 56.5 172.847 100
      vertex 56.3611 172.921 100
    endloop
  endfacet
  facet normal 0 0 1
    outer loop
      vertex 73.978 145.944 100
      vertex 70.9352 145.944 100
      vertex 73.978 144.582 100
    endloop
  endfacet
  facet normal -0 0 1
    outer loop
      vertex 98.2442 52.9679 100
      vertex 101.814 51.2875 100
      vertex 102.103 52.9679 100
    endloop
  endfacet
  facet normal 0 0 1
    outer loop
      vertex 101.814 51.2875 100
      vertex 98.2442 52.9679 100
      vertex 98.2442 51.2875 100
    endloop
  endfacet
  facet normal -0 0 1
    outer loop
      vertex 101.814 51.2875 100
      vertex 102.673 49.7258 100
      vertex 102.103 52.9679 100
    endloop
  endfacet
  facet normal -0 0 1
    outer loop
      vertex 101.814 50.2052 100
      vertex 102.673 49.7258 100
      vertex 101.814 51.2875 100
    endloop
  endfacet
  facet normal 0 0 1
    outer loop
      vertex 102.673 49.7258 100
      vertex 101.814 50.2052 100
      vertex 102.298 48.4441 100
    endloop
  endfacet
  facet normal 0 0 1
    outer loop
      vertex 98.2442 48.4441 100
      vertex 101.814 50.2052 100
      vertex 98.2442 50.2052 100
    endloop
  endfacet
  facet normal 0 0 1
    outer loop
      vertex 101.814 50.2052 100
      vertex 98.2442 48.4441 100
      vertex 102.298 48.4441 100
    endloop
  endfacet
  facet normal 0 0 1
    outer loop
      vertex 75.2502 151.27 100
      vertex 81 172.847 100
      vertex 80.8611 172.921 100
    endloop
  endfacet
  facet normal 0 0 1
    outer loop
      vertex 73.7597 151.27 100
      vertex 80.8611 172.921 100
      vertex 80.4822 173.232 100
    endloop
  endfacet
  facet normal 0 0 1
    outer loop
      vertex 59.5178 173.232 100
      vertex 80.4822 173.232 100
      vertex 80.1713 173.611 100
    endloop
  endfacet
  facet normal 0 0 1
    outer loop
      vertex 59.8287 173.611 100
      vertex 80.1713 173.611 100
      vertex 79.9403 174.043 100
    endloop
  endfacet
  facet normal 0 0 1
    outer loop
      vertex 60.0597 174.043 100
      vertex 79.9403 174.043 100
      vertex 79.798 174.512 100
    endloop
  endfacet
  facet normal 0 0 1
    outer loop
      vertex 60.202 174.512 100
      vertex 79.798 174.512 100
      vertex 79.75 175 100
    endloop
  endfacet
  facet normal 0 0 1
    outer loop
      vertex 81 172.847 100
      vertex 76.1426 146.937 100
      vertex 76.1426 145.944 100
    endloop
  endfacet
  facet normal 0 0 1
    outer loop
      vertex 81 172.847 100
      vertex 76.1426 145.944 100
      vertex 81 66.392 100
    endloop
  endfacet
  facet normal 0 0 1
    outer loop
      vertex 75.2502 144.582 100
      vertex 76.1426 145.944 100
      vertex 75.2502 145.944 100
    endloop
  endfacet
  facet normal 0 0 1
    outer loop
      vertex 76.1426 145.944 100
      vertex 75.2502 144.582 100
      vertex 81 66.392 100
    endloop
  endfacet
  facet normal -0 0 1
    outer loop
      vertex 73.978 144.582 100
      vertex 81 66.392 100
      vertex 75.2502 144.582 100
    endloop
  endfacet
  facet normal -0 0 1
    outer loop
      vertex 69.4472 145.303 100
      vertex 73.978 144.582 100
      vertex 70.9352 145.944 100
    endloop
  endfacet
  facet normal 0 0 1
    outer loop
      vertex 70.3636 146.713 100
      vertex 70.9352 146.946 100
      vertex 70.4989 147.315 100
    endloop
  endfacet
  facet normal 0 0 1
    outer loop
      vertex 70.9352 146.946 100
      vertex 70.3636 146.713 100
      vertex 70.9352 145.944 100
    endloop
  endfacet
  facet normal -0 0 1
    outer loop
      vertex 70.1381 146.17 100
      vertex 70.9352 145.944 100
      vertex 70.3636 146.713 100
    endloop
  endfacet
  facet normal 0 0 1
    outer loop
      vertex 69.8301 145.696 100
      vertex 70.9352 145.944 100
      vertex 70.1381 146.17 100
    endloop
  endfacet
  facet normal 0 0 1
    outer loop
      vertex 69.4472 145.303 100
      vertex 70.9352 145.944 100
      vertex 69.8301 145.696 100
    endloop
  endfacet
  facet normal 0 0 1
    outer loop
      vertex 73.978 144.582 100
      vertex 69.4472 145.303 100
      vertex 68.9894 144.99 100
    endloop
  endfacet
  facet normal -0 0 1
    outer loop
      vertex 68.4702 144.764 100
      vertex 73.978 144.582 100
      vertex 68.9894 144.99 100
    endloop
  endfacet
  facet normal -0 0 1
    outer loop
      vertex 67.9029 144.627 100
      vertex 73.978 144.582 100
      vertex 68.4702 144.764 100
    endloop
  endfacet
  facet normal 0 0 1
    outer loop
      vertex 73.978 144.582 100
      vertex 67.9029 144.627 100
      vertex 81 66.392 100
    endloop
  endfacet
  facet normal -0 0 1
    outer loop
      vertex 67.2876 144.582 100
      vertex 81 66.392 100
      vertex 67.9029 144.627 100
    endloop
  endfacet
  facet normal 0 0 1
    outer loop
      vertex 59 66.392 100
      vertex 67.2876 144.582 100
      vertex 64.5819 144.582 100
    endloop
  endfacet
  facet normal 0 0 1
    outer loop
      vertex 80.4822 173.232 100
      vertex 59.5178 173.232 100
      vertex 68.0445 151.176 100
    endloop
  endfacet
  facet normal 0 0 1
    outer loop
      vertex 68.0445 151.176 100
      vertex 59.5178 173.232 100
      vertex 67.0029 151.27 100
    endloop
  endfacet
  facet normal -0 0 1
    outer loop
      vertex 59.1389 172.921 100
      vertex 67.0029 151.27 100
      vertex 59.5178 173.232 100
    endloop
  endfacet
  facet normal 0 0 1
    outer loop
      vertex 67.0029 151.27 100
      vertex 59.1389 172.921 100
      vertex 64.5819 151.27 100
    endloop
  endfacet
  facet normal -0 0 1
    outer loop
      vertex 59 172.847 100
      vertex 64.5819 151.27 100
      vertex 59.1389 172.921 100
    endloop
  endfacet
  facet normal 0 0 1
    outer loop
      vertex 64.5819 151.27 100
      vertex 59 172.847 100
      vertex 64.5819 144.582 100
    endloop
  endfacet
  facet normal 0 0 1
    outer loop
      vertex 67.2876 144.582 100
      vertex 59 66.392 100
      vertex 81 66.392 100
    endloop
  endfacet
  facet normal 0 0 1
    outer loop
      vertex 59 66.392 100
      vertex 64.5819 144.582 100
      vertex 59 172.847 100
    endloop
  endfacet
  facet normal 0 0 1
    outer loop
      vertex 76.1426 146.937 100
      vertex 75.2502 151.27 100
      vertex 75.2502 146.937 100
    endloop
  endfacet
  facet normal 0 0 1
    outer loop
      vertex 105.716 48.7242 100
      vertex 102.673 48.7242 100
      vertex 105.716 47.3618 100
    endloop
  endfacet
  facet normal -0 0 1
    outer loop
      vertex 107.881 49.7163 100
      vertex 113 27.1529 100
      vertex 113 127.511 100
    endloop
  endfacet
  facet normal -0 0 1
    outer loop
      vertex 107.881 48.7242 100
      vertex 113 27.1529 100
      vertex 107.881 49.7163 100
    endloop
  endfacet
  facet normal -0 0 1
    outer loop
      vertex 106.988 47.3618 100
      vertex 113 27.1529 100
      vertex 107.881 48.7242 100
    endloop
  endfacet
  facet normal 0 0 1
    outer loop
      vertex 113 27.1529 100
      vertex 106.988 47.3618 100
      vertex 112.861 27.0787 100
    endloop
  endfacet
  facet normal -0 0 1
    outer loop
      vertex 105.716 47.3618 100
      vertex 112.861 27.0787 100
      vertex 106.988 47.3618 100
    endloop
  endfacet
  facet normal 0 0 1
    outer loop
      vertex 112.861 27.0787 100
      vertex 105.716 47.3618 100
      vertex 112.482 26.7678 100
    endloop
  endfacet
  facet normal -0 0 1
    outer loop
      vertex 102.298 47.3618 100
      vertex 112.482 26.7678 100
      vertex 105.716 47.3618 100
    endloop
  endfacet
  facet normal 0 0 1
    outer loop
      vertex 113 127.511 100
      vertex 106.988 54.0502 100
      vertex 107.881 49.7163 100
    endloop
  endfacet
  facet normal 0 0 1
    outer loop
      vertex 113 127.511 100
      vertex 105.498 54.0502 100
      vertex 106.988 54.0502 100
    endloop
  endfacet
  facet normal 0 0 1
    outer loop
      vertex 102.103 54.0502 100
      vertex 105.498 54.0502 100
      vertex 113 127.511 100
    endloop
  endfacet
  facet normal 0 0 1
    outer loop
      vertex 102.673 49.7258 100
      vertex 102.298 48.4441 100
      vertex 102.673 48.7242 100
    endloop
  endfacet
  facet normal 0 0 1
    outer loop
      vertex 102.103 52.9679 100
      vertex 105.498 54.0502 100
      vertex 102.103 54.0502 100
    endloop
  endfacet
  facet normal 0 0 1
    outer loop
      vertex 105.498 54.0502 100
      vertex 102.103 52.9679 100
      vertex 102.673 49.7258 100
    endloop
  endfacet
  facet normal -0 0 1
    outer loop
      vertex 91 127.511 100
      vertex 102.103 54.0502 100
      vertex 113 127.511 100
    endloop
  endfacet
  facet normal 0 0 1
    outer loop
      vertex 91 27.1529 100
      vertex 96.8438 47.3618 100
      vertex 96.8438 54.0502 100
    endloop
  endfacet
  facet normal 0 0 1
    outer loop
      vertex 96.8438 47.3618 100
      vertex 92.202 25.4877 100
      vertex 92.25 25 100
    endloop
  endfacet
  facet normal 0 0 1
    outer loop
      vertex 96.8438 47.3618 100
      vertex 92.0597 25.9567 100
      vertex 92.202 25.4877 100
    endloop
  endfacet
  facet normal 0 0 1
    outer loop
      vertex 96.8438 47.3618 100
      vertex 91.8287 26.3889 100
      vertex 92.0597 25.9567 100
    endloop
  endfacet
  facet normal 0 0 1
    outer loop
      vertex 96.8438 47.3618 100
      vertex 91.5178 26.7678 100
      vertex 91.8287 26.3889 100
    endloop
  endfacet
  facet normal 0 0 1
    outer loop
      vertex 96.8438 47.3618 100
      vertex 91.1389 27.0787 100
      vertex 91.5178 26.7678 100
    endloop
  endfacet
  facet normal 0 0 1
    outer loop
      vertex 102.103 54.0502 100
      vertex 91 127.511 100
      vertex 96.8438 54.0502 100
    endloop
  endfacet
  facet normal 0 0 1
    outer loop
      vertex 91 27.1529 100
      vertex 96.8438 54.0502 100
      vertex 91 127.511 100
    endloop
  endfacet
  facet normal 0 0 1
    outer loop
      vertex 96.8438 47.3618 100
      vertex 91 27.1529 100
      vertex 91.1389 27.0787 100
    endloop
  endfacet
  facet normal 0 0 1
    outer loop
      vertex 120.5 78.4971 100
      vertex 115.5 27.1529 100
      vertex 115.639 27.0787 100
    endloop
  endfacet
  facet normal 0 0 1
    outer loop
      vertex 107.881 49.7163 100
      vertex 106.988 54.0502 100
      vertex 106.988 49.7163 100
    endloop
  endfacet
  facet normal 0 0 1
    outer loop
      vertex 115.5 130.011 100
      vertex 120.5 172.847 100
      vertex 120.361 172.921 100
    endloop
  endfacet
  facet normal 0 0 1
    outer loop
      vertex 138.242 149.594 100
      vertex 135.199 149.594 100
      vertex 138.242 148.231 100
    endloop
  endfacet
  facet normal 0 0 1
    outer loop
      vertex 139.514 154.92 100
      vertex 145 172.847 100
      vertex 144.861 172.921 100
    endloop
  endfacet
  facet normal 0 0 1
    outer loop
      vertex 138.024 154.92 100
      vertex 144.861 172.921 100
      vertex 144.482 173.232 100
    endloop
  endfacet
  facet normal 0 0 1
    outer loop
      vertex 138.024 154.92 100
      vertex 144.482 173.232 100
      vertex 144.171 173.611 100
    endloop
  endfacet
  facet normal 0 0 1
    outer loop
      vertex 123.829 173.611 100
      vertex 144.171 173.611 100
      vertex 143.94 174.043 100
    endloop
  endfacet
  facet normal 0 0 1
    outer loop
      vertex 124.06 174.043 100
      vertex 143.94 174.043 100
      vertex 143.798 174.512 100
    endloop
  endfacet
  facet normal 0 0 1
    outer loop
      vertex 124.202 174.512 100
      vertex 143.798 174.512 100
      vertex 143.75 175 100
    endloop
  endfacet
  facet normal 0 0 1
    outer loop
      vertex 145 172.847 100
      vertex 140.407 150.586 100
      vertex 140.407 149.594 100
    endloop
  endfacet
  facet normal 0 0 1
    outer loop
      vertex 145 172.847 100
      vertex 140.407 149.594 100
      vertex 145 80.9971 100
    endloop
  endfacet
  facet normal 0 0 1
    outer loop
      vertex 139.514 148.231 100
      vertex 140.407 149.594 100
      vertex 139.514 149.594 100
    endloop
  endfacet
  facet normal 0 0 1
    outer loop
      vertex 140.407 149.594 100
      vertex 139.514 148.231 100
      vertex 145 80.9971 100
    endloop
  endfacet
  facet normal -0 0 1
    outer loop
      vertex 138.242 148.231 100
      vertex 145 80.9971 100
      vertex 139.514 148.231 100
    endloop
  endfacet
  facet normal -0 0 1
    outer loop
      vertex 134.236 148.962 100
      vertex 138.242 148.231 100
      vertex 135.199 149.594 100
    endloop
  endfacet
  facet normal 0 0 1
    outer loop
      vertex 135.199 150.595 100
      vertex 134.626 149.299 100
      vertex 135.199 149.594 100
    endloop
  endfacet
  facet normal 0 0 1
    outer loop
      vertex 134.236 148.962 100
      vertex 135.199 149.594 100
      vertex 134.626 149.299 100
    endloop
  endfacet
  facet normal -0 0 1
    outer loop
      vertex 133.775 148.677 100
      vertex 138.242 148.231 100
      vertex 134.236 148.962 100
    endloop
  endfacet
  facet normal -0 0 1
    outer loop
      vertex 133.243 148.445 100
      vertex 138.242 148.231 100
      vertex 133.775 148.677 100
    endloop
  endfacet
  facet normal -0 0 1
    outer loop
      vertex 132.665 148.273 100
      vertex 138.242 148.231 100
      vertex 133.243 148.445 100
    endloop
  endfacet
  facet normal 0 0 1
    outer loop
      vertex 132.07 148.171 100
      vertex 138.242 148.231 100
      vertex 132.665 148.273 100
    endloop
  endfacet
  facet normal 0 0 1
    outer loop
      vertex 138.242 148.231 100
      vertex 132.07 148.171 100
      vertex 145 80.9971 100
    endloop
  endfacet
  facet normal -0 0 1
    outer loop
      vertex 131.455 148.136 100
      vertex 145 80.9971 100
      vertex 132.07 148.171 100
    endloop
  endfacet
  facet normal 0 0 1
    outer loop
      vertex 123 80.9971 100
      vertex 131.455 148.136 100
      vertex 130.451 148.237 100
    endloop
  endfacet
  facet normal 0 0 1
    outer loop
      vertex 123 80.9971 100
      vertex 130.451 148.237 100
      vertex 129.614 148.538 100
    endloop
  endfacet
  facet normal 0 0 1
    outer loop
      vertex 123 80.9971 100
      vertex 129.614 148.538 100
      vertex 128.944 149.041 100
    endloop
  endfacet
  facet normal 0 0 1
    outer loop
      vertex 123 80.9971 100
      vertex 128.944 149.041 100
      vertex 128.456 149.727 100
    endloop
  endfacet
  facet normal 0 0 1
    outer loop
      vertex 123 80.9971 100
      vertex 128.456 149.727 100
      vertex 128.164 150.583 100
    endloop
  endfacet
  facet normal -0 0 1
    outer loop
      vertex 123 172.847 100
      vertex 130.47 154.921 100
      vertex 123.139 172.921 100
    endloop
  endfacet
  facet normal 0 0 1
    outer loop
      vertex 130.47 154.921 100
      vertex 123 172.847 100
      vertex 129.624 154.628 100
    endloop
  endfacet
  facet normal 0 0 1
    outer loop
      vertex 129.624 154.628 100
      vertex 123 172.847 100
      vertex 128.949 154.139 100
    endloop
  endfacet
  facet normal 0 0 1
    outer loop
      vertex 128.949 154.139 100
      vertex 123 172.847 100
      vertex 128.458 153.466 100
    endloop
  endfacet
  facet normal 0 0 1
    outer loop
      vertex 128.458 153.466 100
      vertex 123 172.847 100
      vertex 128.164 152.622 100
    endloop
  endfacet
  facet normal 0 0 1
    outer loop
      vertex 128.164 152.622 100
      vertex 123 172.847 100
      vertex 128.066 151.606 100
    endloop
  endfacet
  facet normal 0 0 1
    outer loop
      vertex 128.066 151.606 100
      vertex 123 172.847 100
      vertex 128.164 150.583 100
    endloop
  endfacet
  facet normal 0 0 1
    outer loop
      vertex 131.455 148.136 100
      vertex 123 80.9971 100
      vertex 145 80.9971 100
    endloop
  endfacet
  facet normal 0 0 1
    outer loop
      vertex 123 80.9971 100
      vertex 128.164 150.583 100
      vertex 123 172.847 100
    endloop
  endfacet
  facet normal 0 0 1
    outer loop
      vertex 140.407 150.586 100
      vertex 139.514 154.92 100
      vertex 139.514 150.586 100
    endloop
  endfacet
  facet normal -0 0 1
    outer loop
      vertex 133.193 152.888 100
      vertex 134.626 151.758 100
      vertex 134.484 153.277 100
    endloop
  endfacet
  facet normal 0 0 1
    outer loop
      vertex 131.712 151.758 100
      vertex 133.027 153.199 100
      vertex 132.809 153.455 100
    endloop
  endfacet
  facet normal 0 0 1
    outer loop
      vertex 131.712 151.758 100
      vertex 132.809 153.455 100
      vertex 132.538 153.657 100
    endloop
  endfacet
  facet normal 0 0 1
    outer loop
      vertex 131.712 151.758 100
      vertex 132.538 153.657 100
      vertex 132.223 153.802 100
    endloop
  endfacet
  facet normal 0 0 1
    outer loop
      vertex 131.712 151.758 100
      vertex 132.223 153.802 100
      vertex 131.873 153.889 100
    endloop
  endfacet
  facet normal 0 0 1
    outer loop
      vertex 133.027 153.199 100
      vertex 131.712 151.758 100
      vertex 133.193 152.888 100
    endloop
  endfacet
  facet normal 0 0 1
    outer loop
      vertex 133.193 152.888 100
      vertex 131.712 151.758 100
      vertex 134.626 151.758 100
    endloop
  endfacet
  facet normal -0 0 1
    outer loop
      vertex 129.535 150.907 100
      vertex 131.712 150.723 100
      vertex 131.712 151.758 100
    endloop
  endfacet
  facet normal 0 0 1
    outer loop
      vertex 131.489 153.918 100
      vertex 131.712 151.758 100
      vertex 131.873 153.889 100
    endloop
  endfacet
  facet normal -0 0 1
    outer loop
      vertex 130.883 153.851 100
      vertex 131.712 151.758 100
      vertex 131.489 153.918 100
    endloop
  endfacet
  facet normal 0 -0 1
    outer loop
      vertex 129.535 150.907 100
      vertex 131.712 151.758 100
      vertex 129.476 151.606 100
    endloop
  endfacet
  facet normal -0 0 1
    outer loop
      vertex 130.383 153.652 100
      vertex 131.712 151.758 100
      vertex 130.883 153.851 100
    endloop
  endfacet
  facet normal 0 0 1
    outer loop
      vertex 131.712 150.723 100
      vertex 129.535 150.907 100
      vertex 129.711 150.322 100
    endloop
  endfacet
  facet normal -0 0 1
    outer loop
      vertex 129.989 153.32 100
      vertex 131.712 151.758 100
      vertex 130.383 153.652 100
    endloop
  endfacet
  facet normal 0 0 1
    outer loop
      vertex 131.712 150.723 100
      vertex 129.711 150.322 100
      vertex 130.005 149.852 100
    endloop
  endfacet
  facet normal 0 0 1
    outer loop
      vertex 131.712 151.758 100
      vertex 129.989 153.32 100
      vertex 129.704 152.864 100
    endloop
  endfacet
  facet normal 0 0 1
    outer loop
      vertex 131.712 150.723 100
      vertex 130.902 149.302 100
      vertex 131.493 149.233 100
    endloop
  endfacet
  facet normal 0 0 1
    outer loop
      vertex 131.712 151.758 100
      vertex 129.704 152.864 100
      vertex 129.533 152.292 100
    endloop
  endfacet
  facet normal 0 0 1
    outer loop
      vertex 131.712 150.723 100
      vertex 130.005 149.852 100
      vertex 130.406 149.508 100
    endloop
  endfacet
  facet normal 0 0 1
    outer loop
      vertex 131.712 151.758 100
      vertex 129.533 152.292 100
      vertex 129.476 151.606 100
    endloop
  endfacet
  facet normal 0 0 1
    outer loop
      vertex 131.712 150.723 100
      vertex 130.406 149.508 100
      vertex 130.902 149.302 100
    endloop
  endfacet
  facet normal 0 0 1
    outer loop
      vertex 133.345 150.723 100
      vertex 133.132 149.643 100
      vertex 133.345 149.798 100
    endloop
  endfacet
  facet normal 0 0 1
    outer loop
      vertex 133.345 150.723 100
      vertex 132.868 149.508 100
      vertex 133.132 149.643 100
    endloop
  endfacet
  facet normal -0 0 1
    outer loop
      vertex 131.712 150.723 100
      vertex 132.868 149.508 100
      vertex 133.345 150.723 100
    endloop
  endfacet
  facet normal 0 0 1
    outer loop
      vertex 132.868 149.508 100
      vertex 131.712 150.723 100
      vertex 132.552 149.392 100
    endloop
  endfacet
  facet normal 0 0 1
    outer loop
      vertex 132.552 149.392 100
      vertex 131.712 150.723 100
      vertex 132.206 149.303 100
    endloop
  endfacet
  facet normal 0 0 1
    outer loop
      vertex 132.206 149.303 100
      vertex 131.712 150.723 100
      vertex 131.854 149.25 100
    endloop
  endfacet
  facet normal 0 0 1
    outer loop
      vertex 131.854 149.25 100
      vertex 131.712 150.723 100
      vertex 131.493 149.233 100
    endloop
  endfacet
  facet normal 0 0 1
    outer loop
      vertex 169.978 45.2783 100
      vertex 166.935 45.2783 100
      vertex 169.978 43.9159 100
    endloop
  endfacet
  facet normal -0 0 1
    outer loop
      vertex 172.143 46.2704 100
      vertex 177 27.1529 100
      vertex 177 113.727 100
    endloop
  endfacet
  facet normal -0 0 1
    outer loop
      vertex 172.143 45.2783 100
      vertex 177 27.1529 100
      vertex 172.143 46.2704 100
    endloop
  endfacet
  facet normal -0 0 1
    outer loop
      vertex 171.25 43.9159 100
      vertex 177 27.1529 100
      vertex 172.143 45.2783 100
    endloop
  endfacet
  facet normal 0 0 1
    outer loop
      vertex 177 27.1529 100
      vertex 171.25 43.9159 100
      vertex 176.861 27.0787 100
    endloop
  endfacet
  facet normal 0 0 1
    outer loop
      vertex 176.861 27.0787 100
      vertex 171.25 43.9159 100
      vertex 176.482 26.7678 100
    endloop
  endfacet
  facet normal -0 0 1
    outer loop
      vertex 169.978 43.9159 100
      vertex 176.482 26.7678 100
      vertex 171.25 43.9159 100
    endloop
  endfacet
  facet normal -0 0 1
    outer loop
      vertex 166.696 43.9159 100
      vertex 176.482 26.7678 100
      vertex 169.978 43.9159 100
    endloop
  endfacet
  facet normal 0 0 1
    outer loop
      vertex 177 113.727 100
      vertex 171.25 50.6043 100
      vertex 172.143 46.2704 100
    endloop
  endfacet
  facet normal 0 0 1
    outer loop
      vertex 177 113.727 100
      vertex 169.76 50.6043 100
      vertex 171.25 50.6043 100
    endloop
  endfacet
  facet normal 0 0 1
    outer loop
      vertex 164.266 50.6043 100
      vertex 169.76 50.6043 100
      vertex 177 113.727 100
    endloop
  endfacet
  facet normal 0 0 1
    outer loop
      vertex 164.266 50.6043 100
      vertex 166.935 45.2783 100
      vertex 166.935 46.2799 100
    endloop
  endfacet
  facet normal 0 0 1
    outer loop
      vertex 166.935 45.2783 100
      vertex 164.266 50.6043 100
      vertex 166.696 43.9159 100
    endloop
  endfacet
  facet normal 0 0 1
    outer loop
      vertex 169.76 50.6043 100
      vertex 164.266 50.6043 100
      vertex 166.935 46.2799 100
    endloop
  endfacet
  facet normal -0 0 1
    outer loop
      vertex 155 113.727 100
      vertex 164.266 50.6043 100
      vertex 177 113.727 100
    endloop
  endfacet
  facet normal 0 0 1
    outer loop
      vertex 164.266 50.6043 100
      vertex 155 113.727 100
      vertex 162.614 50.6043 100
    endloop
  endfacet
  facet normal 0 0 1
    outer loop
      vertex 175.75 25 100
      vertex 156.202 25.4877 100
      vertex 156.25 25 100
    endloop
  endfacet
  facet normal 0 0 1
    outer loop
      vertex 161.574 43.9159 100
      vertex 156.06 25.9567 100
      vertex 156.202 25.4877 100
    endloop
  endfacet
  facet normal 0 0 1
    outer loop
      vertex 161.574 43.9159 100
      vertex 155.829 26.3889 100
      vertex 156.06 25.9567 100
    endloop
  endfacet
  facet normal 0 0 1
    outer loop
      vertex 162.614 50.6043 100
      vertex 155 113.727 100
      vertex 160.174 43.9159 100
    endloop
  endfacet
  facet normal 0 0 1
    outer loop
      vertex 161.574 43.9159 100
      vertex 155.518 26.7678 100
      vertex 155.829 26.3889 100
    endloop
  endfacet
  facet normal 0 0 1
    outer loop
      vertex 161.574 43.9159 100
      vertex 155.139 27.0787 100
      vertex 155.518 26.7678 100
    endloop
  endfacet
  facet normal 0 0 1
    outer loop
      vertex 160.174 43.9159 100
      vertex 155 113.727 100
      vertex 155 27.1529 100
    endloop
  endfacet
  facet normal 0 0 1
    outer loop
      vertex 160.174 43.9159 100
      vertex 155 27.1529 100
      vertex 155.139 27.0787 100
    endloop
  endfacet
  facet normal 0 0 1
    outer loop
      vertex 184.5 91.1365 100
      vertex 179.5 27.1529 100
      vertex 179.639 27.0787 100
    endloop
  endfacet
  facet normal 0 0 1
    outer loop
      vertex 172.143 46.2704 100
      vertex 171.25 50.6043 100
      vertex 171.25 46.2704 100
    endloop
  endfacet
  facet normal 0 0 1
    outer loop
      vertex 179.5 116.227 100
      vertex 184.5 172.847 100
      vertex 184.361 172.921 100
    endloop
  endfacet
  facet normal -0 0 1
    outer loop
      vertex 235.535 47.6697 100
      vertex 241 27.1529 100
      vertex 241 101.797 100
    endloop
  endfacet
  facet normal -0 -0 1
    outer loop
      vertex 235.861 43.8406 100
      vertex 241 27.1529 100
      vertex 235.535 47.6697 100
    endloop
  endfacet
  facet normal -0 -0 1
    outer loop
      vertex 235.924 43.2077 100
      vertex 241 27.1529 100
      vertex 235.861 43.8406 100
    endloop
  endfacet
  facet normal -0 0 1
    outer loop
      vertex 235.851 42.5471 100
      vertex 241 27.1529 100
      vertex 235.924 43.2077 100
    endloop
  endfacet
  facet normal -0 0 1
    outer loop
      vertex 235.63 41.983 100
      vertex 241 27.1529 100
      vertex 235.851 42.5471 100
    endloop
  endfacet
  facet normal -0 0 1
    outer loop
      vertex 235.262 41.5154 100
      vertex 241 27.1529 100
      vertex 235.63 41.983 100
    endloop
  endfacet
  facet normal -0 0 1
    outer loop
      vertex 234.766 41.166 100
      vertex 241 27.1529 100
      vertex 235.262 41.5154 100
    endloop
  endfacet
  facet normal -0 0 1
    outer loop
      vertex 234.161 40.9564 100
      vertex 240.861 27.0787 100
      vertex 234.766 41.166 100
    endloop
  endfacet
  facet normal 0 0 1
    outer loop
      vertex 241 27.1529 100
      vertex 234.766 41.166 100
      vertex 240.861 27.0787 100
    endloop
  endfacet
  facet normal -0 0 1
    outer loop
      vertex 235.535 46.6776 100
      vertex 235.861 43.8406 100
      vertex 235.535 47.6697 100
    endloop
  endfacet
  facet normal 0 0 1
    outer loop
      vertex 241 101.797 100
      vertex 231.514 47.6697 100
      vertex 235.535 47.6697 100
    endloop
  endfacet
  facet normal -0 0 1
    outer loop
      vertex 230.441 45.3535 100
      vertex 231.282 43.9055 100
      vertex 231.514 47.6697 100
    endloop
  endfacet
  facet normal 0 0 1
    outer loop
      vertex 230.499 43.7148 100
      vertex 231.282 43.9055 100
      vertex 230.544 44.3754 100
    endloop
  endfacet
  facet normal -0 0 1
    outer loop
      vertex 219 101.797 100
      vertex 231.514 47.6697 100
      vertex 241 101.797 100
    endloop
  endfacet
  facet normal 0 0 1
    outer loop
      vertex 231.282 43.9055 100
      vertex 230.441 45.3535 100
      vertex 230.544 44.3754 100
    endloop
  endfacet
  facet normal 0 0 1
    outer loop
      vertex 231.514 47.6697 100
      vertex 230.133 46.1676 100
      vertex 230.441 45.3535 100
    endloop
  endfacet
  facet normal 0 0 1
    outer loop
      vertex 231.514 47.6697 100
      vertex 229.618 46.8176 100
      vertex 230.133 46.1676 100
    endloop
  endfacet
  facet normal 0 0 1
    outer loop
      vertex 231.514 47.6697 100
      vertex 228.916 47.291 100
      vertex 229.618 46.8176 100
    endloop
  endfacet
  facet normal 0 0 1
    outer loop
      vertex 231.514 47.6697 100
      vertex 228.045 47.5751 100
      vertex 228.916 47.291 100
    endloop
  endfacet
  facet normal 0 0 1
    outer loop
      vertex 231.514 47.6697 100
      vertex 227.003 47.6697 100
      vertex 228.045 47.5751 100
    endloop
  endfacet
  facet normal 0 0 1
    outer loop
      vertex 231.514 47.6697 100
      vertex 219 101.797 100
      vertex 227.003 47.6697 100
    endloop
  endfacet
  facet normal 0 0 1
    outer loop
      vertex 219 27.1529 100
      vertex 224.582 40.9814 100
      vertex 224.582 47.6697 100
    endloop
  endfacet
  facet normal 0 0 1
    outer loop
      vertex 224.582 40.9814 100
      vertex 220.202 25.4877 100
      vertex 220.25 25 100
    endloop
  endfacet
  facet normal 0 0 1
    outer loop
      vertex 224.582 40.9814 100
      vertex 220.06 25.9567 100
      vertex 220.202 25.4877 100
    endloop
  endfacet
  facet normal 0 0 1
    outer loop
      vertex 224.582 40.9814 100
      vertex 219.829 26.3889 100
      vertex 220.06 25.9567 100
    endloop
  endfacet
  facet normal 0 0 1
    outer loop
      vertex 224.582 40.9814 100
      vertex 219.518 26.7678 100
      vertex 219.829 26.3889 100
    endloop
  endfacet
  facet normal 0 0 1
    outer loop
      vertex 224.582 40.9814 100
      vertex 219.139 27.0787 100
      vertex 219.518 26.7678 100
    endloop
  endfacet
  facet normal 0 0 1
    outer loop
      vertex 227.003 47.6697 100
      vertex 219 101.797 100
      vertex 224.582 47.6697 100
    endloop
  endfacet
  facet normal 0 0 1
    outer loop
      vertex 219 27.1529 100
      vertex 224.582 47.6697 100
      vertex 219 101.797 100
    endloop
  endfacet
  facet normal 0 0 1
    outer loop
      vertex 224.582 40.9814 100
      vertex 219 27.1529 100
      vertex 219.139 27.0787 100
    endloop
  endfacet
  facet normal 0 0 1
    outer loop
      vertex 248.5 100.013 100
      vertex 243.5 27.1529 100
      vertex 243.639 27.0787 100
    endloop
  endfacet
  facet normal 0 0 1
    outer loop
      vertex 235.861 43.8406 100
      vertex 235.535 46.6776 100
      vertex 235.67 44.3786 100
    endloop
  endfacet
  facet normal 0 0 1
    outer loop
      vertex 235.535 46.6776 100
      vertex 235.352 44.8216 100
      vertex 235.67 44.3786 100
    endloop
  endfacet
  facet normal 0 0 1
    outer loop
      vertex 235.535 46.6776 100
      vertex 234.928 45.1512 100
      vertex 235.352 44.8216 100
    endloop
  endfacet
  facet normal 0 0 1
    outer loop
      vertex 235.535 46.6776 100
      vertex 234.42 45.349 100
      vertex 234.928 45.1512 100
    endloop
  endfacet
  facet normal 0 0 1
    outer loop
      vertex 235.535 46.6776 100
      vertex 233.826 45.415 100
      vertex 234.42 45.349 100
    endloop
  endfacet
  facet normal -0 0 1
    outer loop
      vertex 232.725 46.6776 100
      vertex 233.826 45.415 100
      vertex 235.535 46.6776 100
    endloop
  endfacet
  facet normal 0 0 1
    outer loop
      vertex 233.826 45.415 100
      vertex 232.725 46.6776 100
      vertex 233.369 45.3675 100
    endloop
  endfacet
  facet normal 0 0 1
    outer loop
      vertex 233.369 45.3675 100
      vertex 232.725 46.6776 100
      vertex 232.965 45.2251 100
    endloop
  endfacet
  facet normal 0 0 1
    outer loop
      vertex 232.965 45.2251 100
      vertex 232.725 46.6776 100
      vertex 232.616 44.9878 100
    endloop
  endfacet
  facet normal 0 0 1
    outer loop
      vertex 232.582 43.9055 100
      vertex 234.552 43.1792 100
      vertex 234.521 43.507 100
    endloop
  endfacet
  facet normal 0 0 1
    outer loop
      vertex 233.489 44.3374 100
      vertex 234.521 43.507 100
      vertex 234.428 43.7878 100
    endloop
  endfacet
  facet normal 0 0 1
    outer loop
      vertex 234.552 43.1792 100
      vertex 232.421 42.7615 100
      vertex 234.519 42.8116 100
    endloop
  endfacet
  facet normal 0 0 1
    outer loop
      vertex 233.8 44.3023 100
      vertex 234.428 43.7878 100
      vertex 234.272 44.0217 100
    endloop
  endfacet
  facet normal 0 -0 1
    outer loop
      vertex 233.461 41.945 100
      vertex 234.519 42.8116 100
      vertex 232.421 42.7615 100
    endloop
  endfacet
  facet normal 0 0 1
    outer loop
      vertex 233.8 44.3023 100
      vertex 234.272 44.0217 100
      vertex 234.061 44.1971 100
    endloop
  endfacet
  facet normal 0 0 1
    outer loop
      vertex 234.519 42.8116 100
      vertex 233.461 41.945 100
      vertex 234.421 42.5062 100
    endloop
  endfacet
  facet normal 0 0 1
    outer loop
      vertex 234.428 43.7878 100
      vertex 233.8 44.3023 100
      vertex 233.489 44.3374 100
    endloop
  endfacet
  facet normal 0 -0 1
    outer loop
      vertex 233.77 41.9803 100
      vertex 234.421 42.5062 100
      vertex 233.461 41.945 100
    endloop
  endfacet
  facet normal -0 0 1
    outer loop
      vertex 233.141 44.2894 100
      vertex 234.521 43.507 100
      vertex 233.489 44.3374 100
    endloop
  endfacet
  facet normal 0 0 1
    outer loop
      vertex 234.256 42.263 100
      vertex 233.77 41.9803 100
      vertex 234.036 42.0863 100
    endloop
  endfacet
  facet normal 0 0 1
    outer loop
      vertex 234.421 42.5062 100
      vertex 233.77 41.9803 100
      vertex 234.256 42.263 100
    endloop
  endfacet
  facet normal -0 0 1
    outer loop
      vertex 232.839 44.1454 100
      vertex 234.521 43.507 100
      vertex 233.141 44.2894 100
    endloop
  endfacet
  facet normal 0 0 1
    outer loop
      vertex 233.461 41.945 100
      vertex 232.421 42.7615 100
      vertex 233.207 41.9666 100
    endloop
  endfacet
  facet normal -0 0 1
    outer loop
      vertex 232.582 43.9055 100
      vertex 234.521 43.507 100
      vertex 232.839 44.1454 100
    endloop
  endfacet
  facet normal -0 -0 1
    outer loop
      vertex 232.509 42.5025 100
      vertex 233.207 41.9666 100
      vertex 232.421 42.7615 100
    endloop
  endfacet
  facet normal 0 0 1
    outer loop
      vertex 233.207 41.9666 100
      vertex 232.509 42.5025 100
      vertex 232.984 42.0315 100
    endloop
  endfacet
  facet normal 0 0 1
    outer loop
      vertex 234.552 43.1792 100
      vertex 232.582 43.9055 100
      vertex 232.421 42.7615 100
    endloop
  endfacet
  facet normal 0 0 1
    outer loop
      vertex 232.984 42.0315 100
      vertex 232.509 42.5025 100
      vertex 232.791 42.1396 100
    endloop
  endfacet
  facet normal 0 0 1
    outer loop
      vertex 232.791 42.1396 100
      vertex 232.509 42.5025 100
      vertex 232.632 42.2952 100
    endloop
  endfacet
  facet normal -0 0 1
    outer loop
      vertex 231.282 43.9055 100
      vertex 232.421 42.7615 100
      vertex 232.582 43.9055 100
    endloop
  endfacet
  facet normal 0 0 1
    outer loop
      vertex 232.421 42.7615 100
      vertex 231.282 43.9055 100
      vertex 231.087 42.6523 100
    endloop
  endfacet
  facet normal 0 0 1
    outer loop
      vertex 203.535 158.079 100
      vertex 209 172.847 100
      vertex 208.861 172.921 100
    endloop
  endfacet
  facet normal 0 0 1
    outer loop
      vertex 203.535 158.079 100
      vertex 208.861 172.921 100
      vertex 208.482 173.232 100
    endloop
  endfacet
  facet normal 0 0 1
    outer loop
      vertex 199.514 158.079 100
      vertex 208.482 173.232 100
      vertex 208.171 173.611 100
    endloop
  endfacet
  facet normal 0 0 1
    outer loop
      vertex 199.514 158.079 100
      vertex 208.171 173.611 100
      vertex 207.94 174.043 100
    endloop
  endfacet
  facet normal 0 0 1
    outer loop
      vertex 188.06 174.043 100
      vertex 207.94 174.043 100
      vertex 207.798 174.512 100
    endloop
  endfacet
  facet normal 0 0 1
    outer loop
      vertex 188.202 174.512 100
      vertex 207.798 174.512 100
      vertex 207.75 175 100
    endloop
  endfacet
  facet normal 0 0 1
    outer loop
      vertex 209 172.847 100
      vertex 203.924 153.617 100
      vertex 203.851 152.957 100
    endloop
  endfacet
  facet normal 0 0 1
    outer loop
      vertex 209 172.847 100
      vertex 203.851 152.957 100
      vertex 209 93.6365 100
    endloop
  endfacet
  facet normal -0 0 1
    outer loop
      vertex 203.63 152.393 100
      vertex 209 93.6365 100
      vertex 203.851 152.957 100
    endloop
  endfacet
  facet normal -0 0 1
    outer loop
      vertex 203.262 151.925 100
      vertex 209 93.6365 100
      vertex 203.63 152.393 100
    endloop
  endfacet
  facet normal -0 0 1
    outer loop
      vertex 202.766 151.576 100
      vertex 209 93.6365 100
      vertex 203.262 151.925 100
    endloop
  endfacet
  facet normal -0 0 1
    outer loop
      vertex 202.161 151.366 100
      vertex 209 93.6365 100
      vertex 202.766 151.576 100
    endloop
  endfacet
  facet normal -0 0 1
    outer loop
      vertex 201.446 151.296 100
      vertex 209 93.6365 100
      vertex 202.161 151.366 100
    endloop
  endfacet
  facet normal 0 0 1
    outer loop
      vertex 200.82 151.346 100
      vertex 209 93.6365 100
      vertex 201.446 151.296 100
    endloop
  endfacet
  facet normal 0 0 1
    outer loop
      vertex 196.989 151.506 100
      vertex 200.82 151.346 100
      vertex 200.283 151.498 100
    endloop
  endfacet
  facet normal 0 0 1
    outer loop
      vertex 197.531 151.768 100
      vertex 200.283 151.498 100
      vertex 199.835 151.749 100
    endloop
  endfacet
  facet normal 0 0 1
    outer loop
      vertex 197.998 152.138 100
      vertex 199.835 151.749 100
      vertex 199.483 152.097 100
    endloop
  endfacet
  facet normal 0 0 1
    outer loop
      vertex 198.383 152.619 100
      vertex 199.483 152.097 100
      vertex 199.234 152.534 100
    endloop
  endfacet
  facet normal -0 0 1
    outer loop
      vertex 198.383 152.619 100
      vertex 199.234 152.534 100
      vertex 199.087 153.062 100
    endloop
  endfacet
  facet normal 0 0 1
    outer loop
      vertex 198.383 152.619 100
      vertex 199.087 153.062 100
      vertex 198.686 153.209 100
    endloop
  endfacet
  facet normal 0 0 1
    outer loop
      vertex 199.483 152.097 100
      vertex 198.383 152.619 100
      vertex 197.998 152.138 100
    endloop
  endfacet
  facet normal 0 0 1
    outer loop
      vertex 199.835 151.749 100
      vertex 197.998 152.138 100
      vertex 197.531 151.768 100
    endloop
  endfacet
  facet normal 0 0 1
    outer loop
      vertex 200.283 151.498 100
      vertex 197.531 151.768 100
      vertex 196.989 151.506 100
    endloop
  endfacet
  facet normal 0 0 1
    outer loop
      vertex 200.82 151.346 100
      vertex 196.989 151.506 100
      vertex 196.381 151.349 100
    endloop
  endfacet
  facet normal 0 0 1
    outer loop
      vertex 200.82 151.346 100
      vertex 196.381 151.349 100
      vertex 209 93.6365 100
    endloop
  endfacet
  facet normal -0 0 1
    outer loop
      vertex 195.705 151.296 100
      vertex 209 93.6365 100
      vertex 196.381 151.349 100
    endloop
  endfacet
  facet normal 0 0 1
    outer loop
      vertex 187 93.6365 100
      vertex 195.705 151.296 100
      vertex 194.711 151.398 100
    endloop
  endfacet
  facet normal 0 0 1
    outer loop
      vertex 187 93.6365 100
      vertex 194.711 151.398 100
      vertex 193.879 151.702 100
    endloop
  endfacet
  facet normal 0 0 1
    outer loop
      vertex 187 93.6365 100
      vertex 193.879 151.702 100
      vertex 193.211 152.21 100
    endloop
  endfacet
  facet normal 0 0 1
    outer loop
      vertex 187 93.6365 100
      vertex 193.211 152.21 100
      vertex 192.722 152.9 100
    endloop
  endfacet
  facet normal 0 0 1
    outer loop
      vertex 187 93.6365 100
      vertex 192.722 152.9 100
      vertex 192.428 153.752 100
    endloop
  endfacet
  facet normal 0 0 1
    outer loop
      vertex 194.653 158.081 100
      vertex 187.139 172.921 100
      vertex 193.831 157.787 100
    endloop
  endfacet
  facet normal -0 0 1
    outer loop
      vertex 187 172.847 100
      vertex 193.831 157.787 100
      vertex 187.139 172.921 100
    endloop
  endfacet
  facet normal 0 0 1
    outer loop
      vertex 193.831 157.787 100
      vertex 187 172.847 100
      vertex 193.18 157.296 100
    endloop
  endfacet
  facet normal 0 0 1
    outer loop
      vertex 193.18 157.296 100
      vertex 187 172.847 100
      vertex 192.708 156.623 100
    endloop
  endfacet
  facet normal 0 0 1
    outer loop
      vertex 192.708 156.623 100
      vertex 187 172.847 100
      vertex 192.425 155.779 100
    endloop
  endfacet
  facet normal 0 0 1
    outer loop
      vertex 192.425 155.779 100
      vertex 187 172.847 100
      vertex 192.33 154.766 100
    endloop
  endfacet
  facet normal 0 0 1
    outer loop
      vertex 192.33 154.766 100
      vertex 187 172.847 100
      vertex 192.428 153.752 100
    endloop
  endfacet
  facet normal 0 0 1
    outer loop
      vertex 187 93.6365 100
      vertex 192.428 153.752 100
      vertex 187 172.847 100
    endloop
  endfacet
  facet normal 0 0 1
    outer loop
      vertex 195.705 151.296 100
      vertex 187 93.6365 100
      vertex 209 93.6365 100
    endloop
  endfacet
  facet normal 0 0 1
    outer loop
      vertex 203.861 154.25 100
      vertex 203.535 157.087 100
      vertex 203.67 154.788 100
    endloop
  endfacet
  facet normal 0 0 1
    outer loop
      vertex 203.535 157.087 100
      vertex 203.352 155.231 100
      vertex 203.67 154.788 100
    endloop
  endfacet
  facet normal 0 0 1
    outer loop
      vertex 203.535 157.087 100
      vertex 202.928 155.561 100
      vertex 203.352 155.231 100
    endloop
  endfacet
  facet normal 0 0 1
    outer loop
      vertex 203.535 157.087 100
      vertex 202.42 155.759 100
      vertex 202.928 155.561 100
    endloop
  endfacet
  facet normal 0 0 1
    outer loop
      vertex 203.535 157.087 100
      vertex 201.826 155.825 100
      vertex 202.42 155.759 100
    endloop
  endfacet
  facet normal -0 0 1
    outer loop
      vertex 200.725 157.087 100
      vertex 201.826 155.825 100
      vertex 203.535 157.087 100
    endloop
  endfacet
  facet normal 0 0 1
    outer loop
      vertex 201.826 155.825 100
      vertex 200.725 157.087 100
      vertex 201.369 155.777 100
    endloop
  endfacet
  facet normal 0 0 1
    outer loop
      vertex 201.369 155.777 100
      vertex 200.725 157.087 100
      vertex 200.965 155.635 100
    endloop
  endfacet
  facet normal 0 0 1
    outer loop
      vertex 200.965 155.635 100
      vertex 200.725 157.087 100
      vertex 200.616 155.397 100
    endloop
  endfacet
  facet normal 0 0 1
    outer loop
      vertex 200.582 154.315 100
      vertex 202.552 153.589 100
      vertex 202.521 153.917 100
    endloop
  endfacet
  facet normal 0 0 1
    outer loop
      vertex 201.489 154.747 100
      vertex 202.521 153.917 100
      vertex 202.428 154.197 100
    endloop
  endfacet
  facet normal 0 0 1
    outer loop
      vertex 202.552 153.589 100
      vertex 200.421 153.171 100
      vertex 202.519 153.221 100
    endloop
  endfacet
  facet normal 0 0 1
    outer loop
      vertex 201.8 154.712 100
      vertex 202.428 154.197 100
      vertex 202.272 154.431 100
    endloop
  endfacet
  facet normal 0 -0 1
    outer loop
      vertex 201.461 152.355 100
      vertex 202.519 153.221 100
      vertex 200.421 153.171 100
    endloop
  endfacet
  facet normal 0 0 1
    outer loop
      vertex 201.8 154.712 100
      vertex 202.272 154.431 100
      vertex 202.061 154.607 100
    endloop
  endfacet
  facet normal 0 0 1
    outer loop
      vertex 202.519 153.221 100
      vertex 201.461 152.355 100
      vertex 202.421 152.916 100
    endloop
  endfacet
  facet normal 0 0 1
    outer loop
      vertex 202.428 154.197 100
      vertex 201.8 154.712 100
      vertex 201.489 154.747 100
    endloop
  endfacet
  facet normal 0 -0 1
    outer loop
      vertex 201.77 152.39 100
      vertex 202.421 152.916 100
      vertex 201.461 152.355 100
    endloop
  endfacet
  facet normal -0 0 1
    outer loop
      vertex 201.141 154.699 100
      vertex 202.521 153.917 100
      vertex 201.489 154.747 100
    endloop
  endfacet
  facet normal 0 0 1
    outer loop
      vertex 202.256 152.673 100
      vertex 201.77 152.39 100
      vertex 202.036 152.496 100
    endloop
  endfacet
  facet normal 0 0 1
    outer loop
      vertex 202.421 152.916 100
      vertex 201.77 152.39 100
      vertex 202.256 152.673 100
    endloop
  endfacet
  facet normal -0 0 1
    outer loop
      vertex 200.839 154.555 100
      vertex 202.521 153.917 100
      vertex 201.141 154.699 100
    endloop
  endfacet
  facet normal 0 0 1
    outer loop
      vertex 201.461 152.355 100
      vertex 200.421 153.171 100
      vertex 201.207 152.376 100
    endloop
  endfacet
  facet normal -0 0 1
    outer loop
      vertex 200.582 154.315 100
      vertex 202.521 153.917 100
      vertex 200.839 154.555 100
    endloop
  endfacet
  facet normal -0 -0 1
    outer loop
      vertex 200.509 152.912 100
      vertex 201.207 152.376 100
      vertex 200.421 153.171 100
    endloop
  endfacet
  facet normal 0 0 1
    outer loop
      vertex 201.207 152.376 100
      vertex 200.509 152.912 100
      vertex 200.984 152.441 100
    endloop
  endfacet
  facet normal 0 0 1
    outer loop
      vertex 202.552 153.589 100
      vertex 200.582 154.315 100
      vertex 200.421 153.171 100
    endloop
  endfacet
  facet normal 0 0 1
    outer loop
      vertex 200.984 152.441 100
      vertex 200.509 152.912 100
      vertex 200.791 152.549 100
    endloop
  endfacet
  facet normal 0 0 1
    outer loop
      vertex 200.791 152.549 100
      vertex 200.509 152.912 100
      vertex 200.632 152.705 100
    endloop
  endfacet
  facet normal -0 0 1
    outer loop
      vertex 199.282 154.315 100
      vertex 200.421 153.171 100
      vertex 200.582 154.315 100
    endloop
  endfacet
  facet normal 0 0 1
    outer loop
      vertex 200.421 153.171 100
      vertex 199.282 154.315 100
      vertex 199.087 153.062 100
    endloop
  endfacet
  facet normal 0 0 1
    outer loop
      vertex 199.282 154.315 100
      vertex 197.466 153.669 100
      vertex 198.686 153.209 100
    endloop
  endfacet
  facet normal 0 0 1
    outer loop
      vertex 199.282 154.315 100
      vertex 197.367 155.981 100
      vertex 197.466 153.669 100
    endloop
  endfacet
  facet normal 0 0 1
    outer loop
      vertex 196.752 156.781 100
      vertex 197.367 155.981 100
      vertex 197.229 156.294 100
    endloop
  endfacet
  facet normal 0 0 1
    outer loop
      vertex 197.367 155.981 100
      vertex 193.74 154.766 100
      vertex 197.466 153.669 100
    endloop
  endfacet
  facet normal 0 0 1
    outer loop
      vertex 196.752 156.781 100
      vertex 197.229 156.294 100
      vertex 197.024 156.56 100
    endloop
  endfacet
  facet normal 0 0 1
    outer loop
      vertex 197.367 155.981 100
      vertex 196.752 156.781 100
      vertex 196.428 156.946 100
    endloop
  endfacet
  facet normal -0 -0 1
    outer loop
      vertex 193.796 154.058 100
      vertex 197.466 153.669 100
      vertex 193.74 154.766 100
    endloop
  endfacet
  facet normal 0 0 1
    outer loop
      vertex 197.367 155.981 100
      vertex 196.428 156.946 100
      vertex 196.069 157.045 100
    endloop
  endfacet
  facet normal 0 0 1
    outer loop
      vertex 197.367 155.981 100
      vertex 196.069 157.045 100
      vertex 195.672 157.078 100
    endloop
  endfacet
  facet normal 0 -0 1
    outer loop
      vertex 195.705 152.397 100
      vertex 197.466 153.669 100
      vertex 193.796 154.058 100
    endloop
  endfacet
  facet normal 0 0 1
    outer loop
      vertex 197.367 155.981 100
      vertex 195.672 157.078 100
      vertex 193.795 155.462 100
    endloop
  endfacet
  facet normal 0 0 1
    outer loop
      vertex 197.466 153.669 100
      vertex 195.705 152.397 100
      vertex 197.051 152.963 100
    endloop
  endfacet
  facet normal 0 0 1
    outer loop
      vertex 193.959 156.036 100
      vertex 195.672 157.078 100
      vertex 195.09 157.012 100
    endloop
  endfacet
  facet normal 0 0 1
    outer loop
      vertex 197.051 152.963 100
      vertex 195.705 152.397 100
      vertex 196.464 152.539 100
    endloop
  endfacet
  facet normal 0 0 1
    outer loop
      vertex 193.959 156.036 100
      vertex 195.09 157.012 100
      vertex 194.61 156.816 100
    endloop
  endfacet
  facet normal -0 -0 1
    outer loop
      vertex 193.965 153.471 100
      vertex 195.705 152.397 100
      vertex 193.796 154.058 100
    endloop
  endfacet
  facet normal 0 0 1
    outer loop
      vertex 193.959 156.036 100
      vertex 194.61 156.816 100
      vertex 194.231 156.489 100
    endloop
  endfacet
  facet normal 0 0 1
    outer loop
      vertex 195.705 152.397 100
      vertex 193.965 153.471 100
      vertex 195.119 152.465 100
    endloop
  endfacet
  facet normal 0 0 1
    outer loop
      vertex 195.672 157.078 100
      vertex 193.959 156.036 100
      vertex 193.795 155.462 100
    endloop
  endfacet
  facet normal -0 -0 1
    outer loop
      vertex 194.246 153.005 100
      vertex 195.119 152.465 100
      vertex 193.965 153.471 100
    endloop
  endfacet
  facet normal 0 0 1
    outer loop
      vertex 197.367 155.981 100
      vertex 193.795 155.462 100
      vertex 193.74 154.766 100
    endloop
  endfacet
  facet normal 0 0 1
    outer loop
      vertex 195.119 152.465 100
      vertex 194.246 153.005 100
      vertex 194.633 152.667 100
    endloop
  endfacet
  facet normal 0 0 1
    outer loop
      vertex 243.5 104.297 100
      vertex 248.5 172.847 100
      vertex 248.361 172.921 100
    endloop
  endfacet
  facet normal -0 0 1
    outer loop
      vertex 258.244 159.267 100
      vertex 261.814 157.586 100
      vertex 262.103 159.267 100
    endloop
  endfacet
  facet normal 0 0 1
    outer loop
      vertex 261.814 157.586 100
      vertex 258.244 159.267 100
      vertex 258.244 157.586 100
    endloop
  endfacet
  facet normal 0 0 1
    outer loop
      vertex 276.329 176.389 100
      vertex 300 185 100
      vertex 299.928 186.47 100
    endloop
  endfacet
  facet normal 0 0 1
    outer loop
      vertex 300 185 100
      vertex 275.5 100.013 100
      vertex 300 15 100
    endloop
  endfacet
  facet normal 0 0 1
    outer loop
      vertex 276.329 176.389 100
      vertex 299.928 186.47 100
      vertex 299.712 187.926 100
    endloop
  endfacet
  facet normal -0 0 1
    outer loop
      vertex 244.702 25.4877 100
      vertex 300 15 100
      vertex 275.5 100.013 100
    endloop
  endfacet
  facet normal 0 0 1
    outer loop
      vertex 276.018 176.768 100
      vertex 299.712 187.926 100
      vertex 299.354 189.354 100
    endloop
  endfacet
  facet normal -0 -0 1
    outer loop
      vertex 244.75 25 100
      vertex 300 15 100
      vertex 244.702 25.4877 100
    endloop
  endfacet
  facet normal 0 0 1
    outer loop
      vertex 276.018 176.768 100
      vertex 299.354 189.354 100
      vertex 298.858 190.74 100
    endloop
  endfacet
  facet normal 0 -0 1
    outer loop
      vertex 285 0 100
      vertex 300 15 100
      vertex 244.75 25 100
    endloop
  endfacet
  facet normal 0 0 1
    outer loop
      vertex 276.018 176.768 100
      vertex 298.858 190.74 100
      vertex 298.229 192.071 100
    endloop
  endfacet
  facet normal 0 0 1
    outer loop
      vertex 299.928 13.5297 100
      vertex 285 0 100
      vertex 299.712 12.0736 100
    endloop
  endfacet
  facet normal 0 0 1
    outer loop
      vertex 276.018 176.768 100
      vertex 298.229 192.071 100
      vertex 297.472 193.334 100
    endloop
  endfacet
  facet normal 0 0 1
    outer loop
      vertex 299.712 12.0736 100
      vertex 285 0 100
      vertex 299.354 10.6457 100
    endloop
  endfacet
  facet normal 0 0 1
    outer loop
      vertex 276.018 176.768 100
      vertex 297.472 193.334 100
      vertex 296.595 194.516 100
    endloop
  endfacet
  facet normal 0 0 1
    outer loop
      vertex 299.354 10.6457 100
      vertex 285 0 100
      vertex 298.858 9.25975 100
    endloop
  endfacet
  facet normal 0 0 1
    outer loop
      vertex 276.018 176.768 100
      vertex 296.595 194.516 100
      vertex 295.607 195.607 100
    endloop
  endfacet
  facet normal 0 0 1
    outer loop
      vertex 298.858 9.25975 100
      vertex 285 0 100
      vertex 298.229 7.92905 100
    endloop
  endfacet
  facet normal 0 0 1
    outer loop
      vertex 276.018 176.768 100
      vertex 295.607 195.607 100
      vertex 294.516 196.595 100
    endloop
  endfacet
  facet normal 0 0 1
    outer loop
      vertex 298.229 7.92905 100
      vertex 285 0 100
      vertex 297.472 6.66645 100
    endloop
  endfacet
  facet normal 0 0 1
    outer loop
      vertex 276.018 176.768 100
      vertex 294.516 196.595 100
      vertex 293.334 197.472 100
    endloop
  endfacet
  facet normal 0 0 1
    outer loop
      vertex 297.472 6.66645 100
      vertex 285 0 100
      vertex 296.595 5.4841 100
    endloop
  endfacet
  facet normal 0 0 1
    outer loop
      vertex 276.018 176.768 100
      vertex 293.334 197.472 100
      vertex 292.071 198.229 100
    endloop
  endfacet
  facet normal 0 0 1
    outer loop
      vertex 296.595 5.4841 100
      vertex 285 0 100
      vertex 295.607 4.3934 100
    endloop
  endfacet
  facet normal 0 0 1
    outer loop
      vertex 276.018 176.768 100
      vertex 292.071 198.229 100
      vertex 290.74 198.858 100
    endloop
  endfacet
  facet normal 0 0 1
    outer loop
      vertex 295.607 4.3934 100
      vertex 285 0 100
      vertex 294.516 3.40484 100
    endloop
  endfacet
  facet normal 0 0 1
    outer loop
      vertex 276.018 176.768 100
      vertex 290.74 198.858 100
      vertex 289.354 199.354 100
    endloop
  endfacet
  facet normal 0 0 1
    outer loop
      vertex 294.516 3.40484 100
      vertex 285 0 100
      vertex 293.334 2.52796 100
    endloop
  endfacet
  facet normal 0 0 1
    outer loop
      vertex 276.018 176.768 100
      vertex 289.354 199.354 100
      vertex 287.926 199.712 100
    endloop
  endfacet
  facet normal 0 0 1
    outer loop
      vertex 293.334 2.52796 100
      vertex 285 0 100
      vertex 292.071 1.77118 100
    endloop
  endfacet
  facet normal 0 0 1
    outer loop
      vertex 276.018 176.768 100
      vertex 287.926 199.712 100
      vertex 286.47 199.928 100
    endloop
  endfacet
  facet normal 0 0 1
    outer loop
      vertex 292.071 1.77118 100
      vertex 285 0 100
      vertex 290.74 1.14181 100
    endloop
  endfacet
  facet normal 0 0 1
    outer loop
      vertex 276.018 176.768 100
      vertex 286.47 199.928 100
      vertex 285 200 100
    endloop
  endfacet
  facet normal 0 0 1
    outer loop
      vertex 290.74 1.14181 100
      vertex 285 0 100
      vertex 289.354 0.645894 100
    endloop
  endfacet
  facet normal 0 0 1
    outer loop
      vertex 300 185 100
      vertex 276.75 175 100
      vertex 276.702 174.512 100
    endloop
  endfacet
  facet normal 0 0 1
    outer loop
      vertex 300 185 100
      vertex 276.702 175.488 100
      vertex 276.75 175 100
    endloop
  endfacet
  facet normal 0 0 1
    outer loop
      vertex 300 185 100
      vertex 276.56 175.957 100
      vertex 276.702 175.488 100
    endloop
  endfacet
  facet normal 0 0 1
    outer loop
      vertex 300 185 100
      vertex 276.329 176.389 100
      vertex 276.56 175.957 100
    endloop
  endfacet
  facet normal 0 0 1
    outer loop
      vertex 299.712 187.926 100
      vertex 276.018 176.768 100
      vertex 276.329 176.389 100
    endloop
  endfacet
  facet normal 0 0 1
    outer loop
      vertex 285 200 100
      vertex 275.639 177.079 100
      vertex 276.018 176.768 100
    endloop
  endfacet
  facet normal 0 0 1
    outer loop
      vertex 285 200 100
      vertex 275.207 177.31 100
      vertex 275.639 177.079 100
    endloop
  endfacet
  facet normal 0 0 1
    outer loop
      vertex 285 200 100
      vertex 274.738 177.452 100
      vertex 275.207 177.31 100
    endloop
  endfacet
  facet normal 0 0 1
    outer loop
      vertex 285 200 100
      vertex 274.25 177.5 100
      vertex 274.738 177.452 100
    endloop
  endfacet
  facet normal 0 0 1
    outer loop
      vertex 285 200 100
      vertex 273.762 177.452 100
      vertex 274.25 177.5 100
    endloop
  endfacet
  facet normal 0 0 1
    outer loop
      vertex 285 200 100
      vertex 273.293 177.31 100
      vertex 273.762 177.452 100
    endloop
  endfacet
  facet normal 0 0 1
    outer loop
      vertex 285 200 100
      vertex 272.861 177.079 100
      vertex 273.293 177.31 100
    endloop
  endfacet
  facet normal 0 0 1
    outer loop
      vertex 251.139 177.079 100
      vertex 272.861 177.079 100
      vertex 285 200 100
    endloop
  endfacet
  facet normal 0 0 1
    outer loop
      vertex 272.861 177.079 100
      vertex 251.139 177.079 100
      vertex 272.482 176.768 100
    endloop
  endfacet
  facet normal 0 0 1
    outer loop
      vertex 252.25 175 100
      vertex 271.75 175 100
      vertex 271.798 175.488 100
    endloop
  endfacet
  facet normal 0 0 1
    outer loop
      vertex 271.75 175 100
      vertex 267.599 156.52 100
      vertex 267.662 155.887 100
    endloop
  endfacet
  facet normal 0 0 1
    outer loop
      vertex 271.75 175 100
      vertex 267.273 160.349 100
      vertex 267.599 156.52 100
    endloop
  endfacet
  facet normal -0 0 1
    outer loop
      vertex 267.273 159.357 100
      vertex 267.599 156.52 100
      vertex 267.273 160.349 100
    endloop
  endfacet
  facet normal 0 0 1
    outer loop
      vertex 271.75 175 100
      vertex 263.252 160.349 100
      vertex 267.273 160.349 100
    endloop
  endfacet
  facet normal 0 0 1
    outer loop
      vertex 252.202 175.488 100
      vertex 271.798 175.488 100
      vertex 271.94 175.957 100
    endloop
  endfacet
  facet normal 0 0 1
    outer loop
      vertex 252.06 175.957 100
      vertex 271.94 175.957 100
      vertex 272.171 176.389 100
    endloop
  endfacet
  facet normal 0 -0 1
    outer loop
      vertex 251.518 176.768 100
      vertex 272.482 176.768 100
      vertex 251.139 177.079 100
    endloop
  endfacet
  facet normal -0 0 1
    outer loop
      vertex 262.103 159.267 100
      vertex 263.02 156.585 100
      vertex 263.252 160.349 100
    endloop
  endfacet
  facet normal 0 0 1
    outer loop
      vertex 261.814 156.504 100
      vertex 263.02 156.585 100
      vertex 261.814 157.586 100
    endloop
  endfacet
  facet normal 0 0 1
    outer loop
      vertex 262.103 159.267 100
      vertex 263.252 160.349 100
      vertex 262.103 160.349 100
    endloop
  endfacet
  facet normal 0 0 1
    outer loop
      vertex 271.798 175.488 100
      vertex 252.202 175.488 100
      vertex 252.25 175 100
    endloop
  endfacet
  facet normal 0 0 1
    outer loop
      vertex 271.75 175 100
      vertex 252.25 175 100
      vertex 252.202 174.512 100
    endloop
  endfacet
  facet normal 0 0 1
    outer loop
      vertex 271.75 175 100
      vertex 252.06 174.043 100
      vertex 262.103 160.349 100
    endloop
  endfacet
  facet normal 0 0 1
    outer loop
      vertex 271.75 175 100
      vertex 262.103 160.349 100
      vertex 263.252 160.349 100
    endloop
  endfacet
  facet normal 0 0 1
    outer loop
      vertex 271.75 175 100
      vertex 252.202 174.512 100
      vertex 252.06 174.043 100
    endloop
  endfacet
  facet normal 0 0 1
    outer loop
      vertex 271.94 175.957 100
      vertex 252.06 175.957 100
      vertex 252.202 175.488 100
    endloop
  endfacet
  facet normal 0 0 1
    outer loop
      vertex 272.171 176.389 100
      vertex 251.829 176.389 100
      vertex 252.06 175.957 100
    endloop
  endfacet
  facet normal 0 0 1
    outer loop
      vertex 272.171 176.389 100
      vertex 251.518 176.768 100
      vertex 251.829 176.389 100
    endloop
  endfacet
  facet normal 0 0 1
    outer loop
      vertex 272.482 176.768 100
      vertex 251.518 176.768 100
      vertex 272.171 176.389 100
    endloop
  endfacet
  facet normal 0 0 1
    outer loop
      vertex 285 200 100
      vertex 250.707 177.31 100
      vertex 251.139 177.079 100
    endloop
  endfacet
  facet normal 0 0 1
    outer loop
      vertex 285 200 100
      vertex 250.238 177.452 100
      vertex 250.707 177.31 100
    endloop
  endfacet
  facet normal 0 0 1
    outer loop
      vertex 285 200 100
      vertex 249.75 177.5 100
      vertex 250.238 177.452 100
    endloop
  endfacet
  facet normal 0 0 1
    outer loop
      vertex 285 200 100
      vertex 249.262 177.452 100
      vertex 249.75 177.5 100
    endloop
  endfacet
  facet normal 0 0 1
    outer loop
      vertex 210.738 177.452 100
      vertex 249.262 177.452 100
      vertex 285 200 100
    endloop
  endfacet
  facet normal 0 0 1
    outer loop
      vertex 249.262 177.452 100
      vertex 210.738 177.452 100
      vertex 248.793 177.31 100
    endloop
  endfacet
  facet normal 0 0 1
    outer loop
      vertex 300 15 100
      vertex 285 0 100
      vertex 299.928 13.5297 100
    endloop
  endfacet
  facet normal 0 0 1
    outer loop
      vertex 243.5 27.1529 100
      vertex 248.5 100.013 100
      vertex 243.5 104.297 100
    endloop
  endfacet
  facet normal 0 0 1
    outer loop
      vertex 248.5 100.013 100
      vertex 244.56 25.9567 100
      vertex 244.702 25.4877 100
    endloop
  endfacet
  facet normal 0 0 1
    outer loop
      vertex 248.5 100.013 100
      vertex 244.329 26.3889 100
      vertex 244.56 25.9567 100
    endloop
  endfacet
  facet normal 0 0 1
    outer loop
      vertex 248.5 100.013 100
      vertex 244.018 26.7678 100
      vertex 244.329 26.3889 100
    endloop
  endfacet
  facet normal 0 0 1
    outer loop
      vertex 248.5 100.013 100
      vertex 243.639 27.0787 100
      vertex 244.018 26.7678 100
    endloop
  endfacet
  facet normal -0 0 1
    outer loop
      vertex 211.639 172.921 100
      vertex 243.5 104.297 100
      vertex 247.25 175 100
    endloop
  endfacet
  facet normal 0 0 1
    outer loop
      vertex 212.75 175 100
      vertex 247.25 175 100
      vertex 247.298 175.488 100
    endloop
  endfacet
  facet normal 0 0 1
    outer loop
      vertex 212.702 175.488 100
      vertex 247.298 175.488 100
      vertex 247.44 175.957 100
    endloop
  endfacet
  facet normal -0 0 1
    outer loop
      vertex 211.5 91.1365 100
      vertex 216.5 27.1529 100
      vertex 216.5 104.297 100
    endloop
  endfacet
  facet normal 0 0 1
    outer loop
      vertex 216.5 27.1529 100
      vertex 211.5 91.1365 100
      vertex 216.361 27.0787 100
    endloop
  endfacet
  facet normal 0 0 1
    outer loop
      vertex 179.639 27.0787 100
      vertex 216.361 27.0787 100
      vertex 211.5 91.1365 100
    endloop
  endfacet
  facet normal 0 0 1
    outer loop
      vertex 216.361 27.0787 100
      vertex 179.639 27.0787 100
      vertex 215.982 26.7678 100
    endloop
  endfacet
  facet normal 0 -0 1
    outer loop
      vertex 180.018 26.7678 100
      vertex 215.982 26.7678 100
      vertex 179.639 27.0787 100
    endloop
  endfacet
  facet normal 0 0 1
    outer loop
      vertex 179.639 27.0787 100
      vertex 211.5 91.1365 100
      vertex 184.5 91.1365 100
    endloop
  endfacet
  facet normal 0 0 1
    outer loop
      vertex 247.25 175 100
      vertex 212.702 174.512 100
      vertex 212.56 174.043 100
    endloop
  endfacet
  facet normal 0 0 1
    outer loop
      vertex 247.25 175 100
      vertex 212.75 175 100
      vertex 212.702 174.512 100
    endloop
  endfacet
  facet normal 0 0 1
    outer loop
      vertex 212.56 175.957 100
      vertex 247.44 175.957 100
      vertex 247.671 176.389 100
    endloop
  endfacet
  facet normal 0 0 1
    outer loop
      vertex 212.329 176.389 100
      vertex 247.671 176.389 100
      vertex 247.982 176.768 100
    endloop
  endfacet
  facet normal 0 0 1
    outer loop
      vertex 212.018 176.768 100
      vertex 247.982 176.768 100
      vertex 248.361 177.079 100
    endloop
  endfacet
  facet normal 0 -0 1
    outer loop
      vertex 211.207 177.31 100
      vertex 248.793 177.31 100
      vertex 210.738 177.452 100
    endloop
  endfacet
  facet normal 0 0 1
    outer loop
      vertex 247.298 175.488 100
      vertex 212.702 175.488 100
      vertex 212.75 175 100
    endloop
  endfacet
  facet normal 0 0 1
    outer loop
      vertex 247.44 175.957 100
      vertex 212.56 175.957 100
      vertex 212.702 175.488 100
    endloop
  endfacet
  facet normal 0 0 1
    outer loop
      vertex 247.671 176.389 100
      vertex 212.329 176.389 100
      vertex 212.56 175.957 100
    endloop
  endfacet
  facet normal 0 0 1
    outer loop
      vertex 247.982 176.768 100
      vertex 212.018 176.768 100
      vertex 212.329 176.389 100
    endloop
  endfacet
  facet normal 0 0 1
    outer loop
      vertex 248.361 177.079 100
      vertex 211.639 177.079 100
      vertex 212.018 176.768 100
    endloop
  endfacet
  facet normal 0 0 1
    outer loop
      vertex 248.361 177.079 100
      vertex 211.207 177.31 100
      vertex 211.639 177.079 100
    endloop
  endfacet
  facet normal 0 0 1
    outer loop
      vertex 248.793 177.31 100
      vertex 211.207 177.31 100
      vertex 248.361 177.079 100
    endloop
  endfacet
  facet normal 0 0 1
    outer loop
      vertex 285 200 100
      vertex 210.25 177.5 100
      vertex 210.738 177.452 100
    endloop
  endfacet
  facet normal 0 0 1
    outer loop
      vertex 185.75 177.5 100
      vertex 210.25 177.5 100
      vertex 285 200 100
    endloop
  endfacet
  facet normal 0 0 1
    outer loop
      vertex 188.25 175 100
      vertex 207.75 175 100
      vertex 207.798 175.488 100
    endloop
  endfacet
  facet normal 0 0 1
    outer loop
      vertex 209 172.847 100
      vertex 203.861 154.25 100
      vertex 203.924 153.617 100
    endloop
  endfacet
  facet normal 0 0 1
    outer loop
      vertex 209 172.847 100
      vertex 203.535 158.079 100
      vertex 203.861 154.25 100
    endloop
  endfacet
  facet normal -0 0 1
    outer loop
      vertex 203.535 157.087 100
      vertex 203.861 154.25 100
      vertex 203.535 158.079 100
    endloop
  endfacet
  facet normal 0 0 1
    outer loop
      vertex 208.482 173.232 100
      vertex 199.514 158.079 100
      vertex 203.535 158.079 100
    endloop
  endfacet
  facet normal 0 0 1
    outer loop
      vertex 188.202 175.488 100
      vertex 207.798 175.488 100
      vertex 207.94 175.957 100
    endloop
  endfacet
  facet normal -0 0 1
    outer loop
      vertex 198.601 156.318 100
      vertex 199.282 154.315 100
      vertex 199.514 158.079 100
    endloop
  endfacet
  facet normal -0 0 1
    outer loop
      vertex 197.367 155.981 100
      vertex 199.282 154.315 100
      vertex 198.601 156.318 100
    endloop
  endfacet
  facet normal 0 0 1
    outer loop
      vertex 199.282 154.315 100
      vertex 198.686 153.209 100
      vertex 199.087 153.062 100
    endloop
  endfacet
  facet normal 0 0 1
    outer loop
      vertex 188.202 174.512 100
      vertex 207.75 175 100
      vertex 188.25 175 100
    endloop
  endfacet
  facet normal 0 0 1
    outer loop
      vertex 199.514 158.079 100
      vertex 198.353 156.88 100
      vertex 198.601 156.318 100
    endloop
  endfacet
  facet normal 0 0 1
    outer loop
      vertex 199.514 158.079 100
      vertex 198.006 157.342 100
      vertex 198.353 156.88 100
    endloop
  endfacet
  facet normal 0 0 1
    outer loop
      vertex 199.514 158.079 100
      vertex 197.561 157.707 100
      vertex 198.006 157.342 100
    endloop
  endfacet
  facet normal 0 0 1
    outer loop
      vertex 188.06 175.957 100
      vertex 207.94 175.957 100
      vertex 208.171 176.389 100
    endloop
  endfacet
  facet normal 0 0 1
    outer loop
      vertex 199.514 158.079 100
      vertex 197.019 157.969 100
      vertex 197.561 157.707 100
    endloop
  endfacet
  facet normal 0 0 1
    outer loop
      vertex 199.514 158.079 100
      vertex 196.38 158.127 100
      vertex 197.019 157.969 100
    endloop
  endfacet
  facet normal 0 0 1
    outer loop
      vertex 207.94 174.043 100
      vertex 196.38 158.127 100
      vertex 199.514 158.079 100
    endloop
  endfacet
  facet normal 0 0 1
    outer loop
      vertex 207.798 174.512 100
      vertex 188.202 174.512 100
      vertex 188.06 174.043 100
    endloop
  endfacet
  facet normal 0 0 1
    outer loop
      vertex 207.94 174.043 100
      vertex 188.06 174.043 100
      vertex 196.38 158.127 100
    endloop
  endfacet
  facet normal -0 0 1
    outer loop
      vertex 187.829 173.611 100
      vertex 196.38 158.127 100
      vertex 188.06 174.043 100
    endloop
  endfacet
  facet normal -0 0 1
    outer loop
      vertex 187.139 172.921 100
      vertex 194.653 158.081 100
      vertex 187.518 173.232 100
    endloop
  endfacet
  facet normal 0 0 1
    outer loop
      vertex 195.644 158.179 100
      vertex 187.518 173.232 100
      vertex 194.653 158.081 100
    endloop
  endfacet
  facet normal -0 0 1
    outer loop
      vertex 187.518 173.232 100
      vertex 195.644 158.179 100
      vertex 187.829 173.611 100
    endloop
  endfacet
  facet normal 0 0 1
    outer loop
      vertex 196.38 158.127 100
      vertex 187.829 173.611 100
      vertex 195.644 158.179 100
    endloop
  endfacet
  facet normal 0 0 1
    outer loop
      vertex 187.829 176.389 100
      vertex 208.171 176.389 100
      vertex 208.482 176.768 100
    endloop
  endfacet
  facet normal 0 0 1
    outer loop
      vertex 187.518 176.768 100
      vertex 208.482 176.768 100
      vertex 208.861 177.079 100
    endloop
  endfacet
  facet normal 0 0 1
    outer loop
      vertex 187.139 177.079 100
      vertex 208.861 177.079 100
      vertex 209.293 177.31 100
    endloop
  endfacet
  facet normal 0 0 1
    outer loop
      vertex 186.707 177.31 100
      vertex 209.293 177.31 100
      vertex 209.762 177.452 100
    endloop
  endfacet
  facet normal 0 0 1
    outer loop
      vertex 210.25 177.5 100
      vertex 185.75 177.5 100
      vertex 209.762 177.452 100
    endloop
  endfacet
  facet normal 0 0 1
    outer loop
      vertex 207.798 175.488 100
      vertex 188.202 175.488 100
      vertex 188.25 175 100
    endloop
  endfacet
  facet normal 0 0 1
    outer loop
      vertex 207.94 175.957 100
      vertex 188.06 175.957 100
      vertex 188.202 175.488 100
    endloop
  endfacet
  facet normal 0 0 1
    outer loop
      vertex 208.171 176.389 100
      vertex 187.829 176.389 100
      vertex 188.06 175.957 100
    endloop
  endfacet
  facet normal 0 0 1
    outer loop
      vertex 208.482 176.768 100
      vertex 187.518 176.768 100
      vertex 187.829 176.389 100
    endloop
  endfacet
  facet normal 0 0 1
    outer loop
      vertex 208.861 177.079 100
      vertex 187.139 177.079 100
      vertex 187.518 176.768 100
    endloop
  endfacet
  facet normal 0 0 1
    outer loop
      vertex 209.293 177.31 100
      vertex 186.707 177.31 100
      vertex 187.139 177.079 100
    endloop
  endfacet
  facet normal 0 0 1
    outer loop
      vertex 209.762 177.452 100
      vertex 186.238 177.452 100
      vertex 186.707 177.31 100
    endloop
  endfacet
  facet normal 0 0 1
    outer loop
      vertex 209.762 177.452 100
      vertex 185.75 177.5 100
      vertex 186.238 177.452 100
    endloop
  endfacet
  facet normal 0 0 1
    outer loop
      vertex 146.25 177.5 100
      vertex 185.75 177.5 100
      vertex 285 200 100
    endloop
  endfacet
  facet normal 0 0 1
    outer loop
      vertex 215.25 25 100
      vertex 180.702 25.4877 100
      vertex 180.75 25 100
    endloop
  endfacet
  facet normal 0 0 1
    outer loop
      vertex 179.5 27.1529 100
      vertex 184.5 91.1365 100
      vertex 179.5 116.227 100
    endloop
  endfacet
  facet normal 0 0 1
    outer loop
      vertex 215.44 25.9567 100
      vertex 180.56 25.9567 100
      vertex 180.702 25.4877 100
    endloop
  endfacet
  facet normal 0 0 1
    outer loop
      vertex 215.44 25.9567 100
      vertex 180.329 26.3889 100
      vertex 180.56 25.9567 100
    endloop
  endfacet
  facet normal 0 0 1
    outer loop
      vertex 215.671 26.3889 100
      vertex 180.329 26.3889 100
      vertex 215.44 25.9567 100
    endloop
  endfacet
  facet normal 0 -0 1
    outer loop
      vertex 180.329 26.3889 100
      vertex 215.671 26.3889 100
      vertex 180.018 26.7678 100
    endloop
  endfacet
  facet normal -0 0 1
    outer loop
      vertex 147.639 172.921 100
      vertex 179.5 116.227 100
      vertex 183.25 175 100
    endloop
  endfacet
  facet normal 0 0 1
    outer loop
      vertex 148.75 175 100
      vertex 183.25 175 100
      vertex 183.298 175.488 100
    endloop
  endfacet
  facet normal 0 0 1
    outer loop
      vertex 148.702 175.488 100
      vertex 183.298 175.488 100
      vertex 183.44 175.957 100
    endloop
  endfacet
  facet normal -0 0 1
    outer loop
      vertex 147.5 78.4971 100
      vertex 152.5 27.1529 100
      vertex 152.5 116.227 100
    endloop
  endfacet
  facet normal 0 0 1
    outer loop
      vertex 152.5 27.1529 100
      vertex 147.5 78.4971 100
      vertex 152.361 27.0787 100
    endloop
  endfacet
  facet normal 0 0 1
    outer loop
      vertex 115.639 27.0787 100
      vertex 152.361 27.0787 100
      vertex 147.5 78.4971 100
    endloop
  endfacet
  facet normal 0 0 1
    outer loop
      vertex 152.361 27.0787 100
      vertex 115.639 27.0787 100
      vertex 151.982 26.7678 100
    endloop
  endfacet
  facet normal 0 -0 1
    outer loop
      vertex 116.018 26.7678 100
      vertex 151.982 26.7678 100
      vertex 115.639 27.0787 100
    endloop
  endfacet
  facet normal 0 0 1
    outer loop
      vertex 115.639 27.0787 100
      vertex 147.5 78.4971 100
      vertex 120.5 78.4971 100
    endloop
  endfacet
  facet normal 0 0 1
    outer loop
      vertex 183.25 175 100
      vertex 148.702 174.512 100
      vertex 148.56 174.043 100
    endloop
  endfacet
  facet normal 0 0 1
    outer loop
      vertex 183.25 175 100
      vertex 148.75 175 100
      vertex 148.702 174.512 100
    endloop
  endfacet
  facet normal 0 0 1
    outer loop
      vertex 148.56 175.957 100
      vertex 183.44 175.957 100
      vertex 183.671 176.389 100
    endloop
  endfacet
  facet normal 0 0 1
    outer loop
      vertex 148.329 176.389 100
      vertex 183.671 176.389 100
      vertex 183.982 176.768 100
    endloop
  endfacet
  facet normal 0 0 1
    outer loop
      vertex 148.018 176.768 100
      vertex 183.982 176.768 100
      vertex 184.361 177.079 100
    endloop
  endfacet
  facet normal 0 0 1
    outer loop
      vertex 147.639 177.079 100
      vertex 184.361 177.079 100
      vertex 184.793 177.31 100
    endloop
  endfacet
  facet normal 0 0 1
    outer loop
      vertex 147.207 177.31 100
      vertex 184.793 177.31 100
      vertex 185.262 177.452 100
    endloop
  endfacet
  facet normal 0 0 1
    outer loop
      vertex 185.75 177.5 100
      vertex 146.25 177.5 100
      vertex 185.262 177.452 100
    endloop
  endfacet
  facet normal 0 0 1
    outer loop
      vertex 183.298 175.488 100
      vertex 148.702 175.488 100
      vertex 148.75 175 100
    endloop
  endfacet
  facet normal 0 0 1
    outer loop
      vertex 183.44 175.957 100
      vertex 148.56 175.957 100
      vertex 148.702 175.488 100
    endloop
  endfacet
  facet normal 0 0 1
    outer loop
      vertex 183.671 176.389 100
      vertex 148.329 176.389 100
      vertex 148.56 175.957 100
    endloop
  endfacet
  facet normal 0 0 1
    outer loop
      vertex 183.982 176.768 100
      vertex 148.018 176.768 100
      vertex 148.329 176.389 100
    endloop
  endfacet
  facet normal 0 0 1
    outer loop
      vertex 184.361 177.079 100
      vertex 147.639 177.079 100
      vertex 148.018 176.768 100
    endloop
  endfacet
  facet normal 0 0 1
    outer loop
      vertex 184.793 177.31 100
      vertex 147.207 177.31 100
      vertex 147.639 177.079 100
    endloop
  endfacet
  facet normal 0 0 1
    outer loop
      vertex 185.262 177.452 100
      vertex 146.738 177.452 100
      vertex 147.207 177.31 100
    endloop
  endfacet
  facet normal 0 0 1
    outer loop
      vertex 185.262 177.452 100
      vertex 146.25 177.5 100
      vertex 146.738 177.452 100
    endloop
  endfacet
  facet normal -0 0 1
    outer loop
      vertex 15 200 100
      vertex 146.25 177.5 100
      vertex 285 200 100
    endloop
  endfacet
  facet normal 0 0 1
    outer loop
      vertex 124.25 175 100
      vertex 143.75 175 100
      vertex 143.798 175.488 100
    endloop
  endfacet
  facet normal 0 0 1
    outer loop
      vertex 145 172.847 100
      vertex 139.514 154.92 100
      vertex 140.407 150.586 100
    endloop
  endfacet
  facet normal 0 0 1
    outer loop
      vertex 144.861 172.921 100
      vertex 138.024 154.92 100
      vertex 139.514 154.92 100
    endloop
  endfacet
  facet normal 0 0 1
    outer loop
      vertex 144.171 173.611 100
      vertex 132.868 154.826 100
      vertex 138.024 154.92 100
    endloop
  endfacet
  facet normal 0 0 1
    outer loop
      vertex 124.202 175.488 100
      vertex 143.798 175.488 100
      vertex 143.94 175.957 100
    endloop
  endfacet
  facet normal 0 0 1
    outer loop
      vertex 134.626 149.299 100
      vertex 135.199 150.595 100
      vertex 134.626 151.758 100
    endloop
  endfacet
  facet normal 0 -0 1
    outer loop
      vertex 134.626 151.758 100
      vertex 138.024 154.92 100
      vertex 134.484 153.277 100
    endloop
  endfacet
  facet normal 0 0 1
    outer loop
      vertex 138.024 154.92 100
      vertex 134.626 151.758 100
      vertex 135.199 150.595 100
    endloop
  endfacet
  facet normal 0 0 1
    outer loop
      vertex 138.024 154.92 100
      vertex 133.866 154.245 100
      vertex 134.484 153.277 100
    endloop
  endfacet
  facet normal 0 0 1
    outer loop
      vertex 138.024 154.92 100
      vertex 132.868 154.826 100
      vertex 133.866 154.245 100
    endloop
  endfacet
  facet normal 0 0 1
    outer loop
      vertex 124.202 174.512 100
      vertex 143.75 175 100
      vertex 124.25 175 100
    endloop
  endfacet
  facet normal 0 0 1
    outer loop
      vertex 124.06 175.957 100
      vertex 143.94 175.957 100
      vertex 144.171 176.389 100
    endloop
  endfacet
  facet normal 0 0 1
    outer loop
      vertex 143.798 174.512 100
      vertex 124.202 174.512 100
      vertex 124.06 174.043 100
    endloop
  endfacet
  facet normal 0 0 1
    outer loop
      vertex 143.94 174.043 100
      vertex 124.06 174.043 100
      vertex 123.829 173.611 100
    endloop
  endfacet
  facet normal 0 0 1
    outer loop
      vertex 144.171 173.611 100
      vertex 123.829 173.611 100
      vertex 132.868 154.826 100
    endloop
  endfacet
  facet normal 0 0 1
    outer loop
      vertex 132.868 154.826 100
      vertex 123.829 173.611 100
      vertex 131.489 155.019 100
    endloop
  endfacet
  facet normal -0 0 1
    outer loop
      vertex 123.139 172.921 100
      vertex 130.47 154.921 100
      vertex 123.518 173.232 100
    endloop
  endfacet
  facet normal 0 0 1
    outer loop
      vertex 131.489 155.019 100
      vertex 123.518 173.232 100
      vertex 130.47 154.921 100
    endloop
  endfacet
  facet normal -0 0 1
    outer loop
      vertex 123.518 173.232 100
      vertex 131.489 155.019 100
      vertex 123.829 173.611 100
    endloop
  endfacet
  facet normal 0 0 1
    outer loop
      vertex 123.829 176.389 100
      vertex 144.171 176.389 100
      vertex 144.482 176.768 100
    endloop
  endfacet
  facet normal 0 0 1
    outer loop
      vertex 123.518 176.768 100
      vertex 144.482 176.768 100
      vertex 144.861 177.079 100
    endloop
  endfacet
  facet normal 0 0 1
    outer loop
      vertex 123.139 177.079 100
      vertex 144.861 177.079 100
      vertex 145.293 177.31 100
    endloop
  endfacet
  facet normal 0 0 1
    outer loop
      vertex 122.707 177.31 100
      vertex 145.293 177.31 100
      vertex 145.762 177.452 100
    endloop
  endfacet
  facet normal 0 -0 1
    outer loop
      vertex 121.75 177.5 100
      vertex 146.25 177.5 100
      vertex 15 200 100
    endloop
  endfacet
  facet normal 0 0 1
    outer loop
      vertex 143.798 175.488 100
      vertex 124.202 175.488 100
      vertex 124.25 175 100
    endloop
  endfacet
  facet normal 0 0 1
    outer loop
      vertex 143.94 175.957 100
      vertex 124.06 175.957 100
      vertex 124.202 175.488 100
    endloop
  endfacet
  facet normal 0 0 1
    outer loop
      vertex 144.171 176.389 100
      vertex 123.829 176.389 100
      vertex 124.06 175.957 100
    endloop
  endfacet
  facet normal 0 0 1
    outer loop
      vertex 144.482 176.768 100
      vertex 123.518 176.768 100
      vertex 123.829 176.389 100
    endloop
  endfacet
  facet normal 0 0 1
    outer loop
      vertex 144.861 177.079 100
      vertex 123.139 177.079 100
      vertex 123.518 176.768 100
    endloop
  endfacet
  facet normal 0 0 1
    outer loop
      vertex 145.293 177.31 100
      vertex 122.707 177.31 100
      vertex 123.139 177.079 100
    endloop
  endfacet
  facet normal 0 0 1
    outer loop
      vertex 145.762 177.452 100
      vertex 122.238 177.452 100
      vertex 122.707 177.31 100
    endloop
  endfacet
  facet normal 0 0 1
    outer loop
      vertex 145.762 177.452 100
      vertex 121.75 177.5 100
      vertex 122.238 177.452 100
    endloop
  endfacet
  facet normal 0 0 1
    outer loop
      vertex 146.25 177.5 100
      vertex 121.75 177.5 100
      vertex 145.762 177.452 100
    endloop
  endfacet
  facet normal 0 0 1
    outer loop
      vertex 151.25 25 100
      vertex 116.702 25.4877 100
      vertex 116.75 25 100
    endloop
  endfacet
  facet normal 0 0 1
    outer loop
      vertex 115.5 27.1529 100
      vertex 120.5 78.4971 100
      vertex 115.5 130.011 100
    endloop
  endfacet
  facet normal 0 0 1
    outer loop
      vertex 151.44 25.9567 100
      vertex 116.56 25.9567 100
      vertex 116.702 25.4877 100
    endloop
  endfacet
  facet normal 0 0 1
    outer loop
      vertex 151.44 25.9567 100
      vertex 116.329 26.3889 100
      vertex 116.56 25.9567 100
    endloop
  endfacet
  facet normal 0 0 1
    outer loop
      vertex 151.671 26.3889 100
      vertex 116.329 26.3889 100
      vertex 151.44 25.9567 100
    endloop
  endfacet
  facet normal 0 -0 1
    outer loop
      vertex 116.329 26.3889 100
      vertex 151.671 26.3889 100
      vertex 116.018 26.7678 100
    endloop
  endfacet
  facet normal -0 0 1
    outer loop
      vertex 84.0178 173.232 100
      vertex 115.5 130.011 100
      vertex 119.25 175 100
    endloop
  endfacet
  facet normal 0 0 1
    outer loop
      vertex 84.75 175 100
      vertex 119.25 175 100
      vertex 119.298 175.488 100
    endloop
  endfacet
  facet normal 0 0 1
    outer loop
      vertex 84.702 175.488 100
      vertex 119.298 175.488 100
      vertex 119.44 175.957 100
    endloop
  endfacet
  facet normal 0 0 1
    outer loop
      vertex 84.5597 175.957 100
      vertex 119.44 175.957 100
      vertex 119.671 176.389 100
    endloop
  endfacet
  facet normal -0 0 1
    outer loop
      vertex 83.5 63.892 100
      vertex 88.5 27.1529 100
      vertex 88.5 130.011 100
    endloop
  endfacet
  facet normal 0 0 1
    outer loop
      vertex 88.5 27.1529 100
      vertex 83.5 63.892 100
      vertex 88.3611 27.0787 100
    endloop
  endfacet
  facet normal 0 0 1
    outer loop
      vertex 88.3611 27.0787 100
      vertex 83.5 63.892 100
      vertex 87.9822 26.7678 100
    endloop
  endfacet
  facet normal -0 0 1
    outer loop
      vertex 56.5 63.892 100
      vertex 87.9822 26.7678 100
      vertex 83.5 63.892 100
    endloop
  endfacet
  facet normal 0 0 1
    outer loop
      vertex 52.0178 26.7678 100
      vertex 87.9822 26.7678 100
      vertex 56.5 63.892 100
    endloop
  endfacet
  facet normal 0 0 1
    outer loop
      vertex 87.6713 26.3889 100
      vertex 52.702 25.4877 100
      vertex 87.4403 25.9567 100
    endloop
  endfacet
  facet normal 0 0 1
    outer loop
      vertex 119.25 175 100
      vertex 84.702 174.512 100
      vertex 84.5597 174.043 100
    endloop
  endfacet
  facet normal 0 0 1
    outer loop
      vertex 119.25 175 100
      vertex 84.75 175 100
      vertex 84.702 174.512 100
    endloop
  endfacet
  facet normal 0 0 1
    outer loop
      vertex 84.3287 176.389 100
      vertex 119.671 176.389 100
      vertex 119.982 176.768 100
    endloop
  endfacet
  facet normal 0 0 1
    outer loop
      vertex 84.0178 176.768 100
      vertex 119.982 176.768 100
      vertex 120.361 177.079 100
    endloop
  endfacet
  facet normal 0 0 1
    outer loop
      vertex 83.6389 177.079 100
      vertex 120.361 177.079 100
      vertex 120.793 177.31 100
    endloop
  endfacet
  facet normal 0 0 1
    outer loop
      vertex 83.2067 177.31 100
      vertex 120.793 177.31 100
      vertex 121.262 177.452 100
    endloop
  endfacet
  facet normal 0 0 1
    outer loop
      vertex 121.75 177.5 100
      vertex 15 200 100
      vertex 121.262 177.452 100
    endloop
  endfacet
  facet normal 0 0 1
    outer loop
      vertex 119.298 175.488 100
      vertex 84.702 175.488 100
      vertex 84.75 175 100
    endloop
  endfacet
  facet normal 0 0 1
    outer loop
      vertex 119.44 175.957 100
      vertex 84.5597 175.957 100
      vertex 84.702 175.488 100
    endloop
  endfacet
  facet normal 0 0 1
    outer loop
      vertex 119.671 176.389 100
      vertex 84.3287 176.389 100
      vertex 84.5597 175.957 100
    endloop
  endfacet
  facet normal 0 0 1
    outer loop
      vertex 119.982 176.768 100
      vertex 84.0178 176.768 100
      vertex 84.3287 176.389 100
    endloop
  endfacet
  facet normal 0 0 1
    outer loop
      vertex 120.361 177.079 100
      vertex 83.6389 177.079 100
      vertex 84.0178 176.768 100
    endloop
  endfacet
  facet normal 0 0 1
    outer loop
      vertex 120.793 177.31 100
      vertex 83.2067 177.31 100
      vertex 83.6389 177.079 100
    endloop
  endfacet
  facet normal 0 0 1
    outer loop
      vertex 121.262 177.452 100
      vertex 82.7377 177.452 100
      vertex 83.2067 177.31 100
    endloop
  endfacet
  facet normal 0 0 1
    outer loop
      vertex 121.262 177.452 100
      vertex 15 200 100
      vertex 82.7377 177.452 100
    endloop
  endfacet
  facet normal 0 0 1
    outer loop
      vertex 82.7377 177.452 100
      vertex 15 200 100
      vertex 82.25 177.5 100
    endloop
  endfacet
  facet normal 0 0 1
    outer loop
      vertex 60.25 175 100
      vertex 79.75 175 100
      vertex 79.798 175.488 100
    endloop
  endfacet
  facet normal 0 0 1
    outer loop
      vertex 81 172.847 100
      vertex 75.2502 151.27 100
      vertex 76.1426 146.937 100
    endloop
  endfacet
  facet normal 0 0 1
    outer loop
      vertex 80.8611 172.921 100
      vertex 73.7597 151.27 100
      vertex 75.2502 151.27 100
    endloop
  endfacet
  facet normal 0 0 1
    outer loop
      vertex 80.4822 173.232 100
      vertex 68.0445 151.176 100
      vertex 73.7597 151.27 100
    endloop
  endfacet
  facet normal 0 0 1
    outer loop
      vertex 60.202 175.488 100
      vertex 79.798 175.488 100
      vertex 79.9403 175.957 100
    endloop
  endfacet
  facet normal -0 0 1
    outer loop
      vertex 70.4989 147.315 100
      vertex 70.9352 146.946 100
      vertex 70.544 147.976 100
    endloop
  endfacet
  facet normal 0 -0 1
    outer loop
      vertex 70.544 147.976 100
      vertex 73.7597 151.27 100
      vertex 70.4411 148.954 100
    endloop
  endfacet
  facet normal 0 0 1
    outer loop
      vertex 73.7597 151.27 100
      vertex 70.544 147.976 100
      vertex 70.9352 146.946 100
    endloop
  endfacet
  facet normal 0 0 1
    outer loop
      vertex 73.7597 151.27 100
      vertex 70.1326 149.768 100
      vertex 70.4411 148.954 100
    endloop
  endfacet
  facet normal 0 0 1
    outer loop
      vertex 73.7597 151.27 100
      vertex 69.6183 150.418 100
      vertex 70.1326 149.768 100
    endloop
  endfacet
  facet normal 0 0 1
    outer loop
      vertex 73.7597 151.27 100
      vertex 68.9164 150.892 100
      vertex 69.6183 150.418 100
    endloop
  endfacet
  facet normal 0 0 1
    outer loop
      vertex 73.7597 151.27 100
      vertex 68.0445 151.176 100
      vertex 68.9164 150.892 100
    endloop
  endfacet
  facet normal 0 0 1
    outer loop
      vertex 60.202 174.512 100
      vertex 79.75 175 100
      vertex 60.25 175 100
    endloop
  endfacet
  facet normal 0 0 1
    outer loop
      vertex 79.798 174.512 100
      vertex 60.202 174.512 100
      vertex 60.0597 174.043 100
    endloop
  endfacet
  facet normal 0 0 1
    outer loop
      vertex 60.0597 175.957 100
      vertex 79.9403 175.957 100
      vertex 80.1713 176.389 100
    endloop
  endfacet
  facet normal 0 0 1
    outer loop
      vertex 80.1713 173.611 100
      vertex 59.8287 173.611 100
      vertex 59.5178 173.232 100
    endloop
  endfacet
  facet normal 0 0 1
    outer loop
      vertex 79.9403 174.043 100
      vertex 60.0597 174.043 100
      vertex 59.8287 173.611 100
    endloop
  endfacet
  facet normal 0 0 1
    outer loop
      vertex 59.8287 176.389 100
      vertex 80.1713 176.389 100
      vertex 80.4822 176.768 100
    endloop
  endfacet
  facet normal 0 0 1
    outer loop
      vertex 59.5178 176.768 100
      vertex 80.4822 176.768 100
      vertex 80.8611 177.079 100
    endloop
  endfacet
  facet normal 0 0 1
    outer loop
      vertex 59.1389 177.079 100
      vertex 80.8611 177.079 100
      vertex 81.2933 177.31 100
    endloop
  endfacet
  facet normal 0 0 1
    outer loop
      vertex 58.7067 177.31 100
      vertex 81.2933 177.31 100
      vertex 81.7623 177.452 100
    endloop
  endfacet
  facet normal 0 0 1
    outer loop
      vertex 79.798 175.488 100
      vertex 60.202 175.488 100
      vertex 60.25 175 100
    endloop
  endfacet
  facet normal 0 0 1
    outer loop
      vertex 82.25 177.5 100
      vertex 15 200 100
      vertex 81.7623 177.452 100
    endloop
  endfacet
  facet normal 0 0 1
    outer loop
      vertex 79.9403 175.957 100
      vertex 60.0597 175.957 100
      vertex 60.202 175.488 100
    endloop
  endfacet
  facet normal 0 0 1
    outer loop
      vertex 80.1713 176.389 100
      vertex 59.8287 176.389 100
      vertex 60.0597 175.957 100
    endloop
  endfacet
  facet normal 0 0 1
    outer loop
      vertex 80.4822 176.768 100
      vertex 59.5178 176.768 100
      vertex 59.8287 176.389 100
    endloop
  endfacet
  facet normal 0 0 1
    outer loop
      vertex 80.8611 177.079 100
      vertex 59.1389 177.079 100
      vertex 59.5178 176.768 100
    endloop
  endfacet
  facet normal 0 0 1
    outer loop
      vertex 81.2933 177.31 100
      vertex 58.7067 177.31 100
      vertex 59.1389 177.079 100
    endloop
  endfacet
  facet normal 0 -0 1
    outer loop
      vertex 58.2377 177.452 100
      vertex 81.7623 177.452 100
      vertex 15 200 100
    endloop
  endfacet
  facet normal 0 0 1
    outer loop
      vertex 81.7623 177.452 100
      vertex 58.2377 177.452 100
      vertex 58.7067 177.31 100
    endloop
  endfacet
  facet normal 0 0 1
    outer loop
      vertex 58.2377 177.452 100
      vertex 15 200 100
      vertex 57.75 177.5 100
    endloop
  endfacet
  facet normal 0 0 1
    outer loop
      vertex 87.25 25 100
      vertex 52.702 25.4877 100
      vertex 52.75 25 100
    endloop
  endfacet
  facet normal 0 0 1
    outer loop
      vertex 51.5 27.1529 100
      vertex 56.5 63.892 100
      vertex 51.5 142.564 100
    endloop
  endfacet
  facet normal 0 0 1
    outer loop
      vertex 87.6713 26.3889 100
      vertex 52.5597 25.9567 100
      vertex 52.702 25.4877 100
    endloop
  endfacet
  facet normal 0 0 1
    outer loop
      vertex 87.6713 26.3889 100
      vertex 52.3287 26.3889 100
      vertex 52.5597 25.9567 100
    endloop
  endfacet
  facet normal 0 0 1
    outer loop
      vertex 87.6713 26.3889 100
      vertex 52.0178 26.7678 100
      vertex 52.3287 26.3889 100
    endloop
  endfacet
  facet normal 0 0 1
    outer loop
      vertex 56.5 63.892 100
      vertex 51.6389 27.0787 100
      vertex 52.0178 26.7678 100
    endloop
  endfacet
  facet normal 0 0 1
    outer loop
      vertex 15 200 100
      vertex 55.25 175 100
      vertex 55.298 175.488 100
    endloop
  endfacet
  facet normal 0 0 1
    outer loop
      vertex 55.25 175 100
      vertex 24.5 142.564 100
      vertex 51.5 142.564 100
    endloop
  endfacet
  facet normal 0 0 1
    outer loop
      vertex 15 200 100
      vertex 55.298 175.488 100
      vertex 55.4403 175.957 100
    endloop
  endfacet
  facet normal 0 0 1
    outer loop
      vertex 15 200 100
      vertex 55.4403 175.957 100
      vertex 55.6713 176.389 100
    endloop
  endfacet
  facet normal 0 0 1
    outer loop
      vertex 15 200 100
      vertex 55.6713 176.389 100
      vertex 55.9822 176.768 100
    endloop
  endfacet
  facet normal 0 0 1
    outer loop
      vertex 24.5 142.564 100
      vertex 24.3611 27.0787 100
      vertex 24.5 27.1529 100
    endloop
  endfacet
  facet normal 0 0 1
    outer loop
      vertex 0 15 100
      vertex 24.3611 27.0787 100
      vertex 24.5 142.564 100
    endloop
  endfacet
  facet normal 0 0 1
    outer loop
      vertex 24.3611 27.0787 100
      vertex 0 15 100
      vertex 23.9822 26.7678 100
    endloop
  endfacet
  facet normal 0 0 1
    outer loop
      vertex 23.9822 26.7678 100
      vertex 0 15 100
      vertex 23.6713 26.3889 100
    endloop
  endfacet
  facet normal 0 0 1
    outer loop
      vertex 23.6713 26.3889 100
      vertex 0 15 100
      vertex 23.4403 25.9567 100
    endloop
  endfacet
  facet normal 0 0 1
    outer loop
      vertex 23.4403 25.9567 100
      vertex 0 15 100
      vertex 23.298 25.4877 100
    endloop
  endfacet
  facet normal 0 0 1
    outer loop
      vertex 55.25 175 100
      vertex 0 185 100
      vertex 24.5 142.564 100
    endloop
  endfacet
  facet normal 0 0 1
    outer loop
      vertex 55.25 175 100
      vertex 15 200 100
      vertex 0 185 100
    endloop
  endfacet
  facet normal 0 0 1
    outer loop
      vertex 56.3611 177.079 100
      vertex 15 200 100
      vertex 55.9822 176.768 100
    endloop
  endfacet
  facet normal 0 0 1
    outer loop
      vertex 56.7933 177.31 100
      vertex 15 200 100
      vertex 56.3611 177.079 100
    endloop
  endfacet
  facet normal 0 0 1
    outer loop
      vertex 57.2623 177.452 100
      vertex 15 200 100
      vertex 56.7933 177.31 100
    endloop
  endfacet
  facet normal 0 0 1
    outer loop
      vertex 57.75 177.5 100
      vertex 15 200 100
      vertex 57.2623 177.452 100
    endloop
  endfacet
  facet normal 0 0 1
    outer loop
      vertex 300 185 100
      vertex 276.702 174.512 100
      vertex 276.56 174.043 100
    endloop
  endfacet
  facet normal 0 0 1
    outer loop
      vertex 300 185 100
      vertex 276.56 174.043 100
      vertex 276.329 173.611 100
    endloop
  endfacet
  facet normal 0 0 1
    outer loop
      vertex 300 185 100
      vertex 276.329 173.611 100
      vertex 276.018 173.232 100
    endloop
  endfacet
  facet normal 0 0 1
    outer loop
      vertex 300 185 100
      vertex 276.018 173.232 100
      vertex 275.5 100.013 100
    endloop
  endfacet
  facet normal 0 0 1
    outer loop
      vertex 275.5 100.013 100
      vertex 276.018 173.232 100
      vertex 275.639 172.921 100
    endloop
  endfacet
  facet normal 0 0 1
    outer loop
      vertex 275.5 100.013 100
      vertex 275.639 172.921 100
      vertex 275.5 172.847 100
    endloop
  endfacet
  facet normal 0 0 1
    outer loop
      vertex 289.354 0.645894 100
      vertex 285 0 100
      vertex 287.926 0.28822 100
    endloop
  endfacet
  facet normal 0 0 1
    outer loop
      vertex 244.702 25.4877 100
      vertex 275.5 100.013 100
      vertex 248.5 100.013 100
    endloop
  endfacet
  facet normal 0 0 1
    outer loop
      vertex 243.5 104.297 100
      vertex 248.361 172.921 100
      vertex 247.982 173.232 100
    endloop
  endfacet
  facet normal 0 0 1
    outer loop
      vertex 243.5 104.297 100
      vertex 247.982 173.232 100
      vertex 247.671 173.611 100
    endloop
  endfacet
  facet normal 0 0 1
    outer loop
      vertex 243.5 104.297 100
      vertex 247.671 173.611 100
      vertex 247.44 174.043 100
    endloop
  endfacet
  facet normal 0 0 1
    outer loop
      vertex 243.5 104.297 100
      vertex 247.44 174.043 100
      vertex 247.298 174.512 100
    endloop
  endfacet
  facet normal 0 0 1
    outer loop
      vertex 243.5 104.297 100
      vertex 247.298 174.512 100
      vertex 247.25 175 100
    endloop
  endfacet
  facet normal 0 0 1
    outer loop
      vertex 248.5 172.847 100
      vertex 243.5 104.297 100
      vertex 248.5 100.013 100
    endloop
  endfacet
  facet normal 0 0 1
    outer loop
      vertex 287.926 0.28822 100
      vertex 285 0 100
      vertex 286.47 0.0722284 100
    endloop
  endfacet
  facet normal -0 0 1
    outer loop
      vertex 244.702 24.5123 100
      vertex 285 0 100
      vertex 244.75 25 100
    endloop
  endfacet
  facet normal -0 0 1
    outer loop
      vertex 244.56 24.0433 100
      vertex 285 0 100
      vertex 244.702 24.5123 100
    endloop
  endfacet
  facet normal -0 0 1
    outer loop
      vertex 244.329 23.6111 100
      vertex 285 0 100
      vertex 244.56 24.0433 100
    endloop
  endfacet
  facet normal -0 0 1
    outer loop
      vertex 244.018 23.2322 100
      vertex 285 0 100
      vertex 244.329 23.6111 100
    endloop
  endfacet
  facet normal -0 0 1
    outer loop
      vertex 243.639 22.9213 100
      vertex 285 0 100
      vertex 244.018 23.2322 100
    endloop
  endfacet
  facet normal -0 0 1
    outer loop
      vertex 243.207 22.6903 100
      vertex 285 0 100
      vertex 243.639 22.9213 100
    endloop
  endfacet
  facet normal -0 0 1
    outer loop
      vertex 242.738 22.548 100
      vertex 285 0 100
      vertex 243.207 22.6903 100
    endloop
  endfacet
  facet normal -0 0 1
    outer loop
      vertex 242.25 22.5 100
      vertex 285 0 100
      vertex 242.738 22.548 100
    endloop
  endfacet
  facet normal 0 0 1
    outer loop
      vertex 241.762 22.548 100
      vertex 285 0 100
      vertex 242.25 22.5 100
    endloop
  endfacet
  facet normal 0 0 1
    outer loop
      vertex 218.238 22.548 100
      vertex 241.762 22.548 100
      vertex 241.293 22.6903 100
    endloop
  endfacet
  facet normal 0 0 1
    outer loop
      vertex 240.861 27.0787 100
      vertex 234.161 40.9564 100
      vertex 240.482 26.7678 100
    endloop
  endfacet
  facet normal -0 0 1
    outer loop
      vertex 233.446 40.8865 100
      vertex 240.482 26.7678 100
      vertex 234.161 40.9564 100
    endloop
  endfacet
  facet normal 0 0 1
    outer loop
      vertex 240.482 26.7678 100
      vertex 233.446 40.8865 100
      vertex 240.171 26.3889 100
    endloop
  endfacet
  facet normal 0 0 1
    outer loop
      vertex 232.82 40.9368 100
      vertex 240.171 26.3889 100
      vertex 233.446 40.8865 100
    endloop
  endfacet
  facet normal 0 0 1
    outer loop
      vertex 240.171 26.3889 100
      vertex 232.82 40.9368 100
      vertex 239.94 25.9567 100
    endloop
  endfacet
  facet normal 0 0 1
    outer loop
      vertex 227.903 41.0268 100
      vertex 239.94 25.9567 100
      vertex 232.82 40.9368 100
    endloop
  endfacet
  facet normal 0 0 1
    outer loop
      vertex 220.25 25 100
      vertex 239.94 25.9567 100
      vertex 227.903 41.0268 100
    endloop
  endfacet
  facet normal 0 0 1
    outer loop
      vertex 239.94 25.9567 100
      vertex 220.25 25 100
      vertex 239.798 25.4877 100
    endloop
  endfacet
  facet normal 0 0 1
    outer loop
      vertex 239.75 25 100
      vertex 220.25 25 100
      vertex 239.798 24.5123 100
    endloop
  endfacet
  facet normal -0 0 1
    outer loop
      vertex 227.903 41.0268 100
      vertex 232.82 40.9368 100
      vertex 232.283 41.0879 100
    endloop
  endfacet
  facet normal 0 0 1
    outer loop
      vertex 228.989 41.3896 100
      vertex 232.283 41.0879 100
      vertex 231.835 41.3398 100
    endloop
  endfacet
  facet normal 0 0 1
    outer loop
      vertex 229.447 41.7021 100
      vertex 231.835 41.3398 100
      vertex 231.483 41.6871 100
    endloop
  endfacet
  facet normal -0 0 1
    outer loop
      vertex 229.83 42.0953 100
      vertex 231.483 41.6871 100
      vertex 231.234 42.1246 100
    endloop
  endfacet
  facet normal 0 0 1
    outer loop
      vertex 231.282 43.9055 100
      vertex 230.499 43.7148 100
      vertex 231.087 42.6523 100
    endloop
  endfacet
  facet normal -0 0 1
    outer loop
      vertex 230.364 43.1127 100
      vertex 231.087 42.6523 100
      vertex 230.499 43.7148 100
    endloop
  endfacet
  facet normal 0 0 1
    outer loop
      vertex 230.138 42.5692 100
      vertex 231.087 42.6523 100
      vertex 230.364 43.1127 100
    endloop
  endfacet
  facet normal 0 0 1
    outer loop
      vertex 231.087 42.6523 100
      vertex 230.138 42.5692 100
      vertex 231.234 42.1246 100
    endloop
  endfacet
  facet normal 0 0 1
    outer loop
      vertex 229.83 42.0953 100
      vertex 231.234 42.1246 100
      vertex 230.138 42.5692 100
    endloop
  endfacet
  facet normal 0 0 1
    outer loop
      vertex 231.483 41.6871 100
      vertex 229.83 42.0953 100
      vertex 229.447 41.7021 100
    endloop
  endfacet
  facet normal 0 0 1
    outer loop
      vertex 231.835 41.3398 100
      vertex 229.447 41.7021 100
      vertex 228.989 41.3896 100
    endloop
  endfacet
  facet normal 0 0 1
    outer loop
      vertex 232.283 41.0879 100
      vertex 228.989 41.3896 100
      vertex 228.47 41.1628 100
    endloop
  endfacet
  facet normal 0 0 1
    outer loop
      vertex 227.903 41.0268 100
      vertex 232.283 41.0879 100
      vertex 228.47 41.1628 100
    endloop
  endfacet
  facet normal 0 0 1
    outer loop
      vertex 239.798 25.4877 100
      vertex 220.25 25 100
      vertex 239.75 25 100
    endloop
  endfacet
  facet normal 0 0 1
    outer loop
      vertex 220.202 24.5123 100
      vertex 239.798 24.5123 100
      vertex 220.25 25 100
    endloop
  endfacet
  facet normal 0 0 1
    outer loop
      vertex 220.25 25 100
      vertex 227.903 41.0268 100
      vertex 227.288 40.9814 100
    endloop
  endfacet
  facet normal 0 0 1
    outer loop
      vertex 220.25 25 100
      vertex 227.288 40.9814 100
      vertex 224.582 40.9814 100
    endloop
  endfacet
  facet normal 0 0 1
    outer loop
      vertex 239.798 24.5123 100
      vertex 220.202 24.5123 100
      vertex 239.94 24.0433 100
    endloop
  endfacet
  facet normal 0 0 1
    outer loop
      vertex 220.06 24.0433 100
      vertex 239.94 24.0433 100
      vertex 220.202 24.5123 100
    endloop
  endfacet
  facet normal 0 0 1
    outer loop
      vertex 239.94 24.0433 100
      vertex 220.06 24.0433 100
      vertex 240.171 23.6111 100
    endloop
  endfacet
  facet normal 0 0 1
    outer loop
      vertex 219.829 23.6111 100
      vertex 240.171 23.6111 100
      vertex 220.06 24.0433 100
    endloop
  endfacet
  facet normal 0 0 1
    outer loop
      vertex 240.171 23.6111 100
      vertex 219.829 23.6111 100
      vertex 240.482 23.2322 100
    endloop
  endfacet
  facet normal 0 0 1
    outer loop
      vertex 219.518 23.2322 100
      vertex 240.482 23.2322 100
      vertex 219.829 23.6111 100
    endloop
  endfacet
  facet normal 0 0 1
    outer loop
      vertex 240.482 23.2322 100
      vertex 219.518 23.2322 100
      vertex 240.861 22.9213 100
    endloop
  endfacet
  facet normal 0 0 1
    outer loop
      vertex 219.139 22.9213 100
      vertex 240.861 22.9213 100
      vertex 219.518 23.2322 100
    endloop
  endfacet
  facet normal 0 0 1
    outer loop
      vertex 240.861 22.9213 100
      vertex 219.139 22.9213 100
      vertex 241.293 22.6903 100
    endloop
  endfacet
  facet normal 0 0 1
    outer loop
      vertex 218.707 22.6903 100
      vertex 241.293 22.6903 100
      vertex 219.139 22.9213 100
    endloop
  endfacet
  facet normal 0 0 1
    outer loop
      vertex 218.238 22.548 100
      vertex 241.293 22.6903 100
      vertex 218.707 22.6903 100
    endloop
  endfacet
  facet normal 0 0 1
    outer loop
      vertex 241.762 22.548 100
      vertex 218.238 22.548 100
      vertex 285 0 100
    endloop
  endfacet
  facet normal -0 0 1
    outer loop
      vertex 217.75 22.5 100
      vertex 285 0 100
      vertex 218.238 22.548 100
    endloop
  endfacet
  facet normal 0 0 1
    outer loop
      vertex 217.262 22.548 100
      vertex 285 0 100
      vertex 217.75 22.5 100
    endloop
  endfacet
  facet normal 0 0 1
    outer loop
      vertex 178.738 22.548 100
      vertex 217.262 22.548 100
      vertex 216.793 22.6903 100
    endloop
  endfacet
  facet normal 0 0 1
    outer loop
      vertex 247.25 175 100
      vertex 212.56 174.043 100
      vertex 212.329 173.611 100
    endloop
  endfacet
  facet normal 0 0 1
    outer loop
      vertex 247.25 175 100
      vertex 212.329 173.611 100
      vertex 212.018 173.232 100
    endloop
  endfacet
  facet normal 0 0 1
    outer loop
      vertex 247.25 175 100
      vertex 212.018 173.232 100
      vertex 211.639 172.921 100
    endloop
  endfacet
  facet normal 0 0 1
    outer loop
      vertex 243.5 104.297 100
      vertex 211.639 172.921 100
      vertex 216.5 104.297 100
    endloop
  endfacet
  facet normal -0 0 1
    outer loop
      vertex 211.5 172.847 100
      vertex 216.5 104.297 100
      vertex 211.639 172.921 100
    endloop
  endfacet
  facet normal 0 0 1
    outer loop
      vertex 216.5 104.297 100
      vertex 211.5 172.847 100
      vertex 211.5 91.1365 100
    endloop
  endfacet
  facet normal 0 0 1
    outer loop
      vertex 215.44 25.9567 100
      vertex 180.702 25.4877 100
      vertex 215.298 25.4877 100
    endloop
  endfacet
  facet normal 0 0 1
    outer loop
      vertex 215.982 26.7678 100
      vertex 180.018 26.7678 100
      vertex 215.671 26.3889 100
    endloop
  endfacet
  facet normal 0 0 1
    outer loop
      vertex 215.298 25.4877 100
      vertex 180.702 25.4877 100
      vertex 215.25 25 100
    endloop
  endfacet
  facet normal 0 0 1
    outer loop
      vertex 215.25 25 100
      vertex 180.75 25 100
      vertex 215.298 24.5123 100
    endloop
  endfacet
  facet normal 0 0 1
    outer loop
      vertex 179.5 116.227 100
      vertex 184.361 172.921 100
      vertex 183.982 173.232 100
    endloop
  endfacet
  facet normal 0 0 1
    outer loop
      vertex 179.5 116.227 100
      vertex 183.982 173.232 100
      vertex 183.671 173.611 100
    endloop
  endfacet
  facet normal 0 0 1
    outer loop
      vertex 179.5 116.227 100
      vertex 183.671 173.611 100
      vertex 183.44 174.043 100
    endloop
  endfacet
  facet normal 0 0 1
    outer loop
      vertex 179.5 116.227 100
      vertex 183.44 174.043 100
      vertex 183.298 174.512 100
    endloop
  endfacet
  facet normal 0 0 1
    outer loop
      vertex 179.5 116.227 100
      vertex 183.298 174.512 100
      vertex 183.25 175 100
    endloop
  endfacet
  facet normal 0 0 1
    outer loop
      vertex 184.5 172.847 100
      vertex 179.5 116.227 100
      vertex 184.5 91.1365 100
    endloop
  endfacet
  facet normal 0 0 1
    outer loop
      vertex 180.702 24.5123 100
      vertex 215.298 24.5123 100
      vertex 180.75 25 100
    endloop
  endfacet
  facet normal 0 0 1
    outer loop
      vertex 215.298 24.5123 100
      vertex 180.702 24.5123 100
      vertex 215.44 24.0433 100
    endloop
  endfacet
  facet normal 0 0 1
    outer loop
      vertex 180.56 24.0433 100
      vertex 215.44 24.0433 100
      vertex 180.702 24.5123 100
    endloop
  endfacet
  facet normal 0 0 1
    outer loop
      vertex 215.44 24.0433 100
      vertex 180.56 24.0433 100
      vertex 215.671 23.6111 100
    endloop
  endfacet
  facet normal 0 0 1
    outer loop
      vertex 180.329 23.6111 100
      vertex 215.671 23.6111 100
      vertex 180.56 24.0433 100
    endloop
  endfacet
  facet normal 0 0 1
    outer loop
      vertex 215.671 23.6111 100
      vertex 180.329 23.6111 100
      vertex 215.982 23.2322 100
    endloop
  endfacet
  facet normal 0 0 1
    outer loop
      vertex 180.018 23.2322 100
      vertex 215.982 23.2322 100
      vertex 180.329 23.6111 100
    endloop
  endfacet
  facet normal 0 0 1
    outer loop
      vertex 215.982 23.2322 100
      vertex 180.018 23.2322 100
      vertex 216.361 22.9213 100
    endloop
  endfacet
  facet normal 0 0 1
    outer loop
      vertex 179.639 22.9213 100
      vertex 216.361 22.9213 100
      vertex 180.018 23.2322 100
    endloop
  endfacet
  facet normal 0 0 1
    outer loop
      vertex 216.361 22.9213 100
      vertex 179.639 22.9213 100
      vertex 216.793 22.6903 100
    endloop
  endfacet
  facet normal 0 0 1
    outer loop
      vertex 179.207 22.6903 100
      vertex 216.793 22.6903 100
      vertex 179.639 22.9213 100
    endloop
  endfacet
  facet normal 0 0 1
    outer loop
      vertex 178.738 22.548 100
      vertex 216.793 22.6903 100
      vertex 179.207 22.6903 100
    endloop
  endfacet
  facet normal 0 0 1
    outer loop
      vertex 217.262 22.548 100
      vertex 178.738 22.548 100
      vertex 285 0 100
    endloop
  endfacet
  facet normal -0 0 1
    outer loop
      vertex 178.25 22.5 100
      vertex 285 0 100
      vertex 178.738 22.548 100
    endloop
  endfacet
  facet normal 0 0 1
    outer loop
      vertex 153.75 22.5 100
      vertex 178.25 22.5 100
      vertex 177.762 22.548 100
    endloop
  endfacet
  facet normal 0 0 1
    outer loop
      vertex 176.482 26.7678 100
      vertex 166.696 43.9159 100
      vertex 176.171 26.3889 100
    endloop
  endfacet
  facet normal 0 0 1
    outer loop
      vertex 156.202 25.4877 100
      vertex 176.171 26.3889 100
      vertex 166.696 43.9159 100
    endloop
  endfacet
  facet normal 0 0 1
    outer loop
      vertex 171.25 43.9159 100
      vertex 172.143 45.2783 100
      vertex 171.25 45.2783 100
    endloop
  endfacet
  facet normal 0 0 1
    outer loop
      vertex 176.171 26.3889 100
      vertex 156.202 25.4877 100
      vertex 175.94 25.9567 100
    endloop
  endfacet
  facet normal 0 0 1
    outer loop
      vertex 175.94 25.9567 100
      vertex 156.202 25.4877 100
      vertex 175.798 25.4877 100
    endloop
  endfacet
  facet normal 0 0 1
    outer loop
      vertex 166.696 43.9159 100
      vertex 169.978 43.9159 100
      vertex 166.935 45.2783 100
    endloop
  endfacet
  facet normal 0 0 1
    outer loop
      vertex 175.798 25.4877 100
      vertex 156.202 25.4877 100
      vertex 175.75 25 100
    endloop
  endfacet
  facet normal 0 0 1
    outer loop
      vertex 175.75 25 100
      vertex 156.25 25 100
      vertex 175.798 24.5123 100
    endloop
  endfacet
  facet normal 0 0 1
    outer loop
      vertex 156.202 25.4877 100
      vertex 166.696 43.9159 100
      vertex 165.31 43.9159 100
    endloop
  endfacet
  facet normal 0 0 1
    outer loop
      vertex 156.202 24.5123 100
      vertex 175.798 24.5123 100
      vertex 156.25 25 100
    endloop
  endfacet
  facet normal -0 0 1
    outer loop
      vertex 162.167 45.6248 100
      vertex 165.31 43.9159 100
      vertex 164.716 45.6248 100
    endloop
  endfacet
  facet normal 0 0 1
    outer loop
      vertex 161.574 43.9159 100
      vertex 165.31 43.9159 100
      vertex 162.167 45.6248 100
    endloop
  endfacet
  facet normal 0 0 1
    outer loop
      vertex 156.202 25.4877 100
      vertex 165.31 43.9159 100
      vertex 161.574 43.9159 100
    endloop
  endfacet
  facet normal 0 0 1
    outer loop
      vertex 155.139 27.0787 100
      vertex 161.574 43.9159 100
      vertex 160.174 43.9159 100
    endloop
  endfacet
  facet normal 0 0 1
    outer loop
      vertex 175.798 24.5123 100
      vertex 156.202 24.5123 100
      vertex 175.94 24.0433 100
    endloop
  endfacet
  facet normal 0 0 1
    outer loop
      vertex 156.06 24.0433 100
      vertex 175.94 24.0433 100
      vertex 156.202 24.5123 100
    endloop
  endfacet
  facet normal 0 0 1
    outer loop
      vertex 175.94 24.0433 100
      vertex 156.06 24.0433 100
      vertex 176.171 23.6111 100
    endloop
  endfacet
  facet normal 0 0 1
    outer loop
      vertex 155.829 23.6111 100
      vertex 176.171 23.6111 100
      vertex 156.06 24.0433 100
    endloop
  endfacet
  facet normal 0 0 1
    outer loop
      vertex 176.171 23.6111 100
      vertex 155.829 23.6111 100
      vertex 176.482 23.2322 100
    endloop
  endfacet
  facet normal 0 0 1
    outer loop
      vertex 155.518 23.2322 100
      vertex 176.482 23.2322 100
      vertex 155.829 23.6111 100
    endloop
  endfacet
  facet normal 0 0 1
    outer loop
      vertex 176.482 23.2322 100
      vertex 155.518 23.2322 100
      vertex 176.861 22.9213 100
    endloop
  endfacet
  facet normal 0 0 1
    outer loop
      vertex 155.139 22.9213 100
      vertex 176.861 22.9213 100
      vertex 155.518 23.2322 100
    endloop
  endfacet
  facet normal 0 0 1
    outer loop
      vertex 176.861 22.9213 100
      vertex 155.139 22.9213 100
      vertex 177.293 22.6903 100
    endloop
  endfacet
  facet normal 0 0 1
    outer loop
      vertex 154.707 22.6903 100
      vertex 177.293 22.6903 100
      vertex 155.139 22.9213 100
    endloop
  endfacet
  facet normal 0 0 1
    outer loop
      vertex 177.293 22.6903 100
      vertex 154.707 22.6903 100
      vertex 177.762 22.548 100
    endloop
  endfacet
  facet normal 0 0 1
    outer loop
      vertex 154.238 22.548 100
      vertex 177.762 22.548 100
      vertex 154.707 22.6903 100
    endloop
  endfacet
  facet normal 0 0 1
    outer loop
      vertex 153.75 22.5 100
      vertex 177.762 22.548 100
      vertex 154.238 22.548 100
    endloop
  endfacet
  facet normal 0 0 1
    outer loop
      vertex 178.25 22.5 100
      vertex 153.75 22.5 100
      vertex 285 0 100
    endloop
  endfacet
  facet normal 0 0 1
    outer loop
      vertex 114.25 22.5 100
      vertex 153.75 22.5 100
      vertex 153.262 22.548 100
    endloop
  endfacet
  facet normal 0 0 1
    outer loop
      vertex 183.25 175 100
      vertex 148.56 174.043 100
      vertex 148.329 173.611 100
    endloop
  endfacet
  facet normal 0 0 1
    outer loop
      vertex 183.25 175 100
      vertex 148.329 173.611 100
      vertex 148.018 173.232 100
    endloop
  endfacet
  facet normal 0 0 1
    outer loop
      vertex 183.25 175 100
      vertex 148.018 173.232 100
      vertex 147.639 172.921 100
    endloop
  endfacet
  facet normal 0 0 1
    outer loop
      vertex 179.5 116.227 100
      vertex 147.639 172.921 100
      vertex 152.5 116.227 100
    endloop
  endfacet
  facet normal -0 0 1
    outer loop
      vertex 147.5 172.847 100
      vertex 152.5 116.227 100
      vertex 147.639 172.921 100
    endloop
  endfacet
  facet normal 0 0 1
    outer loop
      vertex 152.5 116.227 100
      vertex 147.5 172.847 100
      vertex 147.5 78.4971 100
    endloop
  endfacet
  facet normal 0 0 1
    outer loop
      vertex 151.44 25.9567 100
      vertex 116.702 25.4877 100
      vertex 151.298 25.4877 100
    endloop
  endfacet
  facet normal 0 0 1
    outer loop
      vertex 151.982 26.7678 100
      vertex 116.018 26.7678 100
      vertex 151.671 26.3889 100
    endloop
  endfacet
  facet normal 0 0 1
    outer loop
      vertex 151.298 25.4877 100
      vertex 116.702 25.4877 100
      vertex 151.25 25 100
    endloop
  endfacet
  facet normal 0 0 1
    outer loop
      vertex 151.25 25 100
      vertex 116.75 25 100
      vertex 151.298 24.5123 100
    endloop
  endfacet
  facet normal 0 0 1
    outer loop
      vertex 116.702 24.5123 100
      vertex 151.298 24.5123 100
      vertex 116.75 25 100
    endloop
  endfacet
  facet normal 0 0 1
    outer loop
      vertex 115.5 130.011 100
      vertex 120.361 172.921 100
      vertex 119.982 173.232 100
    endloop
  endfacet
  facet normal 0 0 1
    outer loop
      vertex 115.5 130.011 100
      vertex 119.982 173.232 100
      vertex 119.671 173.611 100
    endloop
  endfacet
  facet normal 0 0 1
    outer loop
      vertex 115.5 130.011 100
      vertex 119.671 173.611 100
      vertex 119.44 174.043 100
    endloop
  endfacet
  facet normal 0 0 1
    outer loop
      vertex 115.5 130.011 100
      vertex 119.44 174.043 100
      vertex 119.298 174.512 100
    endloop
  endfacet
  facet normal 0 0 1
    outer loop
      vertex 115.5 130.011 100
      vertex 119.298 174.512 100
      vertex 119.25 175 100
    endloop
  endfacet
  facet normal 0 0 1
    outer loop
      vertex 120.5 172.847 100
      vertex 115.5 130.011 100
      vertex 120.5 78.4971 100
    endloop
  endfacet
  facet normal 0 0 1
    outer loop
      vertex 151.298 24.5123 100
      vertex 116.702 24.5123 100
      vertex 151.44 24.0433 100
    endloop
  endfacet
  facet normal 0 0 1
    outer loop
      vertex 116.56 24.0433 100
      vertex 151.44 24.0433 100
      vertex 116.702 24.5123 100
    endloop
  endfacet
  facet normal 0 0 1
    outer loop
      vertex 151.44 24.0433 100
      vertex 116.56 24.0433 100
      vertex 151.671 23.6111 100
    endloop
  endfacet
  facet normal 0 0 1
    outer loop
      vertex 116.329 23.6111 100
      vertex 151.671 23.6111 100
      vertex 116.56 24.0433 100
    endloop
  endfacet
  facet normal 0 0 1
    outer loop
      vertex 151.671 23.6111 100
      vertex 116.329 23.6111 100
      vertex 151.982 23.2322 100
    endloop
  endfacet
  facet normal 0 0 1
    outer loop
      vertex 116.018 23.2322 100
      vertex 151.982 23.2322 100
      vertex 116.329 23.6111 100
    endloop
  endfacet
  facet normal 0 0 1
    outer loop
      vertex 151.982 23.2322 100
      vertex 116.018 23.2322 100
      vertex 152.361 22.9213 100
    endloop
  endfacet
  facet normal 0 0 1
    outer loop
      vertex 115.639 22.9213 100
      vertex 152.361 22.9213 100
      vertex 116.018 23.2322 100
    endloop
  endfacet
  facet normal 0 0 1
    outer loop
      vertex 152.361 22.9213 100
      vertex 115.639 22.9213 100
      vertex 152.793 22.6903 100
    endloop
  endfacet
  facet normal 0 0 1
    outer loop
      vertex 115.207 22.6903 100
      vertex 152.793 22.6903 100
      vertex 115.639 22.9213 100
    endloop
  endfacet
  facet normal 0 0 1
    outer loop
      vertex 152.793 22.6903 100
      vertex 115.207 22.6903 100
      vertex 153.262 22.548 100
    endloop
  endfacet
  facet normal 0 0 1
    outer loop
      vertex 114.738 22.548 100
      vertex 153.262 22.548 100
      vertex 115.207 22.6903 100
    endloop
  endfacet
  facet normal 0 0 1
    outer loop
      vertex 114.25 22.5 100
      vertex 153.262 22.548 100
      vertex 114.738 22.548 100
    endloop
  endfacet
  facet normal 0 0 1
    outer loop
      vertex 153.75 22.5 100
      vertex 114.25 22.5 100
      vertex 15 0 100
    endloop
  endfacet
  facet normal 0 0 1
    outer loop
      vertex 89.75 22.5 100
      vertex 114.25 22.5 100
      vertex 113.762 22.548 100
    endloop
  endfacet
  facet normal 0 0 1
    outer loop
      vertex 112.482 26.7678 100
      vertex 102.298 47.3618 100
      vertex 112.171 26.3889 100
    endloop
  endfacet
  facet normal 0 0 1
    outer loop
      vertex 92.25 25 100
      vertex 112.171 26.3889 100
      vertex 102.298 47.3618 100
    endloop
  endfacet
  facet normal 0 0 1
    outer loop
      vertex 106.988 47.3618 100
      vertex 107.881 48.7242 100
      vertex 106.988 48.7242 100
    endloop
  endfacet
  facet normal 0 0 1
    outer loop
      vertex 112.171 26.3889 100
      vertex 92.25 25 100
      vertex 111.94 25.9567 100
    endloop
  endfacet
  facet normal 0 0 1
    outer loop
      vertex 111.94 25.9567 100
      vertex 92.25 25 100
      vertex 111.798 25.4877 100
    endloop
  endfacet
  facet normal 0 0 1
    outer loop
      vertex 102.298 47.3618 100
      vertex 105.716 47.3618 100
      vertex 102.673 48.7242 100
    endloop
  endfacet
  facet normal 0 0 1
    outer loop
      vertex 111.798 25.4877 100
      vertex 92.25 25 100
      vertex 111.75 25 100
    endloop
  endfacet
  facet normal 0 0 1
    outer loop
      vertex 102.298 47.3618 100
      vertex 102.673 48.7242 100
      vertex 102.298 48.4441 100
    endloop
  endfacet
  facet normal 0 0 1
    outer loop
      vertex 111.75 25 100
      vertex 92.25 25 100
      vertex 111.798 24.5123 100
    endloop
  endfacet
  facet normal 0 0 1
    outer loop
      vertex 92.25 25 100
      vertex 102.298 47.3618 100
      vertex 96.8438 47.3618 100
    endloop
  endfacet
  facet normal 0 0 1
    outer loop
      vertex 92.202 24.5123 100
      vertex 111.798 24.5123 100
      vertex 92.25 25 100
    endloop
  endfacet
  facet normal 0 0 1
    outer loop
      vertex 111.798 24.5123 100
      vertex 92.202 24.5123 100
      vertex 111.94 24.0433 100
    endloop
  endfacet
  facet normal 0 0 1
    outer loop
      vertex 92.0597 24.0433 100
      vertex 111.94 24.0433 100
      vertex 92.202 24.5123 100
    endloop
  endfacet
  facet normal 0 0 1
    outer loop
      vertex 111.94 24.0433 100
      vertex 92.0597 24.0433 100
      vertex 112.171 23.6111 100
    endloop
  endfacet
  facet normal 0 0 1
    outer loop
      vertex 91.8287 23.6111 100
      vertex 112.171 23.6111 100
      vertex 92.0597 24.0433 100
    endloop
  endfacet
  facet normal 0 0 1
    outer loop
      vertex 112.171 23.6111 100
      vertex 91.8287 23.6111 100
      vertex 112.482 23.2322 100
    endloop
  endfacet
  facet normal 0 0 1
    outer loop
      vertex 91.5178 23.2322 100
      vertex 112.482 23.2322 100
      vertex 91.8287 23.6111 100
    endloop
  endfacet
  facet normal 0 0 1
    outer loop
      vertex 112.482 23.2322 100
      vertex 91.5178 23.2322 100
      vertex 112.861 22.9213 100
    endloop
  endfacet
  facet normal 0 0 1
    outer loop
      vertex 91.1389 22.9213 100
      vertex 112.861 22.9213 100
      vertex 91.5178 23.2322 100
    endloop
  endfacet
  facet normal 0 0 1
    outer loop
      vertex 112.861 22.9213 100
      vertex 91.1389 22.9213 100
      vertex 113.293 22.6903 100
    endloop
  endfacet
  facet normal 0 0 1
    outer loop
      vertex 90.7067 22.6903 100
      vertex 113.293 22.6903 100
      vertex 91.1389 22.9213 100
    endloop
  endfacet
  facet normal 0 0 1
    outer loop
      vertex 113.293 22.6903 100
      vertex 90.7067 22.6903 100
      vertex 113.762 22.548 100
    endloop
  endfacet
  facet normal 0 0 1
    outer loop
      vertex 90.2377 22.548 100
      vertex 113.762 22.548 100
      vertex 90.7067 22.6903 100
    endloop
  endfacet
  facet normal 0 0 1
    outer loop
      vertex 89.75 22.5 100
      vertex 113.762 22.548 100
      vertex 90.2377 22.548 100
    endloop
  endfacet
  facet normal 0 0 1
    outer loop
      vertex 114.25 22.5 100
      vertex 89.75 22.5 100
      vertex 15 0 100
    endloop
  endfacet
  facet normal 0 0 1
    outer loop
      vertex 15 0 100
      vertex 89.75 22.5 100
      vertex 89.2623 22.548 100
    endloop
  endfacet
  facet normal 0 0 1
    outer loop
      vertex 119.25 175 100
      vertex 84.5597 174.043 100
      vertex 84.3287 173.611 100
    endloop
  endfacet
  facet normal 0 0 1
    outer loop
      vertex 119.25 175 100
      vertex 84.3287 173.611 100
      vertex 84.0178 173.232 100
    endloop
  endfacet
  facet normal 0 0 1
    outer loop
      vertex 115.5 130.011 100
      vertex 84.0178 173.232 100
      vertex 88.5 130.011 100
    endloop
  endfacet
  facet normal -0 0 1
    outer loop
      vertex 83.6389 172.921 100
      vertex 88.5 130.011 100
      vertex 84.0178 173.232 100
    endloop
  endfacet
  facet normal -0 0 1
    outer loop
      vertex 83.5 172.847 100
      vertex 88.5 130.011 100
      vertex 83.6389 172.921 100
    endloop
  endfacet
  facet normal 0 0 1
    outer loop
      vertex 88.5 130.011 100
      vertex 83.5 172.847 100
      vertex 83.5 63.892 100
    endloop
  endfacet
  facet normal 0 0 1
    outer loop
      vertex 87.4403 25.9567 100
      vertex 52.702 25.4877 100
      vertex 87.298 25.4877 100
    endloop
  endfacet
  facet normal 0 0 1
    outer loop
      vertex 87.9822 26.7678 100
      vertex 52.0178 26.7678 100
      vertex 87.6713 26.3889 100
    endloop
  endfacet
  facet normal 0 0 1
    outer loop
      vertex 87.298 25.4877 100
      vertex 52.702 25.4877 100
      vertex 87.25 25 100
    endloop
  endfacet
  facet normal 0 0 1
    outer loop
      vertex 87.25 25 100
      vertex 52.75 25 100
      vertex 87.298 24.5123 100
    endloop
  endfacet
  facet normal 0 0 1
    outer loop
      vertex 52.702 24.5123 100
      vertex 87.298 24.5123 100
      vertex 52.75 25 100
    endloop
  endfacet
  facet normal 0 0 1
    outer loop
      vertex 51.5 142.564 100
      vertex 56.3611 172.921 100
      vertex 55.9822 173.232 100
    endloop
  endfacet
  facet normal 0 0 1
    outer loop
      vertex 51.5 142.564 100
      vertex 55.9822 173.232 100
      vertex 55.6713 173.611 100
    endloop
  endfacet
  facet normal 0 0 1
    outer loop
      vertex 51.5 142.564 100
      vertex 55.6713 173.611 100
      vertex 55.4403 174.043 100
    endloop
  endfacet
  facet normal 0 0 1
    outer loop
      vertex 51.5 142.564 100
      vertex 55.4403 174.043 100
      vertex 55.298 174.512 100
    endloop
  endfacet
  facet normal 0 0 1
    outer loop
      vertex 51.5 142.564 100
      vertex 55.298 174.512 100
      vertex 55.25 175 100
    endloop
  endfacet
  facet normal 0 0 1
    outer loop
      vertex 56.5 172.847 100
      vertex 51.5 142.564 100
      vertex 56.5 63.892 100
    endloop
  endfacet
  facet normal 0 0 1
    outer loop
      vertex 87.298 24.5123 100
      vertex 52.702 24.5123 100
      vertex 87.4403 24.0433 100
    endloop
  endfacet
  facet normal 0 0 1
    outer loop
      vertex 52.5597 24.0433 100
      vertex 87.4403 24.0433 100
      vertex 52.702 24.5123 100
    endloop
  endfacet
  facet normal 0 0 1
    outer loop
      vertex 87.4403 24.0433 100
      vertex 52.5597 24.0433 100
      vertex 87.6713 23.6111 100
    endloop
  endfacet
  facet normal 0 0 1
    outer loop
      vertex 52.3287 23.6111 100
      vertex 87.6713 23.6111 100
      vertex 52.5597 24.0433 100
    endloop
  endfacet
  facet normal 0 0 1
    outer loop
      vertex 87.6713 23.6111 100
      vertex 52.3287 23.6111 100
      vertex 87.9822 23.2322 100
    endloop
  endfacet
  facet normal 0 0 1
    outer loop
      vertex 52.0178 23.2322 100
      vertex 87.9822 23.2322 100
      vertex 52.3287 23.6111 100
    endloop
  endfacet
  facet normal 0 0 1
    outer loop
      vertex 87.9822 23.2322 100
      vertex 52.0178 23.2322 100
      vertex 88.3611 22.9213 100
    endloop
  endfacet
  facet normal 0 0 1
    outer loop
      vertex 51.6389 22.9213 100
      vertex 88.3611 22.9213 100
      vertex 52.0178 23.2322 100
    endloop
  endfacet
  facet normal 0 0 1
    outer loop
      vertex 88.3611 22.9213 100
      vertex 51.6389 22.9213 100
      vertex 88.7933 22.6903 100
    endloop
  endfacet
  facet normal 0 0 1
    outer loop
      vertex 51.2067 22.6903 100
      vertex 88.7933 22.6903 100
      vertex 51.6389 22.9213 100
    endloop
  endfacet
  facet normal 0 0 1
    outer loop
      vertex 88.7933 22.6903 100
      vertex 51.2067 22.6903 100
      vertex 89.2623 22.548 100
    endloop
  endfacet
  facet normal 0 0 1
    outer loop
      vertex 50.7377 22.548 100
      vertex 89.2623 22.548 100
      vertex 51.2067 22.6903 100
    endloop
  endfacet
  facet normal 0 0 1
    outer loop
      vertex 89.2623 22.548 100
      vertex 50.7377 22.548 100
      vertex 15 0 100
    endloop
  endfacet
  facet normal 0 0 1
    outer loop
      vertex 15 0 100
      vertex 50.7377 22.548 100
      vertex 50.25 22.5 100
    endloop
  endfacet
  facet normal 0 0 1
    outer loop
      vertex 28.25 25 100
      vertex 48.4822 26.7678 100
      vertex 36.3808 50.4555 100
    endloop
  endfacet
  facet normal 0 0 1
    outer loop
      vertex 48.4822 26.7678 100
      vertex 28.25 25 100
      vertex 48.1713 26.3889 100
    endloop
  endfacet
  facet normal 0 0 1
    outer loop
      vertex 43.2502 50.498 100
      vertex 44.1426 51.8603 100
      vertex 43.2502 51.8603 100
    endloop
  endfacet
  facet normal 0 0 1
    outer loop
      vertex 48.1713 26.3889 100
      vertex 28.25 25 100
      vertex 47.9403 25.9567 100
    endloop
  endfacet
  facet normal 0 0 1
    outer loop
      vertex 47.9403 25.9567 100
      vertex 28.25 25 100
      vertex 47.798 25.4877 100
    endloop
  endfacet
  facet normal -0 0 1
    outer loop
      vertex 37.9976 51.2453 100
      vertex 41.978 50.498 100
      vertex 38.9352 51.8603 100
    endloop
  endfacet
  facet normal -0 0 1
    outer loop
      vertex 36.9892 50.6129 100
      vertex 41.978 50.498 100
      vertex 37.5306 50.8753 100
    endloop
  endfacet
  facet normal 0 0 1
    outer loop
      vertex 38.3829 51.7255 100
      vertex 38.9352 51.8603 100
      vertex 38.6864 52.316 100
    endloop
  endfacet
  facet normal 0 0 1
    outer loop
      vertex 37.9976 51.2453 100
      vertex 38.9352 51.8603 100
      vertex 38.3829 51.7255 100
    endloop
  endfacet
  facet normal 0 0 1
    outer loop
      vertex 41.978 50.498 100
      vertex 37.9976 51.2453 100
      vertex 37.5306 50.8753 100
    endloop
  endfacet
  facet normal 0 0 1
    outer loop
      vertex 36.3808 50.4555 100
      vertex 41.978 50.498 100
      vertex 36.9892 50.6129 100
    endloop
  endfacet
  facet normal 0 0 1
    outer loop
      vertex 47.798 25.4877 100
      vertex 28.25 25 100
      vertex 47.75 25 100
    endloop
  endfacet
  facet normal 0 0 1
    outer loop
      vertex 47.75 25 100
      vertex 28.25 25 100
      vertex 47.798 24.5123 100
    endloop
  endfacet
  facet normal 0 0 1
    outer loop
      vertex 28.25 25 100
      vertex 36.3808 50.4555 100
      vertex 35.7054 50.403 100
    endloop
  endfacet
  facet normal 0 0 1
    outer loop
      vertex 28.25 25 100
      vertex 35.7054 50.403 100
      vertex 34.7109 50.5046 100
    endloop
  endfacet
  facet normal 0 0 1
    outer loop
      vertex 28.25 25 100
      vertex 34.7109 50.5046 100
      vertex 33.8794 50.8092 100
    endloop
  endfacet
  facet normal 0 0 1
    outer loop
      vertex 28.25 25 100
      vertex 33.8794 50.8092 100
      vertex 33.2109 51.3168 100
    endloop
  endfacet
  facet normal 0 0 1
    outer loop
      vertex 28.202 24.5123 100
      vertex 47.798 24.5123 100
      vertex 28.25 25 100
    endloop
  endfacet
  facet normal 0 0 1
    outer loop
      vertex 28.25 25 100
      vertex 33.2109 51.3168 100
      vertex 32.7217 52.007 100
    endloop
  endfacet
  facet normal 0 0 1
    outer loop
      vertex 28.25 25 100
      vertex 32.4282 52.859 100
      vertex 32.3303 53.873 100
    endloop
  endfacet
  facet normal 0 0 1
    outer loop
      vertex 28.25 25 100
      vertex 32.7217 52.007 100
      vertex 32.4282 52.859 100
    endloop
  endfacet
  facet normal 0 0 1
    outer loop
      vertex 47.798 24.5123 100
      vertex 28.202 24.5123 100
      vertex 47.9403 24.0433 100
    endloop
  endfacet
  facet normal 0 0 1
    outer loop
      vertex 28.0597 24.0433 100
      vertex 47.9403 24.0433 100
      vertex 28.202 24.5123 100
    endloop
  endfacet
  facet normal 0 0 1
    outer loop
      vertex 47.9403 24.0433 100
      vertex 28.0597 24.0433 100
      vertex 48.1713 23.6111 100
    endloop
  endfacet
  facet normal 0 0 1
    outer loop
      vertex 27.8287 23.6111 100
      vertex 48.1713 23.6111 100
      vertex 28.0597 24.0433 100
    endloop
  endfacet
  facet normal 0 0 1
    outer loop
      vertex 48.1713 23.6111 100
      vertex 27.8287 23.6111 100
      vertex 48.4822 23.2322 100
    endloop
  endfacet
  facet normal 0 0 1
    outer loop
      vertex 27.5178 23.2322 100
      vertex 48.4822 23.2322 100
      vertex 27.8287 23.6111 100
    endloop
  endfacet
  facet normal 0 0 1
    outer loop
      vertex 48.4822 23.2322 100
      vertex 27.5178 23.2322 100
      vertex 48.8611 22.9213 100
    endloop
  endfacet
  facet normal 0 0 1
    outer loop
      vertex 27.1389 22.9213 100
      vertex 48.8611 22.9213 100
      vertex 27.5178 23.2322 100
    endloop
  endfacet
  facet normal 0 0 1
    outer loop
      vertex 48.8611 22.9213 100
      vertex 27.1389 22.9213 100
      vertex 49.2933 22.6903 100
    endloop
  endfacet
  facet normal 0 0 1
    outer loop
      vertex 15 0 100
      vertex 49.2933 22.6903 100
      vertex 27.1389 22.9213 100
    endloop
  endfacet
  facet normal 0 0 1
    outer loop
      vertex 49.2933 22.6903 100
      vertex 15 0 100
      vertex 49.7623 22.548 100
    endloop
  endfacet
  facet normal 0 0 1
    outer loop
      vertex 49.7623 22.548 100
      vertex 15 0 100
      vertex 50.25 22.5 100
    endloop
  endfacet
  facet normal 0 0 1
    outer loop
      vertex 15 0 100
      vertex 27.1389 22.9213 100
      vertex 26.7067 22.6903 100
    endloop
  endfacet
  facet normal 0 0 1
    outer loop
      vertex 15 0 100
      vertex 26.7067 22.6903 100
      vertex 26.2377 22.548 100
    endloop
  endfacet
  facet normal 0 0 1
    outer loop
      vertex 15 0 100
      vertex 26.2377 22.548 100
      vertex 25.75 22.5 100
    endloop
  endfacet
  facet normal 0 0 1
    outer loop
      vertex 153.75 22.5 100
      vertex 15 0 100
      vertex 285 0 100
    endloop
  endfacet
  facet normal 0 0 1
    outer loop
      vertex 25.2623 22.548 100
      vertex 15 0 100
      vertex 25.75 22.5 100
    endloop
  endfacet
  facet normal 0 0 1
    outer loop
      vertex 24.7933 22.6903 100
      vertex 15 0 100
      vertex 25.2623 22.548 100
    endloop
  endfacet
  facet normal 0 0 1
    outer loop
      vertex 24.3611 22.9213 100
      vertex 15 0 100
      vertex 24.7933 22.6903 100
    endloop
  endfacet
  facet normal 0 0 1
    outer loop
      vertex 23.9822 23.2322 100
      vertex 15 0 100
      vertex 24.3611 22.9213 100
    endloop
  endfacet
  facet normal 0 0 1
    outer loop
      vertex 0.28822 12.0736 100
      vertex 23.9822 23.2322 100
      vertex 23.6713 23.6111 100
    endloop
  endfacet
  facet normal 0 0 1
    outer loop
      vertex 0 15 100
      vertex 23.6713 23.6111 100
      vertex 23.4403 24.0433 100
    endloop
  endfacet
  facet normal 0 0 1
    outer loop
      vertex 0 15 100
      vertex 23.4403 24.0433 100
      vertex 23.298 24.5123 100
    endloop
  endfacet
  facet normal 0 0 1
    outer loop
      vertex 0 15 100
      vertex 23.298 24.5123 100
      vertex 23.25 25 100
    endloop
  endfacet
  facet normal 0 0 1
    outer loop
      vertex 0 15 100
      vertex 24.5 142.564 100
      vertex 0 185 100
    endloop
  endfacet
  facet normal 0 0 1
    outer loop
      vertex 0 185 100
      vertex 15 200 100
      vertex 13.5297 199.928 100
    endloop
  endfacet
  facet normal 0 0 1
    outer loop
      vertex 23.298 25.4877 100
      vertex 0 15 100
      vertex 23.25 25 100
    endloop
  endfacet
  facet normal 0 0 1
    outer loop
      vertex 0 185 100
      vertex 13.5297 199.928 100
      vertex 12.0736 199.712 100
    endloop
  endfacet
  facet normal 0 0 1
    outer loop
      vertex 23.6713 23.6111 100
      vertex 0 15 100
      vertex 0.0722284 13.5297 100
    endloop
  endfacet
  facet normal 0 0 1
    outer loop
      vertex 0 185 100
      vertex 12.0736 199.712 100
      vertex 10.6457 199.354 100
    endloop
  endfacet
  facet normal 0 0 1
    outer loop
      vertex 23.9822 23.2322 100
      vertex 13.5297 0.0722284 100
      vertex 15 0 100
    endloop
  endfacet
  facet normal 0 0 1
    outer loop
      vertex 0 185 100
      vertex 10.6457 199.354 100
      vertex 9.25975 198.858 100
    endloop
  endfacet
  facet normal 0 0 1
    outer loop
      vertex 23.9822 23.2322 100
      vertex 12.0736 0.28822 100
      vertex 13.5297 0.0722284 100
    endloop
  endfacet
  facet normal 0 0 1
    outer loop
      vertex 0 185 100
      vertex 9.25975 198.858 100
      vertex 7.92905 198.229 100
    endloop
  endfacet
  facet normal 0 0 1
    outer loop
      vertex 23.9822 23.2322 100
      vertex 10.6457 0.645894 100
      vertex 12.0736 0.28822 100
    endloop
  endfacet
  facet normal 0 0 1
    outer loop
      vertex 0 185 100
      vertex 7.92905 198.229 100
      vertex 6.66645 197.472 100
    endloop
  endfacet
  facet normal 0 0 1
    outer loop
      vertex 23.9822 23.2322 100
      vertex 9.25975 1.14181 100
      vertex 10.6457 0.645894 100
    endloop
  endfacet
  facet normal 0 0 1
    outer loop
      vertex 0 185 100
      vertex 6.66645 197.472 100
      vertex 5.4841 196.595 100
    endloop
  endfacet
  facet normal 0 0 1
    outer loop
      vertex 23.9822 23.2322 100
      vertex 7.92905 1.77118 100
      vertex 9.25975 1.14181 100
    endloop
  endfacet
  facet normal 0 0 1
    outer loop
      vertex 0 185 100
      vertex 5.4841 196.595 100
      vertex 4.3934 195.607 100
    endloop
  endfacet
  facet normal 0 0 1
    outer loop
      vertex 23.9822 23.2322 100
      vertex 6.66645 2.52796 100
      vertex 7.92905 1.77118 100
    endloop
  endfacet
  facet normal 0 0 1
    outer loop
      vertex 0 185 100
      vertex 4.3934 195.607 100
      vertex 3.40484 194.516 100
    endloop
  endfacet
  facet normal 0 0 1
    outer loop
      vertex 23.9822 23.2322 100
      vertex 5.4841 3.40484 100
      vertex 6.66645 2.52796 100
    endloop
  endfacet
  facet normal 0 0 1
    outer loop
      vertex 0 185 100
      vertex 3.40484 194.516 100
      vertex 2.52796 193.334 100
    endloop
  endfacet
  facet normal 0 0 1
    outer loop
      vertex 23.9822 23.2322 100
      vertex 4.3934 4.3934 100
      vertex 5.4841 3.40484 100
    endloop
  endfacet
  facet normal 0 0 1
    outer loop
      vertex 0 185 100
      vertex 2.52796 193.334 100
      vertex 1.77118 192.071 100
    endloop
  endfacet
  facet normal 0 0 1
    outer loop
      vertex 23.9822 23.2322 100
      vertex 3.40484 5.4841 100
      vertex 4.3934 4.3934 100
    endloop
  endfacet
  facet normal 0 0 1
    outer loop
      vertex 0 185 100
      vertex 1.77118 192.071 100
      vertex 1.14181 190.74 100
    endloop
  endfacet
  facet normal 0 0 1
    outer loop
      vertex 23.9822 23.2322 100
      vertex 2.52796 6.66645 100
      vertex 3.40484 5.4841 100
    endloop
  endfacet
  facet normal 0 0 1
    outer loop
      vertex 0 185 100
      vertex 1.14181 190.74 100
      vertex 0.645894 189.354 100
    endloop
  endfacet
  facet normal 0 0 1
    outer loop
      vertex 23.9822 23.2322 100
      vertex 1.77118 7.92905 100
      vertex 2.52796 6.66645 100
    endloop
  endfacet
  facet normal 0 0 1
    outer loop
      vertex 0 185 100
      vertex 0.645894 189.354 100
      vertex 0.28822 187.926 100
    endloop
  endfacet
  facet normal 0 0 1
    outer loop
      vertex 23.9822 23.2322 100
      vertex 1.14181 9.25975 100
      vertex 1.77118 7.92905 100
    endloop
  endfacet
  facet normal 0 0 1
    outer loop
      vertex 0 185 100
      vertex 0.28822 187.926 100
      vertex 0.0722284 186.47 100
    endloop
  endfacet
  facet normal 0 0 1
    outer loop
      vertex 23.9822 23.2322 100
      vertex 0.645894 10.6457 100
      vertex 1.14181 9.25975 100
    endloop
  endfacet
  facet normal 0 0 1
    outer loop
      vertex 23.9822 23.2322 100
      vertex 0.28822 12.0736 100
      vertex 0.645894 10.6457 100
    endloop
  endfacet
  facet normal 0 0 1
    outer loop
      vertex 23.6713 23.6111 100
      vertex 0.0722284 13.5297 100
      vertex 0.28822 12.0736 100
    endloop
  endfacet
  facet normal 0 0 1
    outer loop
      vertex 267.662 155.887 100
      vertex 273 172.847 100
      vertex 272.861 172.921 100
    endloop
  endfacet
  facet normal 0 0 1
    outer loop
      vertex 267.662 155.887 100
      vertex 272.861 172.921 100
      vertex 272.482 173.232 100
    endloop
  endfacet
  facet normal 0 0 1
    outer loop
      vertex 267.662 155.887 100
      vertex 272.482 173.232 100
      vertex 272.171 173.611 100
    endloop
  endfacet
  facet normal 0 0 1
    outer loop
      vertex 267.662 155.887 100
      vertex 272.171 173.611 100
      vertex 271.94 174.043 100
    endloop
  endfacet
  facet normal 0 0 1
    outer loop
      vertex 267.662 155.887 100
      vertex 271.94 174.043 100
      vertex 271.798 174.512 100
    endloop
  endfacet
  facet normal 0 0 1
    outer loop
      vertex 267.662 155.887 100
      vertex 271.798 174.512 100
      vertex 271.75 175 100
    endloop
  endfacet
  facet normal 0 0 1
    outer loop
      vertex 273 172.847 100
      vertex 267.662 155.887 100
      vertex 267.589 155.226 100
    endloop
  endfacet
  facet normal 0 0 1
    outer loop
      vertex 273 172.847 100
      vertex 267.589 155.226 100
      vertex 273 102.513 100
    endloop
  endfacet
  facet normal -0 0 1
    outer loop
      vertex 267.368 154.662 100
      vertex 273 102.513 100
      vertex 267.589 155.226 100
    endloop
  endfacet
  facet normal -0 0 1
    outer loop
      vertex 267 154.195 100
      vertex 273 102.513 100
      vertex 267.368 154.662 100
    endloop
  endfacet
  facet normal -0 0 1
    outer loop
      vertex 266.504 153.845 100
      vertex 273 102.513 100
      vertex 267 154.195 100
    endloop
  endfacet
  facet normal -0 0 1
    outer loop
      vertex 265.899 153.635 100
      vertex 273 102.513 100
      vertex 266.504 153.845 100
    endloop
  endfacet
  facet normal -0 0 1
    outer loop
      vertex 265.184 153.566 100
      vertex 273 102.513 100
      vertex 265.899 153.635 100
    endloop
  endfacet
  facet normal 0 0 1
    outer loop
      vertex 264.558 153.616 100
      vertex 273 102.513 100
      vertex 265.184 153.566 100
    endloop
  endfacet
  facet normal -0 0 1
    outer loop
      vertex 262.298 153.66 100
      vertex 264.558 153.616 100
      vertex 264.021 153.767 100
    endloop
  endfacet
  facet normal 0 0 1
    outer loop
      vertex 262.298 153.66 100
      vertex 264.021 153.767 100
      vertex 263.573 154.019 100
    endloop
  endfacet
  facet normal 0 0 1
    outer loop
      vertex 262.298 153.66 100
      vertex 263.573 154.019 100
      vertex 263.221 154.366 100
    endloop
  endfacet
  facet normal -0 0 1
    outer loop
      vertex 262.298 154.743 100
      vertex 263.221 154.366 100
      vertex 262.972 154.804 100
    endloop
  endfacet
  facet normal 0 0 1
    outer loop
      vertex 262.298 154.743 100
      vertex 262.972 154.804 100
      vertex 262.825 155.331 100
    endloop
  endfacet
  facet normal 0 0 1
    outer loop
      vertex 263.221 154.366 100
      vertex 262.298 154.743 100
      vertex 262.298 153.66 100
    endloop
  endfacet
  facet normal 0 0 1
    outer loop
      vertex 264.558 153.616 100
      vertex 262.298 153.66 100
      vertex 273 102.513 100
    endloop
  endfacet
  facet normal 0 0 1
    outer loop
      vertex 251 102.513 100
      vertex 262.298 153.66 100
      vertex 256.844 153.66 100
    endloop
  endfacet
  facet normal -0 0 1
    outer loop
      vertex 251.829 173.611 100
      vertex 262.103 160.349 100
      vertex 252.06 174.043 100
    endloop
  endfacet
  facet normal 0 0 1
    outer loop
      vertex 262.103 160.349 100
      vertex 251.829 173.611 100
      vertex 256.844 160.349 100
    endloop
  endfacet
  facet normal -0 0 1
    outer loop
      vertex 251.518 173.232 100
      vertex 256.844 160.349 100
      vertex 251.829 173.611 100
    endloop
  endfacet
  facet normal -0 0 1
    outer loop
      vertex 251.139 172.921 100
      vertex 256.844 160.349 100
      vertex 251.518 173.232 100
    endloop
  endfacet
  facet normal -0 0 1
    outer loop
      vertex 251 172.847 100
      vertex 256.844 160.349 100
      vertex 251.139 172.921 100
    endloop
  endfacet
  facet normal 0 0 1
    outer loop
      vertex 256.844 160.349 100
      vertex 251 172.847 100
      vertex 256.844 153.66 100
    endloop
  endfacet
  facet normal 0 0 1
    outer loop
      vertex 262.298 153.66 100
      vertex 251 102.513 100
      vertex 273 102.513 100
    endloop
  endfacet
  facet normal 0 0 1
    outer loop
      vertex 251 102.513 100
      vertex 256.844 153.66 100
      vertex 251 172.847 100
    endloop
  endfacet
  facet normal 0 0 1
    outer loop
      vertex 267.599 156.52 100
      vertex 267.273 159.357 100
      vertex 267.408 157.058 100
    endloop
  endfacet
  facet normal 0 0 1
    outer loop
      vertex 267.273 159.357 100
      vertex 267.09 157.501 100
      vertex 267.408 157.058 100
    endloop
  endfacet
  facet normal 0 0 1
    outer loop
      vertex 267.273 159.357 100
      vertex 266.667 157.83 100
      vertex 267.09 157.501 100
    endloop
  endfacet
  facet normal 0 0 1
    outer loop
      vertex 267.273 159.357 100
      vertex 266.158 158.028 100
      vertex 266.667 157.83 100
    endloop
  endfacet
  facet normal 0 0 1
    outer loop
      vertex 267.273 159.357 100
      vertex 265.564 158.094 100
      vertex 266.158 158.028 100
    endloop
  endfacet
  facet normal -0 0 1
    outer loop
      vertex 264.463 159.357 100
      vertex 265.564 158.094 100
      vertex 267.273 159.357 100
    endloop
  endfacet
  facet normal 0 0 1
    outer loop
      vertex 265.564 158.094 100
      vertex 264.463 159.357 100
      vertex 265.107 158.047 100
    endloop
  endfacet
  facet normal 0 0 1
    outer loop
      vertex 265.107 158.047 100
      vertex 264.463 159.357 100
      vertex 264.703 157.904 100
    endloop
  endfacet
  facet normal 0 0 1
    outer loop
      vertex 264.703 157.904 100
      vertex 264.463 159.357 100
      vertex 264.354 157.667 100
    endloop
  endfacet
  facet normal 0 0 1
    outer loop
      vertex 264.32 156.585 100
      vertex 266.29 155.858 100
      vertex 266.259 156.186 100
    endloop
  endfacet
  facet normal 0 0 1
    outer loop
      vertex 265.227 157.016 100
      vertex 266.259 156.186 100
      vertex 266.166 156.467 100
    endloop
  endfacet
  facet normal 0 0 1
    outer loop
      vertex 266.29 155.858 100
      vertex 264.159 155.441 100
      vertex 266.257 155.491 100
    endloop
  endfacet
  facet normal 0 0 1
    outer loop
      vertex 265.538 156.981 100
      vertex 266.166 156.467 100
      vertex 266.01 156.701 100
    endloop
  endfacet
  facet normal 0 -0 1
    outer loop
      vertex 265.199 154.624 100
      vertex 266.257 155.491 100
      vertex 264.159 155.441 100
    endloop
  endfacet
  facet normal 0 0 1
    outer loop
      vertex 265.538 156.981 100
      vertex 266.01 156.701 100
      vertex 265.799 156.876 100
    endloop
  endfacet
  facet normal 0 0 1
    outer loop
      vertex 266.257 155.491 100
      vertex 265.199 154.624 100
      vertex 266.159 155.185 100
    endloop
  endfacet
  facet normal 0 0 1
    outer loop
      vertex 266.166 156.467 100
      vertex 265.538 156.981 100
      vertex 265.227 157.016 100
    endloop
  endfacet
  facet normal 0 -0 1
    outer loop
      vertex 265.509 154.659 100
      vertex 266.159 155.185 100
      vertex 265.199 154.624 100
    endloop
  endfacet
  facet normal -0 0 1
    outer loop
      vertex 264.88 156.968 100
      vertex 266.259 156.186 100
      vertex 265.227 157.016 100
    endloop
  endfacet
  facet normal 0 0 1
    outer loop
      vertex 265.994 154.942 100
      vertex 265.509 154.659 100
      vertex 265.774 154.765 100
    endloop
  endfacet
  facet normal 0 0 1
    outer loop
      vertex 266.159 155.185 100
      vertex 265.509 154.659 100
      vertex 265.994 154.942 100
    endloop
  endfacet
  facet normal -0 0 1
    outer loop
      vertex 264.577 156.825 100
      vertex 266.259 156.186 100
      vertex 264.88 156.968 100
    endloop
  endfacet
  facet normal 0 0 1
    outer loop
      vertex 265.199 154.624 100
      vertex 264.159 155.441 100
      vertex 264.945 154.646 100
    endloop
  endfacet
  facet normal -0 0 1
    outer loop
      vertex 264.32 156.585 100
      vertex 266.259 156.186 100
      vertex 264.577 156.825 100
    endloop
  endfacet
  facet normal -0 -0 1
    outer loop
      vertex 264.247 155.182 100
      vertex 264.945 154.646 100
      vertex 264.159 155.441 100
    endloop
  endfacet
  facet normal 0 0 1
    outer loop
      vertex 264.945 154.646 100
      vertex 264.247 155.182 100
      vertex 264.722 154.711 100
    endloop
  endfacet
  facet normal 0 0 1
    outer loop
      vertex 266.29 155.858 100
      vertex 264.32 156.585 100
      vertex 264.159 155.441 100
    endloop
  endfacet
  facet normal 0 0 1
    outer loop
      vertex 264.722 154.711 100
      vertex 264.247 155.182 100
      vertex 264.529 154.819 100
    endloop
  endfacet
  facet normal 0 0 1
    outer loop
      vertex 264.529 154.819 100
      vertex 264.247 155.182 100
      vertex 264.37 154.974 100
    endloop
  endfacet
  facet normal -0 0 1
    outer loop
      vertex 263.02 156.585 100
      vertex 264.159 155.441 100
      vertex 264.32 156.585 100
    endloop
  endfacet
  facet normal 0 0 1
    outer loop
      vertex 264.159 155.441 100
      vertex 263.02 156.585 100
      vertex 262.825 155.331 100
    endloop
  endfacet
  facet normal 0 0 1
    outer loop
      vertex 263.02 156.585 100
      vertex 262.103 159.267 100
      vertex 261.814 157.586 100
    endloop
  endfacet
  facet normal 0 0 1
    outer loop
      vertex 263.02 156.585 100
      vertex 261.814 156.504 100
      vertex 262.825 155.331 100
    endloop
  endfacet
  facet normal 0 0 1
    outer loop
      vertex 262.825 155.331 100
      vertex 261.814 156.504 100
      vertex 262.298 154.743 100
    endloop
  endfacet
  facet normal 0 0 1
    outer loop
      vertex 258.244 154.743 100
      vertex 261.814 156.504 100
      vertex 258.244 156.504 100
    endloop
  endfacet
  facet normal 0 0 1
    outer loop
      vertex 261.814 156.504 100
      vertex 258.244 154.743 100
      vertex 262.298 154.743 100
    endloop
  endfacet
  facet normal 0 0 1
    outer loop
      vertex 41.9163 55.777 100
      vertex 42.0136 55.8999 100
      vertex 42.0207 55.9805 100
    endloop
  endfacet
  facet normal -0 0 1
    outer loop
      vertex 41.9163 55.777 100
      vertex 42.0049 55.7717 100
      vertex 42.0136 55.8999 100
    endloop
  endfacet
  facet normal 0 0 1
    outer loop
      vertex 41.9163 55.777 100
      vertex 41.9946 55.596 100
      vertex 42.0049 55.7717 100
    endloop
  endfacet
  facet normal 0 0 1
    outer loop
      vertex 41.7676 55.5207 100
      vertex 41.9946 55.596 100
      vertex 41.9163 55.777 100
    endloop
  endfacet
  facet normal 0 0 1
    outer loop
      vertex 41.9946 55.596 100
      vertex 41.7676 55.5207 100
      vertex 41.9854 55.4014 100
    endloop
  endfacet
  facet normal 0 0 1
    outer loop
      vertex 41.9854 55.4014 100
      vertex 41.7676 55.5207 100
      vertex 41.9799 55.2163 100
    endloop
  endfacet
  facet normal 0 0 1
    outer loop
      vertex 41.5745 55.2116 100
      vertex 41.9799 55.2163 100
      vertex 41.7676 55.5207 100
    endloop
  endfacet
  facet normal 0 0 1
    outer loop
      vertex 41.9799 55.2163 100
      vertex 41.5745 55.2116 100
      vertex 41.978 55.0407 100
    endloop
  endfacet
  facet normal 0 0 1
    outer loop
      vertex 41.978 55.0407 100
      vertex 41.5745 55.2116 100
      vertex 41.978 52.8524 100
    endloop
  endfacet
  facet normal 0 0 1
    outer loop
      vertex 41.978 52.8524 100
      vertex 41.5745 55.2116 100
      vertex 40.0223 52.8524 100
    endloop
  endfacet
  facet normal 0 0 1
    outer loop
      vertex 66.9744 150.188 100
      vertex 69.1342 147.976 100
      vertex 69.072 148.638 100
    endloop
  endfacet
  facet normal 0 -0 1
    outer loop
      vertex 67.169 145.664 100
      vertex 69.1342 147.976 100
      vertex 66.9744 150.188 100
    endloop
  endfacet
  facet normal 0 0 1
    outer loop
      vertex 67.6142 150.125 100
      vertex 69.072 148.638 100
      vertex 68.8853 149.186 100
    endloop
  endfacet
  facet normal 0 0 1
    outer loop
      vertex 69.1342 147.976 100
      vertex 67.169 145.664 100
      vertex 69.0751 147.314 100
    endloop
  endfacet
  facet normal 0 0 1
    outer loop
      vertex 68.1474 149.936 100
      vertex 68.8853 149.186 100
      vertex 68.5741 149.621 100
    endloop
  endfacet
  facet normal 0 0 1
    outer loop
      vertex 69.072 148.638 100
      vertex 67.6142 150.125 100
      vertex 66.9744 150.188 100
    endloop
  endfacet
  facet normal 0 0 1
    outer loop
      vertex 68.8853 149.186 100
      vertex 68.1474 149.936 100
      vertex 67.6142 150.125 100
    endloop
  endfacet
  facet normal 0 -0 1
    outer loop
      vertex 67.7291 145.733 100
      vertex 68.6026 146.286 100
      vertex 67.169 145.664 100
    endloop
  endfacet
  facet normal 0 0 1
    outer loop
      vertex 69.0751 147.314 100
      vertex 67.169 145.664 100
      vertex 68.8979 146.75 100
    endloop
  endfacet
  facet normal 0 0 1
    outer loop
      vertex 68.6026 146.286 100
      vertex 67.7291 145.733 100
      vertex 68.207 145.941 100
    endloop
  endfacet
  facet normal 0 0 1
    outer loop
      vertex 68.8979 146.75 100
      vertex 67.169 145.664 100
      vertex 68.6026 146.286 100
    endloop
  endfacet
  facet normal 0 0 1
    outer loop
      vertex 65.9823 145.664 100
      vertex 66.9744 150.188 100
      vertex 65.9823 150.188 100
    endloop
  endfacet
  facet normal 0 0 1
    outer loop
      vertex 66.9744 150.188 100
      vertex 65.9823 145.664 100
      vertex 67.169 145.664 100
    endloop
  endfacet
  facet normal 0 0 1
    outer loop
      vertex 73.9163 149.861 100
      vertex 74.0136 149.984 100
      vertex 74.0207 150.065 100
    endloop
  endfacet
  facet normal -0 0 1
    outer loop
      vertex 73.9163 149.861 100
      vertex 74.0049 149.856 100
      vertex 74.0136 149.984 100
    endloop
  endfacet
  facet normal 0 0 1
    outer loop
      vertex 73.9163 149.861 100
      vertex 73.9946 149.68 100
      vertex 74.0049 149.856 100
    endloop
  endfacet
  facet normal 0 0 1
    outer loop
      vertex 73.7676 149.605 100
      vertex 73.9946 149.68 100
      vertex 73.9163 149.861 100
    endloop
  endfacet
  facet normal 0 0 1
    outer loop
      vertex 73.9946 149.68 100
      vertex 73.7676 149.605 100
      vertex 73.9854 149.486 100
    endloop
  endfacet
  facet normal 0 0 1
    outer loop
      vertex 73.9854 149.486 100
      vertex 73.7676 149.605 100
      vertex 73.9799 149.3 100
    endloop
  endfacet
  facet normal 0 0 1
    outer loop
      vertex 73.5745 149.296 100
      vertex 73.9799 149.3 100
      vertex 73.7676 149.605 100
    endloop
  endfacet
  facet normal 0 0 1
    outer loop
      vertex 73.9799 149.3 100
      vertex 73.5745 149.296 100
      vertex 73.978 149.125 100
    endloop
  endfacet
  facet normal 0 0 1
    outer loop
      vertex 73.978 149.125 100
      vertex 73.5745 149.296 100
      vertex 73.978 146.937 100
    endloop
  endfacet
  facet normal 0 0 1
    outer loop
      vertex 73.978 146.937 100
      vertex 73.5745 149.296 100
      vertex 72.0223 146.937 100
    endloop
  endfacet
  facet normal 0 0 1
    outer loop
      vertex 105.654 52.6409 100
      vertex 105.752 52.7638 100
      vertex 105.759 52.8444 100
    endloop
  endfacet
  facet normal -0 0 1
    outer loop
      vertex 105.654 52.6409 100
      vertex 105.743 52.6356 100
      vertex 105.752 52.7638 100
    endloop
  endfacet
  facet normal 0 0 1
    outer loop
      vertex 105.654 52.6409 100
      vertex 105.733 52.4599 100
      vertex 105.743 52.6356 100
    endloop
  endfacet
  facet normal 0 0 1
    outer loop
      vertex 105.506 52.3845 100
      vertex 105.733 52.4599 100
      vertex 105.654 52.6409 100
    endloop
  endfacet
  facet normal 0 0 1
    outer loop
      vertex 105.733 52.4599 100
      vertex 105.506 52.3845 100
      vertex 105.723 52.2653 100
    endloop
  endfacet
  facet normal 0 0 1
    outer loop
      vertex 105.723 52.2653 100
      vertex 105.506 52.3845 100
      vertex 105.718 52.0802 100
    endloop
  endfacet
  facet normal 0 0 1
    outer loop
      vertex 105.313 52.0755 100
      vertex 105.718 52.0802 100
      vertex 105.506 52.3845 100
    endloop
  endfacet
  facet normal 0 0 1
    outer loop
      vertex 105.718 52.0802 100
      vertex 105.313 52.0755 100
      vertex 105.716 51.9046 100
    endloop
  endfacet
  facet normal 0 0 1
    outer loop
      vertex 105.716 51.9046 100
      vertex 105.313 52.0755 100
      vertex 105.716 49.7163 100
    endloop
  endfacet
  facet normal 0 0 1
    outer loop
      vertex 105.716 49.7163 100
      vertex 105.313 52.0755 100
      vertex 103.76 49.7163 100
    endloop
  endfacet
  facet normal 0 0 1
    outer loop
      vertex 138.181 153.51 100
      vertex 138.278 153.633 100
      vertex 138.285 153.714 100
    endloop
  endfacet
  facet normal -0 0 1
    outer loop
      vertex 138.181 153.51 100
      vertex 138.269 153.505 100
      vertex 138.278 153.633 100
    endloop
  endfacet
  facet normal 0 0 1
    outer loop
      vertex 138.181 153.51 100
      vertex 138.259 153.329 100
      vertex 138.269 153.505 100
    endloop
  endfacet
  facet normal 0 0 1
    outer loop
      vertex 138.032 153.254 100
      vertex 138.259 153.329 100
      vertex 138.181 153.51 100
    endloop
  endfacet
  facet normal 0 0 1
    outer loop
      vertex 138.259 153.329 100
      vertex 138.032 153.254 100
      vertex 138.25 153.135 100
    endloop
  endfacet
  facet normal 0 0 1
    outer loop
      vertex 138.25 153.135 100
      vertex 138.032 153.254 100
      vertex 138.244 152.95 100
    endloop
  endfacet
  facet normal 0 0 1
    outer loop
      vertex 137.839 152.945 100
      vertex 138.244 152.95 100
      vertex 138.032 153.254 100
    endloop
  endfacet
  facet normal 0 0 1
    outer loop
      vertex 138.244 152.95 100
      vertex 137.839 152.945 100
      vertex 138.242 152.774 100
    endloop
  endfacet
  facet normal 0 0 1
    outer loop
      vertex 138.242 152.774 100
      vertex 137.839 152.945 100
      vertex 138.242 150.586 100
    endloop
  endfacet
  facet normal 0 0 1
    outer loop
      vertex 138.242 150.586 100
      vertex 137.839 152.945 100
      vertex 136.287 150.586 100
    endloop
  endfacet
  facet normal -0 0 1
    outer loop
      vertex 163.411 49.4698 100
      vertex 163.539 49.2466 100
      vertex 163.44 49.5742 100
    endloop
  endfacet
  facet normal -0 0 1
    outer loop
      vertex 163.377 49.3506 100
      vertex 163.539 49.2466 100
      vertex 163.411 49.4698 100
    endloop
  endfacet
  facet normal 0 0 1
    outer loop
      vertex 163.339 49.2208 100
      vertex 163.539 49.2466 100
      vertex 163.377 49.3506 100
    endloop
  endfacet
  facet normal 0 0 1
    outer loop
      vertex 163.297 49.0805 100
      vertex 163.539 49.2466 100
      vertex 163.339 49.2208 100
    endloop
  endfacet
  facet normal 0 0 1
    outer loop
      vertex 163.539 49.2466 100
      vertex 163.297 49.0805 100
      vertex 163.743 48.6011 100
    endloop
  endfacet
  facet normal -0 0 1
    outer loop
      vertex 163.177 48.7166 100
      vertex 163.743 48.6011 100
      vertex 163.297 49.0805 100
    endloop
  endfacet
  facet normal 0 0 1
    outer loop
      vertex 162.905 47.916 100
      vertex 163.743 48.6011 100
      vertex 163.177 48.7166 100
    endloop
  endfacet
  facet normal 0 0 1
    outer loop
      vertex 163.743 48.6011 100
      vertex 162.905 47.916 100
      vertex 164.403 46.6786 100
    endloop
  endfacet
  facet normal 0 0 1
    outer loop
      vertex 164.403 46.6786 100
      vertex 162.905 47.916 100
      vertex 162.481 46.6786 100
    endloop
  endfacet
  facet normal 0 0 1
    outer loop
      vertex 169.916 49.195 100
      vertex 170.014 49.3178 100
      vertex 170.021 49.3985 100
    endloop
  endfacet
  facet normal -0 0 1
    outer loop
      vertex 169.916 49.195 100
      vertex 170.005 49.1897 100
      vertex 170.014 49.3178 100
    endloop
  endfacet
  facet normal 0 0 1
    outer loop
      vertex 169.916 49.195 100
      vertex 169.995 49.014 100
      vertex 170.005 49.1897 100
    endloop
  endfacet
  facet normal 0 0 1
    outer loop
      vertex 169.768 48.9386 100
      vertex 169.995 49.014 100
      vertex 169.916 49.195 100
    endloop
  endfacet
  facet normal 0 0 1
    outer loop
      vertex 169.995 49.014 100
      vertex 169.768 48.9386 100
      vertex 169.985 48.8194 100
    endloop
  endfacet
  facet normal 0 0 1
    outer loop
      vertex 169.985 48.8194 100
      vertex 169.768 48.9386 100
      vertex 169.98 48.6343 100
    endloop
  endfacet
  facet normal 0 0 1
    outer loop
      vertex 169.575 48.6296 100
      vertex 169.98 48.6343 100
      vertex 169.768 48.9386 100
    endloop
  endfacet
  facet normal 0 0 1
    outer loop
      vertex 169.98 48.6343 100
      vertex 169.575 48.6296 100
      vertex 169.978 48.4587 100
    endloop
  endfacet
  facet normal 0 0 1
    outer loop
      vertex 169.978 48.4587 100
      vertex 169.575 48.6296 100
      vertex 169.978 46.2704 100
    endloop
  endfacet
  facet normal 0 0 1
    outer loop
      vertex 169.978 46.2704 100
      vertex 169.575 48.6296 100
      vertex 168.022 46.2704 100
    endloop
  endfacet
  facet normal 0 0 1
    outer loop
      vertex 226.974 46.5875 100
      vertex 229.134 44.3754 100
      vertex 229.072 45.037 100
    endloop
  endfacet
  facet normal 0 -0 1
    outer loop
      vertex 227.169 42.0637 100
      vertex 229.134 44.3754 100
      vertex 226.974 46.5875 100
    endloop
  endfacet
  facet normal 0 0 1
    outer loop
      vertex 227.614 46.5244 100
      vertex 229.072 45.037 100
      vertex 228.885 45.5853 100
    endloop
  endfacet
  facet normal 0 0 1
    outer loop
      vertex 229.134 44.3754 100
      vertex 227.169 42.0637 100
      vertex 229.075 43.7129 100
    endloop
  endfacet
  facet normal 0 0 1
    outer loop
      vertex 228.147 46.3353 100
      vertex 228.885 45.5853 100
      vertex 228.574 46.0202 100
    endloop
  endfacet
  facet normal 0 0 1
    outer loop
      vertex 229.072 45.037 100
      vertex 227.614 46.5244 100
      vertex 226.974 46.5875 100
    endloop
  endfacet
  facet normal 0 0 1
    outer loop
      vertex 228.885 45.5853 100
      vertex 228.147 46.3353 100
      vertex 227.614 46.5244 100
    endloop
  endfacet
  facet normal 0 -0 1
    outer loop
      vertex 227.729 42.1327 100
      vertex 228.603 42.6855 100
      vertex 227.169 42.0637 100
    endloop
  endfacet
  facet normal 0 0 1
    outer loop
      vertex 229.075 43.7129 100
      vertex 227.169 42.0637 100
      vertex 228.898 43.1496 100
    endloop
  endfacet
  facet normal 0 0 1
    outer loop
      vertex 228.603 42.6855 100
      vertex 227.729 42.1327 100
      vertex 228.207 42.34 100
    endloop
  endfacet
  facet normal 0 0 1
    outer loop
      vertex 228.898 43.1496 100
      vertex 227.169 42.0637 100
      vertex 228.603 42.6855 100
    endloop
  endfacet
  facet normal 0 0 1
    outer loop
      vertex 225.982 42.0637 100
      vertex 226.974 46.5875 100
      vertex 225.982 46.5875 100
    endloop
  endfacet
  facet normal 0 0 1
    outer loop
      vertex 226.974 46.5875 100
      vertex 225.982 42.0637 100
      vertex 227.169 42.0637 100
    endloop
  endfacet
  facet normal 0.427269 0.904125 -0
    outer loop
      vertex 292.071 198.229 0
      vertex 290.74 198.858 100
      vertex 292.071 198.229 100
    endloop
  endfacet
  facet normal 0.427269 0.904125 0
    outer loop
      vertex 290.74 198.858 100
      vertex 292.071 198.229 0
      vertex 290.74 198.858 0
    endloop
  endfacet
  facet normal 0.14674 -0.989175 0
    outer loop
      vertex 286.47 0.0722284 0
      vertex 287.926 0.28822 100
      vertex 286.47 0.0722284 100
    endloop
  endfacet
  facet normal 0.14674 -0.989175 0
    outer loop
      vertex 287.926 0.28822 100
      vertex 286.47 0.0722284 0
      vertex 287.926 0.28822 0
    endloop
  endfacet
  facet normal 0.0490758 -0.998795 0
    outer loop
      vertex 285 0 0
      vertex 286.47 0.0722284 100
      vertex 285 0 100
    endloop
  endfacet
  facet normal 0.0490758 -0.998795 0
    outer loop
      vertex 286.47 0.0722284 100
      vertex 285 0 0
      vertex 286.47 0.0722284 0
    endloop
  endfacet
  facet normal -0.336899 -0.941541 0
    outer loop
      vertex 9.25975 1.14181 0
      vertex 10.6457 0.645894 100
      vertex 9.25975 1.14181 100
    endloop
  endfacet
  facet normal -0.336899 -0.941541 -0
    outer loop
      vertex 10.6457 0.645894 100
      vertex 9.25975 1.14181 0
      vertex 10.6457 0.645894 0
    endloop
  endfacet
  facet normal 0.857733 0.514096 0
    outer loop
      vertex 298.229 192.071 100
      vertex 297.472 193.334 0
      vertex 297.472 193.334 100
    endloop
  endfacet
  facet normal 0.857733 0.514096 0
    outer loop
      vertex 297.472 193.334 0
      vertex 298.229 192.071 100
      vertex 298.229 192.071 0
    endloop
  endfacet
  facet normal -0.595695 -0.803211 0
    outer loop
      vertex 5.4841 3.40484 0
      vertex 6.66645 2.52796 100
      vertex 5.4841 3.40484 100
    endloop
  endfacet
  facet normal -0.595695 -0.803211 -0
    outer loop
      vertex 6.66645 2.52796 100
      vertex 5.4841 3.40484 0
      vertex 6.66645 2.52796 0
    endloop
  endfacet
  facet normal -0.671562 -0.740949 0
    outer loop
      vertex 4.3934 4.3934 0
      vertex 5.4841 3.40484 100
      vertex 4.3934 4.3934 100
    endloop
  endfacet
  facet normal -0.671562 -0.740949 -0
    outer loop
      vertex 5.4841 3.40484 100
      vertex 4.3934 4.3934 0
      vertex 5.4841 3.40484 0
    endloop
  endfacet
  facet normal -0.904028 0.427474 0
    outer loop
      vertex 1.14181 190.74 0
      vertex 1.77118 192.071 100
      vertex 1.77118 192.071 0
    endloop
  endfacet
  facet normal -0.904028 0.427474 0
    outer loop
      vertex 1.77118 192.071 100
      vertex 1.14181 190.74 0
      vertex 1.14181 190.74 100
    endloop
  endfacet
  facet normal 0.904088 -0.427347 0
    outer loop
      vertex 298.229 7.92905 100
      vertex 298.858 9.25975 0
      vertex 298.858 9.25975 100
    endloop
  endfacet
  facet normal 0.904088 -0.427347 0
    outer loop
      vertex 298.858 9.25975 0
      vertex 298.229 7.92905 100
      vertex 298.229 7.92905 0
    endloop
  endfacet
  facet normal 0 0 -1
    outer loop
      vertex 277.609 18.0615 0
      vertex 22.391 18.0615 0
      vertex 277.945 18.7712 0
    endloop
  endfacet
  facet normal 0 0 -1
    outer loop
      vertex 278.348 180.555 0
      vertex 22.9615 184.216 0
      vertex 23 185 0
    endloop
  endfacet
  facet normal 0 0 -1
    outer loop
      vertex 22.0554 18.7712 0
      vertex 277.945 18.7712 0
      vertex 22.391 18.0615 0
    endloop
  endfacet
  facet normal 0 0 -1
    outer loop
      vertex 278.348 180.555 0
      vertex 22.8463 183.439 0
      vertex 22.9615 184.216 0
    endloop
  endfacet
  facet normal 0 0 -1
    outer loop
      vertex 277.945 18.7712 0
      vertex 22.0554 18.7712 0
      vertex 278.348 19.4446 0
    endloop
  endfacet
  facet normal 0 0 -1
    outer loop
      vertex 278.348 180.555 0
      vertex 22.6555 182.678 0
      vertex 22.8463 183.439 0
    endloop
  endfacet
  facet normal 0 0 -1
    outer loop
      vertex 21.6518 19.4446 0
      vertex 278.348 19.4446 0
      vertex 22.0554 18.7712 0
    endloop
  endfacet
  facet normal 0 0 -1
    outer loop
      vertex 278.348 180.555 0
      vertex 22.391 181.939 0
      vertex 22.6555 182.678 0
    endloop
  endfacet
  facet normal 0 0 -1
    outer loop
      vertex 278.348 19.4446 0
      vertex 21.6518 19.4446 0
      vertex 278.348 180.555 0
    endloop
  endfacet
  facet normal 0 0 -1
    outer loop
      vertex 278.348 180.555 0
      vertex 22.0554 181.229 0
      vertex 22.391 181.939 0
    endloop
  endfacet
  facet normal 0 0 -1
    outer loop
      vertex 21.6518 180.555 0
      vertex 278.348 180.555 0
      vertex 21.6518 19.4446 0
    endloop
  endfacet
  facet normal 0 0 -1
    outer loop
      vertex 278.348 180.555 0
      vertex 21.6518 180.555 0
      vertex 22.0554 181.229 0
    endloop
  endfacet
  facet normal 0 0 -1
    outer loop
      vertex 21.1841 20.0751 0
      vertex 21.6518 180.555 0
      vertex 21.6518 19.4446 0
    endloop
  endfacet
  facet normal 0 0 -1
    outer loop
      vertex 21.1841 20.0751 0
      vertex 21.1841 179.925 0
      vertex 21.6518 180.555 0
    endloop
  endfacet
  facet normal 0 0 -1
    outer loop
      vertex 20.6569 20.6569 0
      vertex 21.1841 179.925 0
      vertex 21.1841 20.0751 0
    endloop
  endfacet
  facet normal 0 0 -1
    outer loop
      vertex 20.6569 20.6569 0
      vertex 20.6569 179.343 0
      vertex 21.1841 179.925 0
    endloop
  endfacet
  facet normal 0 0 -1
    outer loop
      vertex 20.0751 21.1841 0
      vertex 20.6569 179.343 0
      vertex 20.6569 20.6569 0
    endloop
  endfacet
  facet normal 0 0 -1
    outer loop
      vertex 20.0751 21.1841 0
      vertex 20.0751 178.816 0
      vertex 20.6569 179.343 0
    endloop
  endfacet
  facet normal 0 0 -1
    outer loop
      vertex 19.4446 21.6518 0
      vertex 20.0751 178.816 0
      vertex 20.0751 21.1841 0
    endloop
  endfacet
  facet normal 0 0 -1
    outer loop
      vertex 19.4446 21.6518 0
      vertex 19.4446 178.348 0
      vertex 20.0751 178.816 0
    endloop
  endfacet
  facet normal 0 0 -1
    outer loop
      vertex 18.7712 22.0554 0
      vertex 19.4446 178.348 0
      vertex 19.4446 21.6518 0
    endloop
  endfacet
  facet normal 0 0 -1
    outer loop
      vertex 18.7712 22.0554 0
      vertex 18.7712 177.945 0
      vertex 19.4446 178.348 0
    endloop
  endfacet
  facet normal 0 0 -1
    outer loop
      vertex 18.0615 22.391 0
      vertex 18.7712 177.945 0
      vertex 18.7712 22.0554 0
    endloop
  endfacet
  facet normal 0 0 -1
    outer loop
      vertex 18.0615 22.391 0
      vertex 18.0615 177.609 0
      vertex 18.7712 177.945 0
    endloop
  endfacet
  facet normal 0 0 -1
    outer loop
      vertex 17.3223 22.6555 0
      vertex 18.0615 177.609 0
      vertex 18.0615 22.391 0
    endloop
  endfacet
  facet normal 0 0 -1
    outer loop
      vertex 17.3223 22.6555 0
      vertex 17.3223 177.344 0
      vertex 18.0615 177.609 0
    endloop
  endfacet
  facet normal 0 0 -1
    outer loop
      vertex 16.5607 22.8463 0
      vertex 17.3223 177.344 0
      vertex 17.3223 22.6555 0
    endloop
  endfacet
  facet normal 0 0 -1
    outer loop
      vertex 16.5607 22.8463 0
      vertex 16.5607 177.154 0
      vertex 17.3223 177.344 0
    endloop
  endfacet
  facet normal 0 0 -1
    outer loop
      vertex 15.7841 22.9615 0
      vertex 16.5607 177.154 0
      vertex 16.5607 22.8463 0
    endloop
  endfacet
  facet normal 0 0 -1
    outer loop
      vertex 15.7841 22.9615 0
      vertex 15.7841 177.039 0
      vertex 16.5607 177.154 0
    endloop
  endfacet
  facet normal 0 0 -1
    outer loop
      vertex 15 23 0
      vertex 15.7841 177.039 0
      vertex 15.7841 22.9615 0
    endloop
  endfacet
  facet normal 0 0 -1
    outer loop
      vertex 15 23 0
      vertex 15 177 0
      vertex 15.7841 177.039 0
    endloop
  endfacet
  facet normal 0 0 -1
    outer loop
      vertex 14.2159 22.9615 0
      vertex 15 177 0
      vertex 15 23 0
    endloop
  endfacet
  facet normal 0 0 -1
    outer loop
      vertex 14.2159 22.9615 0
      vertex 14.2159 177.039 0
      vertex 15 177 0
    endloop
  endfacet
  facet normal 0 0 -1
    outer loop
      vertex 13.4393 22.8463 0
      vertex 14.2159 177.039 0
      vertex 14.2159 22.9615 0
    endloop
  endfacet
  facet normal 0 0 -1
    outer loop
      vertex 13.4393 22.8463 0
      vertex 13.4393 177.154 0
      vertex 14.2159 177.039 0
    endloop
  endfacet
  facet normal 0 0 -1
    outer loop
      vertex 12.6777 22.6555 0
      vertex 13.4393 177.154 0
      vertex 13.4393 22.8463 0
    endloop
  endfacet
  facet normal 0 0 -1
    outer loop
      vertex 12.6777 22.6555 0
      vertex 12.6777 177.344 0
      vertex 13.4393 177.154 0
    endloop
  endfacet
  facet normal 0 0 -1
    outer loop
      vertex 11.9385 22.391 0
      vertex 12.6777 177.344 0
      vertex 12.6777 22.6555 0
    endloop
  endfacet
  facet normal 0 0 -1
    outer loop
      vertex 11.9385 22.391 0
      vertex 11.9385 177.609 0
      vertex 12.6777 177.344 0
    endloop
  endfacet
  facet normal 0 0 -1
    outer loop
      vertex 11.2288 22.0554 0
      vertex 11.9385 177.609 0
      vertex 11.9385 22.391 0
    endloop
  endfacet
  facet normal 0 0 -1
    outer loop
      vertex 11.2288 22.0554 0
      vertex 11.2288 177.945 0
      vertex 11.9385 177.609 0
    endloop
  endfacet
  facet normal 0 0 -1
    outer loop
      vertex 10.5554 21.6518 0
      vertex 11.2288 177.945 0
      vertex 11.2288 22.0554 0
    endloop
  endfacet
  facet normal 0 0 -1
    outer loop
      vertex 10.5554 21.6518 0
      vertex 10.5554 178.348 0
      vertex 11.2288 177.945 0
    endloop
  endfacet
  facet normal 0 0 -1
    outer loop
      vertex 0 15 0
      vertex 10.5554 21.6518 0
      vertex 9.92485 21.1841 0
    endloop
  endfacet
  facet normal -0 0 -1
    outer loop
      vertex 10.5554 21.6518 0
      vertex 0 15 0
      vertex 10.5554 178.348 0
    endloop
  endfacet
  facet normal 0 0 -1
    outer loop
      vertex 0 15 0
      vertex 9.92485 21.1841 0
      vertex 9.34315 20.6569 0
    endloop
  endfacet
  facet normal 0 0 -1
    outer loop
      vertex 0 185 0
      vertex 10.5554 178.348 0
      vertex 0 15 0
    endloop
  endfacet
  facet normal 0 0 -1
    outer loop
      vertex 0 15 0
      vertex 9.34315 20.6569 0
      vertex 8.81592 20.0751 0
    endloop
  endfacet
  facet normal 0 0 -1
    outer loop
      vertex 10.5554 178.348 0
      vertex 0 185 0
      vertex 9.92485 178.816 0
    endloop
  endfacet
  facet normal 0 0 -1
    outer loop
      vertex 0 15 0
      vertex 8.81592 20.0751 0
      vertex 8.34824 19.4446 0
    endloop
  endfacet
  facet normal 0 0 -1
    outer loop
      vertex 9.92485 178.816 0
      vertex 0 185 0
      vertex 9.34315 179.343 0
    endloop
  endfacet
  facet normal 0 0 -1
    outer loop
      vertex 0 15 0
      vertex 8.34824 19.4446 0
      vertex 7.94463 18.7712 0
    endloop
  endfacet
  facet normal 0 0 -1
    outer loop
      vertex 9.34315 179.343 0
      vertex 0 185 0
      vertex 8.81592 179.925 0
    endloop
  endfacet
  facet normal 0 0 -1
    outer loop
      vertex 0 15 0
      vertex 7.94463 18.7712 0
      vertex 7.60896 18.0615 0
    endloop
  endfacet
  facet normal 0 0 -1
    outer loop
      vertex 8.81592 179.925 0
      vertex 0 185 0
      vertex 8.34824 180.555 0
    endloop
  endfacet
  facet normal 0 0 -1
    outer loop
      vertex 0 15 0
      vertex 7.60896 18.0615 0
      vertex 7.34448 17.3223 0
    endloop
  endfacet
  facet normal 0 0 -1
    outer loop
      vertex 8.34824 180.555 0
      vertex 0 185 0
      vertex 7.94463 181.229 0
    endloop
  endfacet
  facet normal 0 0 -1
    outer loop
      vertex 0 15 0
      vertex 7.34448 17.3223 0
      vertex 7.15372 16.5607 0
    endloop
  endfacet
  facet normal 0 0 -1
    outer loop
      vertex 7.94463 181.229 0
      vertex 0 185 0
      vertex 7.60896 181.939 0
    endloop
  endfacet
  facet normal 0 0 -1
    outer loop
      vertex 0 15 0
      vertex 7.15372 16.5607 0
      vertex 7.03852 15.7841 0
    endloop
  endfacet
  facet normal 0 0 -1
    outer loop
      vertex 7.60896 181.939 0
      vertex 0 185 0
      vertex 7.34448 182.678 0
    endloop
  endfacet
  facet normal 0 0 -1
    outer loop
      vertex 0 15 0
      vertex 7.03852 15.7841 0
      vertex 7 15 0
    endloop
  endfacet
  facet normal 0 0 -1
    outer loop
      vertex 7.34448 182.678 0
      vertex 0 185 0
      vertex 7.15372 183.439 0
    endloop
  endfacet
  facet normal 0 0 -1
    outer loop
      vertex 292.656 17.3223 0
      vertex 300 15 0
      vertex 292.846 16.5607 0
    endloop
  endfacet
  facet normal -0 0 -1
    outer loop
      vertex 300 185 0
      vertex 292.961 184.216 0
      vertex 293 185 0
    endloop
  endfacet
  facet normal 0 0 -1
    outer loop
      vertex 292.391 18.0615 0
      vertex 300 15 0
      vertex 292.656 17.3223 0
    endloop
  endfacet
  facet normal 0 0 -1
    outer loop
      vertex 300 185 0
      vertex 292.846 183.439 0
      vertex 292.961 184.216 0
    endloop
  endfacet
  facet normal 0 0 -1
    outer loop
      vertex 292.055 18.7712 0
      vertex 300 15 0
      vertex 292.391 18.0615 0
    endloop
  endfacet
  facet normal 0 0 -1
    outer loop
      vertex 300 185 0
      vertex 292.656 182.678 0
      vertex 292.846 183.439 0
    endloop
  endfacet
  facet normal 0 0 -1
    outer loop
      vertex 291.652 19.4446 0
      vertex 300 15 0
      vertex 292.055 18.7712 0
    endloop
  endfacet
  facet normal 0 0 -1
    outer loop
      vertex 300 185 0
      vertex 292.391 181.939 0
      vertex 292.656 182.678 0
    endloop
  endfacet
  facet normal 0 0 -1
    outer loop
      vertex 291.184 20.0751 0
      vertex 300 15 0
      vertex 291.652 19.4446 0
    endloop
  endfacet
  facet normal 0 0 -1
    outer loop
      vertex 300 185 0
      vertex 292.055 181.229 0
      vertex 292.391 181.939 0
    endloop
  endfacet
  facet normal 0 0 -1
    outer loop
      vertex 290.657 20.6569 0
      vertex 300 15 0
      vertex 291.184 20.0751 0
    endloop
  endfacet
  facet normal 0 0 -1
    outer loop
      vertex 300 185 0
      vertex 291.652 180.555 0
      vertex 292.055 181.229 0
    endloop
  endfacet
  facet normal 0 0 -1
    outer loop
      vertex 290.075 21.1841 0
      vertex 300 15 0
      vertex 290.657 20.6569 0
    endloop
  endfacet
  facet normal 0 0 -1
    outer loop
      vertex 300 185 0
      vertex 291.184 179.925 0
      vertex 291.652 180.555 0
    endloop
  endfacet
  facet normal 0 0 -1
    outer loop
      vertex 289.445 21.6518 0
      vertex 300 15 0
      vertex 290.075 21.1841 0
    endloop
  endfacet
  facet normal 0 0 -1
    outer loop
      vertex 300 185 0
      vertex 290.657 179.343 0
      vertex 291.184 179.925 0
    endloop
  endfacet
  facet normal 0 0 -1
    outer loop
      vertex 300 15 0
      vertex 289.445 21.6518 0
      vertex 300 185 0
    endloop
  endfacet
  facet normal 0 0 -1
    outer loop
      vertex 300 185 0
      vertex 290.075 178.816 0
      vertex 290.657 179.343 0
    endloop
  endfacet
  facet normal 0 0 -1
    outer loop
      vertex 289.445 178.348 0
      vertex 300 185 0
      vertex 289.445 21.6518 0
    endloop
  endfacet
  facet normal 0 0 -1
    outer loop
      vertex 300 185 0
      vertex 289.445 178.348 0
      vertex 290.075 178.816 0
    endloop
  endfacet
  facet normal 0 0 -1
    outer loop
      vertex 288.771 22.0554 0
      vertex 289.445 178.348 0
      vertex 289.445 21.6518 0
    endloop
  endfacet
  facet normal 0 0 -1
    outer loop
      vertex 288.771 22.0554 0
      vertex 288.771 177.945 0
      vertex 289.445 178.348 0
    endloop
  endfacet
  facet normal 0 0 -1
    outer loop
      vertex 288.061 22.391 0
      vertex 288.771 177.945 0
      vertex 288.771 22.0554 0
    endloop
  endfacet
  facet normal 0 0 -1
    outer loop
      vertex 288.061 22.391 0
      vertex 288.061 177.609 0
      vertex 288.771 177.945 0
    endloop
  endfacet
  facet normal 0 0 -1
    outer loop
      vertex 287.322 22.6555 0
      vertex 288.061 177.609 0
      vertex 288.061 22.391 0
    endloop
  endfacet
  facet normal 0 0 -1
    outer loop
      vertex 287.322 22.6555 0
      vertex 287.322 177.344 0
      vertex 288.061 177.609 0
    endloop
  endfacet
  facet normal 0 0 -1
    outer loop
      vertex 286.561 22.8463 0
      vertex 287.322 177.344 0
      vertex 287.322 22.6555 0
    endloop
  endfacet
  facet normal 0 0 -1
    outer loop
      vertex 286.561 22.8463 0
      vertex 286.561 177.154 0
      vertex 287.322 177.344 0
    endloop
  endfacet
  facet normal 0 0 -1
    outer loop
      vertex 285.784 22.9615 0
      vertex 286.561 177.154 0
      vertex 286.561 22.8463 0
    endloop
  endfacet
  facet normal 0 0 -1
    outer loop
      vertex 285.784 22.9615 0
      vertex 285.784 177.039 0
      vertex 286.561 177.154 0
    endloop
  endfacet
  facet normal 0 0 -1
    outer loop
      vertex 285 23 0
      vertex 285.784 177.039 0
      vertex 285.784 22.9615 0
    endloop
  endfacet
  facet normal 0 0 -1
    outer loop
      vertex 285 23 0
      vertex 285 177 0
      vertex 285.784 177.039 0
    endloop
  endfacet
  facet normal 0 0 -1
    outer loop
      vertex 284.216 22.9615 0
      vertex 285 177 0
      vertex 285 23 0
    endloop
  endfacet
  facet normal 0 0 -1
    outer loop
      vertex 284.216 22.9615 0
      vertex 284.216 177.039 0
      vertex 285 177 0
    endloop
  endfacet
  facet normal 0 0 -1
    outer loop
      vertex 283.439 22.8463 0
      vertex 284.216 177.039 0
      vertex 284.216 22.9615 0
    endloop
  endfacet
  facet normal 0 0 -1
    outer loop
      vertex 283.439 22.8463 0
      vertex 283.439 177.154 0
      vertex 284.216 177.039 0
    endloop
  endfacet
  facet normal 0 0 -1
    outer loop
      vertex 282.678 22.6555 0
      vertex 283.439 177.154 0
      vertex 283.439 22.8463 0
    endloop
  endfacet
  facet normal 0 0 -1
    outer loop
      vertex 282.678 22.6555 0
      vertex 282.678 177.344 0
      vertex 283.439 177.154 0
    endloop
  endfacet
  facet normal 0 0 -1
    outer loop
      vertex 281.939 22.391 0
      vertex 282.678 177.344 0
      vertex 282.678 22.6555 0
    endloop
  endfacet
  facet normal 0 0 -1
    outer loop
      vertex 281.939 22.391 0
      vertex 281.939 177.609 0
      vertex 282.678 177.344 0
    endloop
  endfacet
  facet normal 0 0 -1
    outer loop
      vertex 281.229 22.0554 0
      vertex 281.939 177.609 0
      vertex 281.939 22.391 0
    endloop
  endfacet
  facet normal 0 0 -1
    outer loop
      vertex 281.229 22.0554 0
      vertex 281.229 177.945 0
      vertex 281.939 177.609 0
    endloop
  endfacet
  facet normal 0 0 -1
    outer loop
      vertex 280.555 21.6518 0
      vertex 281.229 177.945 0
      vertex 281.229 22.0554 0
    endloop
  endfacet
  facet normal 0 0 -1
    outer loop
      vertex 280.555 21.6518 0
      vertex 280.555 178.348 0
      vertex 281.229 177.945 0
    endloop
  endfacet
  facet normal 0 0 -1
    outer loop
      vertex 279.925 21.1841 0
      vertex 280.555 178.348 0
      vertex 280.555 21.6518 0
    endloop
  endfacet
  facet normal 0 0 -1
    outer loop
      vertex 279.925 21.1841 0
      vertex 279.925 178.816 0
      vertex 280.555 178.348 0
    endloop
  endfacet
  facet normal 0 0 -1
    outer loop
      vertex 279.343 20.6569 0
      vertex 279.925 178.816 0
      vertex 279.925 21.1841 0
    endloop
  endfacet
  facet normal 0 0 -1
    outer loop
      vertex 279.343 20.6569 0
      vertex 279.343 179.343 0
      vertex 279.925 178.816 0
    endloop
  endfacet
  facet normal 0 0 -1
    outer loop
      vertex 278.816 20.0751 0
      vertex 279.343 179.343 0
      vertex 279.343 20.6569 0
    endloop
  endfacet
  facet normal 0 0 -1
    outer loop
      vertex 278.816 20.0751 0
      vertex 278.816 179.925 0
      vertex 279.343 179.343 0
    endloop
  endfacet
  facet normal 0 0 -1
    outer loop
      vertex 278.348 19.4446 0
      vertex 278.816 179.925 0
      vertex 278.816 20.0751 0
    endloop
  endfacet
  facet normal 0 0 -1
    outer loop
      vertex 278.348 19.4446 0
      vertex 278.348 180.555 0
      vertex 278.816 179.925 0
    endloop
  endfacet
  facet normal 0 0 -1
    outer loop
      vertex 22.6555 17.3223 0
      vertex 277.344 17.3223 0
      vertex 22.8463 16.5607 0
    endloop
  endfacet
  facet normal 0 0 -1
    outer loop
      vertex 277.344 17.3223 0
      vertex 22.6555 17.3223 0
      vertex 277.609 18.0615 0
    endloop
  endfacet
  facet normal 0 0 -1
    outer loop
      vertex 277.154 16.5607 0
      vertex 22.8463 16.5607 0
      vertex 277.344 17.3223 0
    endloop
  endfacet
  facet normal 0 0 -1
    outer loop
      vertex 22.391 18.0615 0
      vertex 277.609 18.0615 0
      vertex 22.6555 17.3223 0
    endloop
  endfacet
  facet normal 0 0 -1
    outer loop
      vertex 22.8463 16.5607 0
      vertex 277.154 16.5607 0
      vertex 22.9615 15.7841 0
    endloop
  endfacet
  facet normal 0 0 -1
    outer loop
      vertex 278.348 180.555 0
      vertex 23 185 0
      vertex 277.945 181.229 0
    endloop
  endfacet
  facet normal 0 0 -1
    outer loop
      vertex 277.039 15.7841 0
      vertex 22.9615 15.7841 0
      vertex 277.154 16.5607 0
    endloop
  endfacet
  facet normal 0 0 -1
    outer loop
      vertex 277.945 181.229 0
      vertex 23 185 0
      vertex 277.609 181.939 0
    endloop
  endfacet
  facet normal 0 0 -1
    outer loop
      vertex 22.9615 15.7841 0
      vertex 277.039 15.7841 0
      vertex 23 15 0
    endloop
  endfacet
  facet normal 0 0 -1
    outer loop
      vertex 277.609 181.939 0
      vertex 23 185 0
      vertex 277.344 182.678 0
    endloop
  endfacet
  facet normal 0 0 -1
    outer loop
      vertex 23 15 0
      vertex 277.039 15.7841 0
      vertex 277 15 0
    endloop
  endfacet
  facet normal 0 0 -1
    outer loop
      vertex 277.344 182.678 0
      vertex 23 185 0
      vertex 277.154 183.439 0
    endloop
  endfacet
  facet normal 0 0 -1
    outer loop
      vertex 293 15 0
      vertex 300 15 0
      vertex 299.928 13.5297 0
    endloop
  endfacet
  facet normal 0 0 -1
    outer loop
      vertex 292.961 15.7841 0
      vertex 300 15 0
      vertex 293 15 0
    endloop
  endfacet
  facet normal 0 0 -1
    outer loop
      vertex 292.961 14.2159 0
      vertex 299.928 13.5297 0
      vertex 299.712 12.0736 0
    endloop
  endfacet
  facet normal 0 0 -1
    outer loop
      vertex 292.846 16.5607 0
      vertex 300 15 0
      vertex 292.961 15.7841 0
    endloop
  endfacet
  facet normal 0 0 -1
    outer loop
      vertex 292.846 13.4393 0
      vertex 299.712 12.0736 0
      vertex 299.354 10.6457 0
    endloop
  endfacet
  facet normal 0 0 -1
    outer loop
      vertex 300 185 0
      vertex 293 185 0
      vertex 299.928 186.47 0
    endloop
  endfacet
  facet normal 0 0 -1
    outer loop
      vertex 292.656 12.6777 0
      vertex 299.354 10.6457 0
      vertex 298.858 9.25975 0
    endloop
  endfacet
  facet normal 0 0 -1
    outer loop
      vertex 292.961 185.784 0
      vertex 299.928 186.47 0
      vertex 293 185 0
    endloop
  endfacet
  facet normal 0 0 -1
    outer loop
      vertex 292.391 11.9385 0
      vertex 298.858 9.25975 0
      vertex 298.229 7.92905 0
    endloop
  endfacet
  facet normal -0 0 -1
    outer loop
      vertex 299.928 186.47 0
      vertex 292.961 185.784 0
      vertex 299.712 187.926 0
    endloop
  endfacet
  facet normal 0 0 -1
    outer loop
      vertex 292.055 11.2288 0
      vertex 298.229 7.92905 0
      vertex 297.472 6.66645 0
    endloop
  endfacet
  facet normal 0 0 -1
    outer loop
      vertex 292.846 186.561 0
      vertex 299.712 187.926 0
      vertex 292.961 185.784 0
    endloop
  endfacet
  facet normal 0 0 -1
    outer loop
      vertex 291.652 10.5554 0
      vertex 297.472 6.66645 0
      vertex 296.595 5.4841 0
    endloop
  endfacet
  facet normal -0 0 -1
    outer loop
      vertex 299.712 187.926 0
      vertex 292.846 186.561 0
      vertex 299.354 189.354 0
    endloop
  endfacet
  facet normal 0 0 -1
    outer loop
      vertex 291.184 9.92485 0
      vertex 296.595 5.4841 0
      vertex 295.607 4.3934 0
    endloop
  endfacet
  facet normal 0 0 -1
    outer loop
      vertex 292.656 187.322 0
      vertex 299.354 189.354 0
      vertex 292.846 186.561 0
    endloop
  endfacet
  facet normal 0 0 -1
    outer loop
      vertex 290.657 9.34315 0
      vertex 295.607 4.3934 0
      vertex 294.516 3.40484 0
    endloop
  endfacet
  facet normal -0 0 -1
    outer loop
      vertex 299.354 189.354 0
      vertex 292.656 187.322 0
      vertex 298.858 190.74 0
    endloop
  endfacet
  facet normal 0 0 -1
    outer loop
      vertex 290.075 8.81592 0
      vertex 294.516 3.40484 0
      vertex 293.334 2.52796 0
    endloop
  endfacet
  facet normal 0 0 -1
    outer loop
      vertex 292.391 188.061 0
      vertex 298.858 190.74 0
      vertex 292.656 187.322 0
    endloop
  endfacet
  facet normal -0 0 -1
    outer loop
      vertex 298.858 190.74 0
      vertex 292.391 188.061 0
      vertex 298.229 192.071 0
    endloop
  endfacet
  facet normal 0 0 -1
    outer loop
      vertex 299.928 13.5297 0
      vertex 292.961 14.2159 0
      vertex 293 15 0
    endloop
  endfacet
  facet normal 0 0 -1
    outer loop
      vertex 299.712 12.0736 0
      vertex 292.846 13.4393 0
      vertex 292.961 14.2159 0
    endloop
  endfacet
  facet normal 0 0 -1
    outer loop
      vertex 299.354 10.6457 0
      vertex 292.656 12.6777 0
      vertex 292.846 13.4393 0
    endloop
  endfacet
  facet normal 0 0 -1
    outer loop
      vertex 298.858 9.25975 0
      vertex 292.391 11.9385 0
      vertex 292.656 12.6777 0
    endloop
  endfacet
  facet normal 0 0 -1
    outer loop
      vertex 289.445 8.34824 0
      vertex 293.334 2.52796 0
      vertex 292.071 1.77118 0
    endloop
  endfacet
  facet normal 0 0 -1
    outer loop
      vertex 298.229 7.92905 0
      vertex 292.055 11.2288 0
      vertex 292.391 11.9385 0
    endloop
  endfacet
  facet normal 0 0 -1
    outer loop
      vertex 297.472 6.66645 0
      vertex 291.652 10.5554 0
      vertex 292.055 11.2288 0
    endloop
  endfacet
  facet normal 0 0 -1
    outer loop
      vertex 296.595 5.4841 0
      vertex 291.184 9.92485 0
      vertex 291.652 10.5554 0
    endloop
  endfacet
  facet normal 0 0 -1
    outer loop
      vertex 288.771 7.94463 0
      vertex 292.071 1.77118 0
      vertex 290.74 1.14181 0
    endloop
  endfacet
  facet normal 0 0 -1
    outer loop
      vertex 295.607 4.3934 0
      vertex 290.657 9.34315 0
      vertex 291.184 9.92485 0
    endloop
  endfacet
  facet normal 0 0 -1
    outer loop
      vertex 294.516 3.40484 0
      vertex 290.075 8.81592 0
      vertex 290.657 9.34315 0
    endloop
  endfacet
  facet normal 0 0 -1
    outer loop
      vertex 293.334 2.52796 0
      vertex 289.445 8.34824 0
      vertex 290.075 8.81592 0
    endloop
  endfacet
  facet normal 0 0 -1
    outer loop
      vertex 288.061 7.60896 0
      vertex 290.74 1.14181 0
      vertex 289.354 0.645894 0
    endloop
  endfacet
  facet normal 0 0 -1
    outer loop
      vertex 292.071 1.77118 0
      vertex 288.771 7.94463 0
      vertex 289.445 8.34824 0
    endloop
  endfacet
  facet normal 0 0 -1
    outer loop
      vertex 290.74 1.14181 0
      vertex 288.061 7.60896 0
      vertex 288.771 7.94463 0
    endloop
  endfacet
  facet normal 0 0 -1
    outer loop
      vertex 287.322 7.34448 0
      vertex 289.354 0.645894 0
      vertex 287.926 0.28822 0
    endloop
  endfacet
  facet normal 0 0 -1
    outer loop
      vertex 289.354 0.645894 0
      vertex 287.322 7.34448 0
      vertex 288.061 7.60896 0
    endloop
  endfacet
  facet normal 0 0 -1
    outer loop
      vertex 287.926 0.28822 0
      vertex 286.561 7.15372 0
      vertex 287.322 7.34448 0
    endloop
  endfacet
  facet normal 0 0 -1
    outer loop
      vertex 286.47 0.0722284 0
      vertex 286.561 7.15372 0
      vertex 287.926 0.28822 0
    endloop
  endfacet
  facet normal 0 0 -1
    outer loop
      vertex 286.47 0.0722284 0
      vertex 285.784 7.03852 0
      vertex 286.561 7.15372 0
    endloop
  endfacet
  facet normal 0 0 -1
    outer loop
      vertex 285 0 0
      vertex 285.784 7.03852 0
      vertex 286.47 0.0722284 0
    endloop
  endfacet
  facet normal 0 0 -1
    outer loop
      vertex 285 0 0
      vertex 285 7 0
      vertex 285.784 7.03852 0
    endloop
  endfacet
  facet normal 0 0 -1
    outer loop
      vertex 285 0 0
      vertex 284.216 7.03852 0
      vertex 285 7 0
    endloop
  endfacet
  facet normal 0 0 -1
    outer loop
      vertex 285 0 0
      vertex 283.439 7.15372 0
      vertex 284.216 7.03852 0
    endloop
  endfacet
  facet normal 0 0 -1
    outer loop
      vertex 285 0 0
      vertex 282.678 7.34448 0
      vertex 283.439 7.15372 0
    endloop
  endfacet
  facet normal 0 0 -1
    outer loop
      vertex 285 0 0
      vertex 281.939 7.60896 0
      vertex 282.678 7.34448 0
    endloop
  endfacet
  facet normal 0 0 -1
    outer loop
      vertex 285 0 0
      vertex 281.229 7.94463 0
      vertex 281.939 7.60896 0
    endloop
  endfacet
  facet normal 0 0 -1
    outer loop
      vertex 285 0 0
      vertex 280.555 8.34824 0
      vertex 281.229 7.94463 0
    endloop
  endfacet
  facet normal 0 0 -1
    outer loop
      vertex 285 0 0
      vertex 279.925 8.81592 0
      vertex 280.555 8.34824 0
    endloop
  endfacet
  facet normal 0 0 -1
    outer loop
      vertex 285 0 0
      vertex 279.343 9.34315 0
      vertex 279.925 8.81592 0
    endloop
  endfacet
  facet normal 0 0 -1
    outer loop
      vertex 285 0 0
      vertex 278.816 9.92485 0
      vertex 279.343 9.34315 0
    endloop
  endfacet
  facet normal 0 0 -1
    outer loop
      vertex 285 0 0
      vertex 278.348 10.5554 0
      vertex 278.816 9.92485 0
    endloop
  endfacet
  facet normal 0 0 -1
    outer loop
      vertex 277.154 183.439 0
      vertex 23 185 0
      vertex 277.039 184.216 0
    endloop
  endfacet
  facet normal 0 0 -1
    outer loop
      vertex 277.039 14.2159 0
      vertex 23 15 0
      vertex 277 15 0
    endloop
  endfacet
  facet normal 0 0 -1
    outer loop
      vertex 22.9615 14.2159 0
      vertex 277.039 14.2159 0
      vertex 277.154 13.4393 0
    endloop
  endfacet
  facet normal 0 0 -1
    outer loop
      vertex 22.8463 13.4393 0
      vertex 277.154 13.4393 0
      vertex 277.344 12.6777 0
    endloop
  endfacet
  facet normal 0 0 -1
    outer loop
      vertex 22.6555 12.6777 0
      vertex 277.344 12.6777 0
      vertex 277.609 11.9385 0
    endloop
  endfacet
  facet normal 0 0 -1
    outer loop
      vertex 22.391 11.9385 0
      vertex 277.609 11.9385 0
      vertex 277.945 11.2288 0
    endloop
  endfacet
  facet normal 0 0 -1
    outer loop
      vertex 22.0554 11.2288 0
      vertex 277.945 11.2288 0
      vertex 278.348 10.5554 0
    endloop
  endfacet
  facet normal 0 0 -1
    outer loop
      vertex 21.6518 10.5554 0
      vertex 278.348 10.5554 0
      vertex 285 0 0
    endloop
  endfacet
  facet normal 0 0 -1
    outer loop
      vertex 277.039 14.2159 0
      vertex 22.9615 14.2159 0
      vertex 23 15 0
    endloop
  endfacet
  facet normal 0 0 -1
    outer loop
      vertex 277.154 13.4393 0
      vertex 22.8463 13.4393 0
      vertex 22.9615 14.2159 0
    endloop
  endfacet
  facet normal 0 0 -1
    outer loop
      vertex 277.344 12.6777 0
      vertex 22.6555 12.6777 0
      vertex 22.8463 13.4393 0
    endloop
  endfacet
  facet normal 0 0 -1
    outer loop
      vertex 277.609 11.9385 0
      vertex 22.391 11.9385 0
      vertex 22.6555 12.6777 0
    endloop
  endfacet
  facet normal 0 0 -1
    outer loop
      vertex 277.945 11.2288 0
      vertex 22.0554 11.2288 0
      vertex 22.391 11.9385 0
    endloop
  endfacet
  facet normal 0 0 -1
    outer loop
      vertex 278.348 10.5554 0
      vertex 21.6518 10.5554 0
      vertex 22.0554 11.2288 0
    endloop
  endfacet
  facet normal 0 0 -1
    outer loop
      vertex 15 0 0
      vertex 21.6518 10.5554 0
      vertex 285 0 0
    endloop
  endfacet
  facet normal 0 0 -1
    outer loop
      vertex 21.6518 10.5554 0
      vertex 15 0 0
      vertex 21.1841 9.92485 0
    endloop
  endfacet
  facet normal 0 0 -1
    outer loop
      vertex 21.1841 9.92485 0
      vertex 15 0 0
      vertex 20.6569 9.34315 0
    endloop
  endfacet
  facet normal 0 0 -1
    outer loop
      vertex 20.6569 9.34315 0
      vertex 15 0 0
      vertex 20.0751 8.81592 0
    endloop
  endfacet
  facet normal 0 0 -1
    outer loop
      vertex 20.0751 8.81592 0
      vertex 15 0 0
      vertex 19.4446 8.34824 0
    endloop
  endfacet
  facet normal 0 0 -1
    outer loop
      vertex 19.4446 8.34824 0
      vertex 15 0 0
      vertex 18.7712 7.94463 0
    endloop
  endfacet
  facet normal 0 0 -1
    outer loop
      vertex 18.7712 7.94463 0
      vertex 15 0 0
      vertex 18.0615 7.60896 0
    endloop
  endfacet
  facet normal 0 0 -1
    outer loop
      vertex 18.0615 7.60896 0
      vertex 15 0 0
      vertex 17.3223 7.34448 0
    endloop
  endfacet
  facet normal 0 0 -1
    outer loop
      vertex 17.3223 7.34448 0
      vertex 15 0 0
      vertex 16.5607 7.15372 0
    endloop
  endfacet
  facet normal 0 0 -1
    outer loop
      vertex 16.5607 7.15372 0
      vertex 15 0 0
      vertex 15.7841 7.03852 0
    endloop
  endfacet
  facet normal 0 0 -1
    outer loop
      vertex 15 0 0
      vertex 15 7 0
      vertex 15.7841 7.03852 0
    endloop
  endfacet
  facet normal 0 0 -1
    outer loop
      vertex 15 0 0
      vertex 14.2159 7.03852 0
      vertex 15 7 0
    endloop
  endfacet
  facet normal 0 0 -1
    outer loop
      vertex 13.5297 0.0722284 0
      vertex 14.2159 7.03852 0
      vertex 15 0 0
    endloop
  endfacet
  facet normal 0 0 -1
    outer loop
      vertex 13.5297 0.0722284 0
      vertex 13.4393 7.15372 0
      vertex 14.2159 7.03852 0
    endloop
  endfacet
  facet normal 0 0 -1
    outer loop
      vertex 12.0736 0.28822 0
      vertex 13.4393 7.15372 0
      vertex 13.5297 0.0722284 0
    endloop
  endfacet
  facet normal -0 0 -1
    outer loop
      vertex 13.4393 7.15372 0
      vertex 12.0736 0.28822 0
      vertex 12.6777 7.34448 0
    endloop
  endfacet
  facet normal 0 0 -1
    outer loop
      vertex 10.6457 0.645894 0
      vertex 12.6777 7.34448 0
      vertex 12.0736 0.28822 0
    endloop
  endfacet
  facet normal -0 0 -1
    outer loop
      vertex 12.6777 7.34448 0
      vertex 10.6457 0.645894 0
      vertex 11.9385 7.60896 0
    endloop
  endfacet
  facet normal 0 0 -1
    outer loop
      vertex 9.25975 1.14181 0
      vertex 11.9385 7.60896 0
      vertex 10.6457 0.645894 0
    endloop
  endfacet
  facet normal -0 0 -1
    outer loop
      vertex 11.9385 7.60896 0
      vertex 9.25975 1.14181 0
      vertex 11.2288 7.94463 0
    endloop
  endfacet
  facet normal 0 0 -1
    outer loop
      vertex 7.92905 1.77118 0
      vertex 11.2288 7.94463 0
      vertex 9.25975 1.14181 0
    endloop
  endfacet
  facet normal -0 0 -1
    outer loop
      vertex 11.2288 7.94463 0
      vertex 7.92905 1.77118 0
      vertex 10.5554 8.34824 0
    endloop
  endfacet
  facet normal 0 0 -1
    outer loop
      vertex 6.66645 2.52796 0
      vertex 10.5554 8.34824 0
      vertex 7.92905 1.77118 0
    endloop
  endfacet
  facet normal -0 0 -1
    outer loop
      vertex 10.5554 8.34824 0
      vertex 6.66645 2.52796 0
      vertex 9.92485 8.81592 0
    endloop
  endfacet
  facet normal 0 0 -1
    outer loop
      vertex 5.4841 3.40484 0
      vertex 9.92485 8.81592 0
      vertex 6.66645 2.52796 0
    endloop
  endfacet
  facet normal -0 0 -1
    outer loop
      vertex 9.92485 8.81592 0
      vertex 5.4841 3.40484 0
      vertex 9.34315 9.34315 0
    endloop
  endfacet
  facet normal 0 0 -1
    outer loop
      vertex 4.3934 4.3934 0
      vertex 9.34315 9.34315 0
      vertex 5.4841 3.40484 0
    endloop
  endfacet
  facet normal -0 0 -1
    outer loop
      vertex 9.34315 9.34315 0
      vertex 4.3934 4.3934 0
      vertex 8.81592 9.92485 0
    endloop
  endfacet
  facet normal 0 0 -1
    outer loop
      vertex 3.40484 5.4841 0
      vertex 8.81592 9.92485 0
      vertex 4.3934 4.3934 0
    endloop
  endfacet
  facet normal -0 0 -1
    outer loop
      vertex 8.81592 9.92485 0
      vertex 3.40484 5.4841 0
      vertex 8.34824 10.5554 0
    endloop
  endfacet
  facet normal 0 0 -1
    outer loop
      vertex 2.52796 6.66645 0
      vertex 8.34824 10.5554 0
      vertex 3.40484 5.4841 0
    endloop
  endfacet
  facet normal -0 0 -1
    outer loop
      vertex 7.94463 11.2288 0
      vertex 1.77118 7.92905 0
      vertex 7.60896 11.9385 0
    endloop
  endfacet
  facet normal 0 0 -1
    outer loop
      vertex 1.77118 7.92905 0
      vertex 7.94463 11.2288 0
      vertex 2.52796 6.66645 0
    endloop
  endfacet
  facet normal -0 0 -1
    outer loop
      vertex 8.34824 10.5554 0
      vertex 2.52796 6.66645 0
      vertex 7.94463 11.2288 0
    endloop
  endfacet
  facet normal 0 0 -1
    outer loop
      vertex 292.055 188.771 0
      vertex 298.229 192.071 0
      vertex 292.391 188.061 0
    endloop
  endfacet
  facet normal -0 0 -1
    outer loop
      vertex 298.229 192.071 0
      vertex 292.055 188.771 0
      vertex 297.472 193.334 0
    endloop
  endfacet
  facet normal 0 0 -1
    outer loop
      vertex 291.652 189.445 0
      vertex 297.472 193.334 0
      vertex 292.055 188.771 0
    endloop
  endfacet
  facet normal -0 0 -1
    outer loop
      vertex 297.472 193.334 0
      vertex 291.652 189.445 0
      vertex 296.595 194.516 0
    endloop
  endfacet
  facet normal 0 0 -1
    outer loop
      vertex 291.184 190.075 0
      vertex 296.595 194.516 0
      vertex 291.652 189.445 0
    endloop
  endfacet
  facet normal -0 0 -1
    outer loop
      vertex 296.595 194.516 0
      vertex 291.184 190.075 0
      vertex 295.607 195.607 0
    endloop
  endfacet
  facet normal 0 0 -1
    outer loop
      vertex 290.657 190.657 0
      vertex 295.607 195.607 0
      vertex 291.184 190.075 0
    endloop
  endfacet
  facet normal -0 0 -1
    outer loop
      vertex 295.607 195.607 0
      vertex 290.657 190.657 0
      vertex 294.516 196.595 0
    endloop
  endfacet
  facet normal 0 0 -1
    outer loop
      vertex 290.075 191.184 0
      vertex 294.516 196.595 0
      vertex 290.657 190.657 0
    endloop
  endfacet
  facet normal -0 0 -1
    outer loop
      vertex 294.516 196.595 0
      vertex 290.075 191.184 0
      vertex 293.334 197.472 0
    endloop
  endfacet
  facet normal 0 0 -1
    outer loop
      vertex 289.445 191.652 0
      vertex 293.334 197.472 0
      vertex 290.075 191.184 0
    endloop
  endfacet
  facet normal -0 0 -1
    outer loop
      vertex 293.334 197.472 0
      vertex 289.445 191.652 0
      vertex 292.071 198.229 0
    endloop
  endfacet
  facet normal 0 0 -1
    outer loop
      vertex 288.771 192.055 0
      vertex 292.071 198.229 0
      vertex 289.445 191.652 0
    endloop
  endfacet
  facet normal -0 0 -1
    outer loop
      vertex 292.071 198.229 0
      vertex 288.771 192.055 0
      vertex 290.74 198.858 0
    endloop
  endfacet
  facet normal 0 0 -1
    outer loop
      vertex 288.061 192.391 0
      vertex 290.74 198.858 0
      vertex 288.771 192.055 0
    endloop
  endfacet
  facet normal -0 0 -1
    outer loop
      vertex 290.74 198.858 0
      vertex 288.061 192.391 0
      vertex 289.354 199.354 0
    endloop
  endfacet
  facet normal 0 0 -1
    outer loop
      vertex 287.322 192.656 0
      vertex 289.354 199.354 0
      vertex 288.061 192.391 0
    endloop
  endfacet
  facet normal -0 0 -1
    outer loop
      vertex 289.354 199.354 0
      vertex 287.322 192.656 0
      vertex 287.926 199.712 0
    endloop
  endfacet
  facet normal 0 0 -1
    outer loop
      vertex 286.561 192.846 0
      vertex 287.926 199.712 0
      vertex 287.322 192.656 0
    endloop
  endfacet
  facet normal 0 0 -1
    outer loop
      vertex 286.561 192.846 0
      vertex 286.47 199.928 0
      vertex 287.926 199.712 0
    endloop
  endfacet
  facet normal 0 0 -1
    outer loop
      vertex 285.784 192.961 0
      vertex 286.47 199.928 0
      vertex 286.561 192.846 0
    endloop
  endfacet
  facet normal 0 0 -1
    outer loop
      vertex 285 193 0
      vertex 286.47 199.928 0
      vertex 285.784 192.961 0
    endloop
  endfacet
  facet normal 0 0 -1
    outer loop
      vertex 285 193 0
      vertex 285 200 0
      vertex 286.47 199.928 0
    endloop
  endfacet
  facet normal 0 0 -1
    outer loop
      vertex 284.216 192.961 0
      vertex 285 200 0
      vertex 285 193 0
    endloop
  endfacet
  facet normal 0 0 -1
    outer loop
      vertex 283.439 192.846 0
      vertex 285 200 0
      vertex 284.216 192.961 0
    endloop
  endfacet
  facet normal 0 0 -1
    outer loop
      vertex 282.678 192.656 0
      vertex 285 200 0
      vertex 283.439 192.846 0
    endloop
  endfacet
  facet normal 0 0 -1
    outer loop
      vertex 281.939 192.391 0
      vertex 285 200 0
      vertex 282.678 192.656 0
    endloop
  endfacet
  facet normal 0 0 -1
    outer loop
      vertex 281.229 192.055 0
      vertex 285 200 0
      vertex 281.939 192.391 0
    endloop
  endfacet
  facet normal 0 0 -1
    outer loop
      vertex 280.555 191.652 0
      vertex 285 200 0
      vertex 281.229 192.055 0
    endloop
  endfacet
  facet normal 0 0 -1
    outer loop
      vertex 279.925 191.184 0
      vertex 285 200 0
      vertex 280.555 191.652 0
    endloop
  endfacet
  facet normal 0 0 -1
    outer loop
      vertex 279.343 190.657 0
      vertex 285 200 0
      vertex 279.925 191.184 0
    endloop
  endfacet
  facet normal 0 0 -1
    outer loop
      vertex 278.816 190.075 0
      vertex 285 200 0
      vertex 279.343 190.657 0
    endloop
  endfacet
  facet normal 0 0 -1
    outer loop
      vertex 278.348 189.445 0
      vertex 285 200 0
      vertex 278.816 190.075 0
    endloop
  endfacet
  facet normal 0 0 -1
    outer loop
      vertex 277.039 184.216 0
      vertex 23 185 0
      vertex 277 185 0
    endloop
  endfacet
  facet normal 0 0 -1
    outer loop
      vertex 277 185 0
      vertex 23 185 0
      vertex 277.039 185.784 0
    endloop
  endfacet
  facet normal 0 0 -1
    outer loop
      vertex 22.9615 185.784 0
      vertex 277.039 185.784 0
      vertex 23 185 0
    endloop
  endfacet
  facet normal 0 0 -1
    outer loop
      vertex 277.039 185.784 0
      vertex 22.9615 185.784 0
      vertex 277.154 186.561 0
    endloop
  endfacet
  facet normal 0 0 -1
    outer loop
      vertex 22.8463 186.561 0
      vertex 277.154 186.561 0
      vertex 22.9615 185.784 0
    endloop
  endfacet
  facet normal 0 0 -1
    outer loop
      vertex 277.154 186.561 0
      vertex 22.8463 186.561 0
      vertex 277.344 187.322 0
    endloop
  endfacet
  facet normal 0 0 -1
    outer loop
      vertex 22.6555 187.322 0
      vertex 277.344 187.322 0
      vertex 22.8463 186.561 0
    endloop
  endfacet
  facet normal 0 0 -1
    outer loop
      vertex 277.344 187.322 0
      vertex 22.6555 187.322 0
      vertex 277.609 188.061 0
    endloop
  endfacet
  facet normal 0 0 -1
    outer loop
      vertex 22.391 188.061 0
      vertex 277.609 188.061 0
      vertex 22.6555 187.322 0
    endloop
  endfacet
  facet normal 0 0 -1
    outer loop
      vertex 277.609 188.061 0
      vertex 22.391 188.061 0
      vertex 277.945 188.771 0
    endloop
  endfacet
  facet normal 0 0 -1
    outer loop
      vertex 22.0554 188.771 0
      vertex 277.945 188.771 0
      vertex 22.391 188.061 0
    endloop
  endfacet
  facet normal 0 0 -1
    outer loop
      vertex 277.945 188.771 0
      vertex 22.0554 188.771 0
      vertex 278.348 189.445 0
    endloop
  endfacet
  facet normal 0 0 -1
    outer loop
      vertex 21.6518 189.445 0
      vertex 278.348 189.445 0
      vertex 22.0554 188.771 0
    endloop
  endfacet
  facet normal 0 0 -1
    outer loop
      vertex 278.348 189.445 0
      vertex 21.6518 189.445 0
      vertex 285 200 0
    endloop
  endfacet
  facet normal 0 0 -1
    outer loop
      vertex 15 200 0
      vertex 21.6518 189.445 0
      vertex 21.1841 190.075 0
    endloop
  endfacet
  facet normal 0 0 -1
    outer loop
      vertex 15 200 0
      vertex 21.1841 190.075 0
      vertex 20.6569 190.657 0
    endloop
  endfacet
  facet normal 0 0 -1
    outer loop
      vertex 15 200 0
      vertex 20.6569 190.657 0
      vertex 20.0751 191.184 0
    endloop
  endfacet
  facet normal 0 0 -1
    outer loop
      vertex 15 200 0
      vertex 20.0751 191.184 0
      vertex 19.4446 191.652 0
    endloop
  endfacet
  facet normal 0 0 -1
    outer loop
      vertex 15 200 0
      vertex 19.4446 191.652 0
      vertex 18.7712 192.055 0
    endloop
  endfacet
  facet normal 0 0 -1
    outer loop
      vertex 15 200 0
      vertex 18.7712 192.055 0
      vertex 18.0615 192.391 0
    endloop
  endfacet
  facet normal 0 0 -1
    outer loop
      vertex 15 200 0
      vertex 18.0615 192.391 0
      vertex 17.3223 192.656 0
    endloop
  endfacet
  facet normal 0 0 -1
    outer loop
      vertex 15 200 0
      vertex 17.3223 192.656 0
      vertex 16.5607 192.846 0
    endloop
  endfacet
  facet normal 0 0 -1
    outer loop
      vertex 15 200 0
      vertex 16.5607 192.846 0
      vertex 15.7841 192.961 0
    endloop
  endfacet
  facet normal 0 0 -1
    outer loop
      vertex 15 200 0
      vertex 15.7841 192.961 0
      vertex 15 193 0
    endloop
  endfacet
  facet normal 0 0 -1
    outer loop
      vertex 21.6518 189.445 0
      vertex 15 200 0
      vertex 285 200 0
    endloop
  endfacet
  facet normal 0 0 -1
    outer loop
      vertex 14.2159 192.961 0
      vertex 15 200 0
      vertex 15 193 0
    endloop
  endfacet
  facet normal 0 0 -1
    outer loop
      vertex 14.2159 192.961 0
      vertex 13.5297 199.928 0
      vertex 15 200 0
    endloop
  endfacet
  facet normal 0 0 -1
    outer loop
      vertex 13.4393 192.846 0
      vertex 13.5297 199.928 0
      vertex 14.2159 192.961 0
    endloop
  endfacet
  facet normal 0 0 -1
    outer loop
      vertex 12.0736 199.712 0
      vertex 13.4393 192.846 0
      vertex 12.6777 192.656 0
    endloop
  endfacet
  facet normal 0 0 -1
    outer loop
      vertex 13.4393 192.846 0
      vertex 12.0736 199.712 0
      vertex 13.5297 199.928 0
    endloop
  endfacet
  facet normal 0 0 -1
    outer loop
      vertex 10.6457 199.354 0
      vertex 12.6777 192.656 0
      vertex 11.9385 192.391 0
    endloop
  endfacet
  facet normal 0 0 -1
    outer loop
      vertex 9.25975 198.858 0
      vertex 11.9385 192.391 0
      vertex 11.2288 192.055 0
    endloop
  endfacet
  facet normal 0 0 -1
    outer loop
      vertex 12.6777 192.656 0
      vertex 10.6457 199.354 0
      vertex 12.0736 199.712 0
    endloop
  endfacet
  facet normal 0 0 -1
    outer loop
      vertex 7.92905 198.229 0
      vertex 11.2288 192.055 0
      vertex 10.5554 191.652 0
    endloop
  endfacet
  facet normal 0 0 -1
    outer loop
      vertex 6.66645 197.472 0
      vertex 10.5554 191.652 0
      vertex 9.92485 191.184 0
    endloop
  endfacet
  facet normal 0 0 -1
    outer loop
      vertex 5.4841 196.595 0
      vertex 9.92485 191.184 0
      vertex 9.34315 190.657 0
    endloop
  endfacet
  facet normal 0 0 -1
    outer loop
      vertex 11.9385 192.391 0
      vertex 9.25975 198.858 0
      vertex 10.6457 199.354 0
    endloop
  endfacet
  facet normal 0 0 -1
    outer loop
      vertex 4.3934 195.607 0
      vertex 9.34315 190.657 0
      vertex 8.81592 190.075 0
    endloop
  endfacet
  facet normal 0 0 -1
    outer loop
      vertex 3.40484 194.516 0
      vertex 8.81592 190.075 0
      vertex 8.34824 189.445 0
    endloop
  endfacet
  facet normal 0 0 -1
    outer loop
      vertex 2.52796 193.334 0
      vertex 8.34824 189.445 0
      vertex 7.94463 188.771 0
    endloop
  endfacet
  facet normal 0 0 -1
    outer loop
      vertex 11.2288 192.055 0
      vertex 7.92905 198.229 0
      vertex 9.25975 198.858 0
    endloop
  endfacet
  facet normal 0 0 -1
    outer loop
      vertex 1.77118 192.071 0
      vertex 7.94463 188.771 0
      vertex 7.60896 188.061 0
    endloop
  endfacet
  facet normal 0 0 -1
    outer loop
      vertex 1.14181 190.74 0
      vertex 7.60896 188.061 0
      vertex 7.34448 187.322 0
    endloop
  endfacet
  facet normal 0 0 -1
    outer loop
      vertex 0.645894 189.354 0
      vertex 7.34448 187.322 0
      vertex 7.15372 186.561 0
    endloop
  endfacet
  facet normal 0 0 -1
    outer loop
      vertex 0.28822 187.926 0
      vertex 7.15372 186.561 0
      vertex 7.03852 185.784 0
    endloop
  endfacet
  facet normal 0 0 -1
    outer loop
      vertex 10.5554 191.652 0
      vertex 6.66645 197.472 0
      vertex 7.92905 198.229 0
    endloop
  endfacet
  facet normal 0 0 -1
    outer loop
      vertex 0.0722284 186.47 0
      vertex 7.03852 185.784 0
      vertex 7 185 0
    endloop
  endfacet
  facet normal 0 0 -1
    outer loop
      vertex 7.15372 183.439 0
      vertex 0 185 0
      vertex 7.03852 184.216 0
    endloop
  endfacet
  facet normal 0 0 -1
    outer loop
      vertex 1.14181 9.25975 0
      vertex 7.60896 11.9385 0
      vertex 1.77118 7.92905 0
    endloop
  endfacet
  facet normal 0 0 -1
    outer loop
      vertex 7.03852 184.216 0
      vertex 0 185 0
      vertex 7 185 0
    endloop
  endfacet
  facet normal -0 0 -1
    outer loop
      vertex 7.60896 11.9385 0
      vertex 1.14181 9.25975 0
      vertex 7.34448 12.6777 0
    endloop
  endfacet
  facet normal 0 -0 -1
    outer loop
      vertex 0.0722284 186.47 0
      vertex 7 185 0
      vertex 0 185 0
    endloop
  endfacet
  facet normal 0 0 -1
    outer loop
      vertex 0.645894 10.6457 0
      vertex 7.34448 12.6777 0
      vertex 1.14181 9.25975 0
    endloop
  endfacet
  facet normal 0 0 -1
    outer loop
      vertex 9.92485 191.184 0
      vertex 5.4841 196.595 0
      vertex 6.66645 197.472 0
    endloop
  endfacet
  facet normal -0 0 -1
    outer loop
      vertex 7.34448 12.6777 0
      vertex 0.645894 10.6457 0
      vertex 7.15372 13.4393 0
    endloop
  endfacet
  facet normal 0 0 -1
    outer loop
      vertex 9.34315 190.657 0
      vertex 4.3934 195.607 0
      vertex 5.4841 196.595 0
    endloop
  endfacet
  facet normal 0 0 -1
    outer loop
      vertex 0.28822 12.0736 0
      vertex 7.15372 13.4393 0
      vertex 0.645894 10.6457 0
    endloop
  endfacet
  facet normal 0 0 -1
    outer loop
      vertex 8.81592 190.075 0
      vertex 3.40484 194.516 0
      vertex 4.3934 195.607 0
    endloop
  endfacet
  facet normal -0 0 -1
    outer loop
      vertex 7.15372 13.4393 0
      vertex 0.28822 12.0736 0
      vertex 7.03852 14.2159 0
    endloop
  endfacet
  facet normal 0 0 -1
    outer loop
      vertex 8.34824 189.445 0
      vertex 2.52796 193.334 0
      vertex 3.40484 194.516 0
    endloop
  endfacet
  facet normal 0 0 -1
    outer loop
      vertex 0.0722284 13.5297 0
      vertex 7.03852 14.2159 0
      vertex 0.28822 12.0736 0
    endloop
  endfacet
  facet normal 0 0 -1
    outer loop
      vertex 7.94463 188.771 0
      vertex 1.77118 192.071 0
      vertex 2.52796 193.334 0
    endloop
  endfacet
  facet normal -0 0 -1
    outer loop
      vertex 7.03852 14.2159 0
      vertex 0.0722284 13.5297 0
      vertex 7 15 0
    endloop
  endfacet
  facet normal 0 0 -1
    outer loop
      vertex 7.60896 188.061 0
      vertex 1.14181 190.74 0
      vertex 1.77118 192.071 0
    endloop
  endfacet
  facet normal -0 0 -1
    outer loop
      vertex 7 15 0
      vertex 0.0722284 13.5297 0
      vertex 0 15 0
    endloop
  endfacet
  facet normal 0 0 -1
    outer loop
      vertex 7.34448 187.322 0
      vertex 0.645894 189.354 0
      vertex 1.14181 190.74 0
    endloop
  endfacet
  facet normal 0 0 -1
    outer loop
      vertex 7.15372 186.561 0
      vertex 0.28822 187.926 0
      vertex 0.645894 189.354 0
    endloop
  endfacet
  facet normal 0 0 -1
    outer loop
      vertex 7.03852 185.784 0
      vertex 0.0722284 186.47 0
      vertex 0.28822 187.926 0
    endloop
  endfacet
  facet normal 0.941527 0.336939 0
    outer loop
      vertex 299.354 189.354 100
      vertex 298.858 190.74 0
      vertex 298.858 190.74 100
    endloop
  endfacet
  facet normal 0.941527 0.336939 0
    outer loop
      vertex 298.858 190.74 0
      vertex 299.354 189.354 100
      vertex 299.354 189.354 0
    endloop
  endfacet
  facet normal -0.243191 0.969978 0
    outer loop
      vertex 12.0736 199.712 0
      vertex 10.6457 199.354 100
      vertex 12.0736 199.712 100
    endloop
  endfacet
  facet normal -0.243191 0.969978 0
    outer loop
      vertex 10.6457 199.354 100
      vertex 12.0736 199.712 0
      vertex 10.6457 199.354 0
    endloop
  endfacet
  facet normal -0.146736 0.989176 0
    outer loop
      vertex 13.5297 199.928 0
      vertex 12.0736 199.712 100
      vertex 13.5297 199.928 100
    endloop
  endfacet
  facet normal -0.146736 0.989176 0
    outer loop
      vertex 12.0736 199.712 100
      vertex 13.5297 199.928 0
      vertex 12.0736 199.712 0
    endloop
  endfacet
  facet normal 0.048911 -0.998803 0
    outer loop
      vertex 14.0198 194.952 5
      vertex 15 195 95.01
      vertex 14.0198 194.952 95.01
    endloop
  endfacet
  facet normal 0.048911 -0.998803 0
    outer loop
      vertex 15 195 95.01
      vertex 14.0198 194.952 5
      vertex 15 195 5
    endloop
  endfacet
  facet normal 0.0490635 0.998796 -0
    outer loop
      vertex 15 5 5
      vertex 14.0198 5.04815 95.01
      vertex 15 5 95.01
    endloop
  endfacet
  facet normal 0.0490635 0.998796 0
    outer loop
      vertex 14.0198 5.04815 95.01
      vertex 15 5 5
      vertex 14.0198 5.04815 5
    endloop
  endfacet
  facet normal 0.336336 -0.941742 0
    outer loop
      vertex 11.1732 194.239 5
      vertex 12.0972 194.569 95.01
      vertex 11.1732 194.239 95.01
    endloop
  endfacet
  facet normal 0.336336 -0.941742 0
    outer loop
      vertex 12.0972 194.569 95.01
      vertex 11.1732 194.239 5
      vertex 12.0972 194.569 5
    endloop
  endfacet
  facet normal -0.740972 0.671536 0
    outer loop
      vertex 292.071 7.92893 5
      vertex 292.73 8.65607 95.01
      vertex 292.73 8.65607 5
    endloop
  endfacet
  facet normal -0.740972 0.671536 0
    outer loop
      vertex 292.73 8.65607 95.01
      vertex 292.071 7.92893 5
      vertex 292.071 7.92893 95.01
    endloop
  endfacet
  facet normal -0.427614 0.903962 0
    outer loop
      vertex 289.714 6.18079 5
      vertex 288.827 5.7612 95.01
      vertex 289.714 6.18079 95.01
    endloop
  endfacet
  facet normal -0.427614 0.903962 0
    outer loop
      vertex 288.827 5.7612 95.01
      vertex 289.714 6.18079 5
      vertex 288.827 5.7612 5
    endloop
  endfacet
  facet normal 0.427876 -0.903837 0
    outer loop
      vertex 10.286 193.819 5
      vertex 11.1732 194.239 95.01
      vertex 10.286 193.819 95.01
    endloop
  endfacet
  facet normal 0.427876 -0.903837 0
    outer loop
      vertex 11.1732 194.239 95.01
      vertex 10.286 193.819 5
      vertex 11.1732 194.239 5
    endloop
  endfacet
  facet normal 0 -1 0
    outer loop
      vertex 15 195 5
      vertex 285 195 95.01
      vertex 15 195 95.01
    endloop
  endfacet
  facet normal 0 -1 -0
    outer loop
      vertex 285 195 95.01
      vertex 15 195 5
      vertex 285 195 5
    endloop
  endfacet
  facet normal 0.857722 0.514114 0
    outer loop
      vertex 6.6853 9.4443 95.01
      vertex 6.18079 10.286 5
      vertex 6.18079 10.286 95.01
    endloop
  endfacet
  facet normal 0.857722 0.514114 0
    outer loop
      vertex 6.18079 10.286 5
      vertex 6.6853 9.4443 95.01
      vertex 6.6853 9.4443 5
    endloop
  endfacet
  facet normal 0.146741 -0.989175 0
    outer loop
      vertex 13.0491 194.808 5
      vertex 14.0198 194.952 95.01
      vertex 13.0491 194.808 95.01
    endloop
  endfacet
  facet normal 0.146741 -0.989175 0
    outer loop
      vertex 14.0198 194.952 95.01
      vertex 13.0491 194.808 5
      vertex 14.0198 194.952 5
    endloop
  endfacet
  facet normal -0.671629 0.740887 0
    outer loop
      vertex 292.071 7.92893 5
      vertex 291.344 7.26989 95.01
      vertex 292.071 7.92893 95.01
    endloop
  endfacet
  facet normal -0.671629 0.740887 0
    outer loop
      vertex 291.344 7.26989 95.01
      vertex 292.071 7.92893 5
      vertex 291.344 7.26989 5
    endloop
  endfacet
  facet normal 0.595968 -0.803008 0
    outer loop
      vertex 8.65607 192.73 5
      vertex 9.4443 193.315 95.01
      vertex 8.65607 192.73 95.01
    endloop
  endfacet
  facet normal 0.595968 -0.803008 0
    outer loop
      vertex 9.4443 193.315 95.01
      vertex 8.65607 192.73 5
      vertex 9.4443 193.315 5
    endloop
  endfacet
  facet normal 0 1 -0
    outer loop
      vertex 285 5 5
      vertex 15 5 95.01
      vertex 285 5 95.01
    endloop
  endfacet
  facet normal 0 1 0
    outer loop
      vertex 15 5 95.01
      vertex 285 5 5
      vertex 15 5 5
    endloop
  endfacet
  facet normal -1 0 0
    outer loop
      vertex 295 15 5
      vertex 295 185 95.01
      vertex 295 185 5
    endloop
  endfacet
  facet normal -1 -0 0
    outer loop
      vertex 295 185 95.01
      vertex 295 15 5
      vertex 295 15 95.01
    endloop
  endfacet
  facet normal 0.857803 -0.513979 0
    outer loop
      vertex 6.18079 189.714 95.01
      vertex 6.6853 190.556 5
      vertex 6.6853 190.556 95.01
    endloop
  endfacet
  facet normal 0.857803 -0.513979 0
    outer loop
      vertex 6.6853 190.556 5
      vertex 6.18079 189.714 95.01
      vertex 6.18079 189.714 5
    endloop
  endfacet
  facet normal 1 -0 0
    outer loop
      vertex 5 15 95.01
      vertex 5 185 5
      vertex 5 185 95.01
    endloop
  endfacet
  facet normal 1 0 0
    outer loop
      vertex 5 185 5
      vertex 5 15 95.01
      vertex 5 15 5
    endloop
  endfacet
  facet normal -0.969896 0.243518 0
    outer loop
      vertex 294.569 12.0972 5
      vertex 294.808 13.0491 95.01
      vertex 294.808 13.0491 5
    endloop
  endfacet
  facet normal -0.969896 0.243518 0
    outer loop
      vertex 294.808 13.0491 95.01
      vertex 294.569 12.0972 5
      vertex 294.569 12.0972 95.01
    endloop
  endfacet
  facet normal -0.803008 0.595968 0
    outer loop
      vertex 292.73 8.65607 5
      vertex 293.315 9.4443 95.01
      vertex 293.315 9.4443 5
    endloop
  endfacet
  facet normal -0.803008 0.595968 0
    outer loop
      vertex 293.315 9.4443 95.01
      vertex 292.73 8.65607 5
      vertex 292.73 8.65607 95.01
    endloop
  endfacet
  facet normal 0.803208 0.595699 0
    outer loop
      vertex 7.26989 8.65607 95.01
      vertex 6.6853 9.4443 5
      vertex 6.6853 9.4443 95.01
    endloop
  endfacet
  facet normal 0.803208 0.595699 0
    outer loop
      vertex 6.6853 9.4443 5
      vertex 7.26989 8.65607 95.01
      vertex 7.26989 8.65607 5
    endloop
  endfacet
  facet normal 0.514114 0.857722 -0
    outer loop
      vertex 10.286 6.18079 5
      vertex 9.4443 6.6853 95.01
      vertex 10.286 6.18079 95.01
    endloop
  endfacet
  facet normal 0.514114 0.857722 0
    outer loop
      vertex 9.4443 6.6853 95.01
      vertex 10.286 6.18079 5
      vertex 9.4443 6.6853 5
    endloop
  endfacet
  facet normal 0.243518 -0.969896 0
    outer loop
      vertex 12.0972 194.569 5
      vertex 13.0491 194.808 95.01
      vertex 12.0972 194.569 95.01
    endloop
  endfacet
  facet normal 0.243518 -0.969896 0
    outer loop
      vertex 13.0491 194.808 95.01
      vertex 12.0972 194.569 5
      vertex 13.0491 194.808 5
    endloop
  endfacet
  facet normal 0.336879 0.941548 -0
    outer loop
      vertex 12.0972 5.4306 5
      vertex 11.1732 5.7612 95.01
      vertex 12.0972 5.4306 95.01
    endloop
  endfacet
  facet normal 0.336879 0.941548 0
    outer loop
      vertex 11.1732 5.7612 95.01
      vertex 12.0972 5.4306 5
      vertex 11.1732 5.7612 5
    endloop
  endfacet
  facet normal -0.242967 0.970035 0
    outer loop
      vertex 287.903 5.4306 5
      vertex 286.951 5.19215 95.01
      vertex 287.903 5.4306 95.01
    endloop
  endfacet
  facet normal -0.242967 0.970035 0
    outer loop
      vertex 286.951 5.19215 95.01
      vertex 287.903 5.4306 5
      vertex 286.951 5.19215 5
    endloop
  endfacet
  facet normal -0.903837 0.427876 0
    outer loop
      vertex 293.819 10.286 5
      vertex 294.239 11.1732 95.01
      vertex 294.239 11.1732 5
    endloop
  endfacet
  facet normal -0.903837 0.427876 0
    outer loop
      vertex 294.239 11.1732 95.01
      vertex 293.819 10.286 5
      vertex 293.819 10.286 95.01
    endloop
  endfacet
  facet normal 0.903962 -0.427614 0
    outer loop
      vertex 5.7612 188.827 95.01
      vertex 6.18079 189.714 5
      vertex 6.18079 189.714 95.01
    endloop
  endfacet
  facet normal 0.903962 -0.427614 0
    outer loop
      vertex 6.18079 189.714 5
      vertex 5.7612 188.827 95.01
      vertex 5.7612 188.827 5
    endloop
  endfacet
  facet normal -0.427955 -0.9038 0
    outer loop
      vertex 288.827 194.239 5
      vertex 289.714 193.819 95.01
      vertex 288.827 194.239 95.01
    endloop
  endfacet
  facet normal -0.427955 -0.9038 -0
    outer loop
      vertex 289.714 193.819 95.01
      vertex 288.827 194.239 5
      vertex 289.714 193.819 5
    endloop
  endfacet
  facet normal -0.513979 0.857803 0
    outer loop
      vertex 290.556 6.6853 5
      vertex 289.714 6.18079 95.01
      vertex 290.556 6.6853 95.01
    endloop
  endfacet
  facet normal -0.513979 0.857803 0
    outer loop
      vertex 289.714 6.18079 95.01
      vertex 290.556 6.6853 5
      vertex 289.714 6.18079 5
    endloop
  endfacet
  facet normal 0.941548 -0.336879 0
    outer loop
      vertex 5.4306 187.903 95.01
      vertex 5.7612 188.827 5
      vertex 5.7612 188.827 95.01
    endloop
  endfacet
  facet normal 0.941548 -0.336879 0
    outer loop
      vertex 5.7612 188.827 5
      vertex 5.4306 187.903 95.01
      vertex 5.4306 187.903 5
    endloop
  endfacet
  facet normal -0.243494 -0.969902 0
    outer loop
      vertex 286.951 194.808 5
      vertex 287.903 194.569 95.01
      vertex 286.951 194.808 95.01
    endloop
  endfacet
  facet normal -0.243494 -0.969902 -0
    outer loop
      vertex 287.903 194.569 95.01
      vertex 286.951 194.808 5
      vertex 287.903 194.569 5
    endloop
  endfacet
  facet normal -0.998803 -0.0489209 0
    outer loop
      vertex 295 185 5
      vertex 294.952 185.98 95.01
      vertex 294.952 185.98 5
    endloop
  endfacet
  facet normal -0.998803 -0.0489209 0
    outer loop
      vertex 294.952 185.98 95.01
      vertex 295 185 5
      vertex 295 185 95.01
    endloop
  endfacet
  facet normal -0.989182 -0.146696 0
    outer loop
      vertex 294.952 185.98 5
      vertex 294.808 186.951 95.01
      vertex 294.808 186.951 5
    endloop
  endfacet
  facet normal -0.989182 -0.146696 0
    outer loop
      vertex 294.808 186.951 95.01
      vertex 294.952 185.98 5
      vertex 294.952 185.98 95.01
    endloop
  endfacet
  facet normal -0.998803 0.048911 0
    outer loop
      vertex 294.952 14.0198 5
      vertex 295 15 95.01
      vertex 295 15 5
    endloop
  endfacet
  facet normal -0.998803 0.048911 0
    outer loop
      vertex 295 15 95.01
      vertex 294.952 14.0198 5
      vertex 294.952 14.0198 95.01
    endloop
  endfacet
  facet normal -0.336879 0.941548 0
    outer loop
      vertex 288.827 5.7612 5
      vertex 287.903 5.4306 95.01
      vertex 288.827 5.7612 95.01
    endloop
  endfacet
  facet normal -0.336879 0.941548 0
    outer loop
      vertex 287.903 5.4306 95.01
      vertex 288.827 5.7612 5
      vertex 287.903 5.4306 5
    endloop
  endfacet
  facet normal -0.146696 0.989182 0
    outer loop
      vertex 286.951 5.19215 5
      vertex 285.98 5.04815 95.01
      vertex 286.951 5.19215 95.01
    endloop
  endfacet
  facet normal -0.146696 0.989182 0
    outer loop
      vertex 285.98 5.04815 95.01
      vertex 286.951 5.19215 5
      vertex 285.98 5.04815 5
    endloop
  endfacet
  facet normal -0.0490735 0.998795 0
    outer loop
      vertex 285.98 5.04815 5
      vertex 285 5 95.01
      vertex 285.98 5.04815 95.01
    endloop
  endfacet
  facet normal -0.0490735 0.998795 0
    outer loop
      vertex 285 5 95.01
      vertex 285.98 5.04815 5
      vertex 285 5 5
    endloop
  endfacet
  facet normal 0.427535 0.903999 -0
    outer loop
      vertex 11.1732 5.7612 5
      vertex 10.286 6.18079 95.01
      vertex 11.1732 5.7612 95.01
    endloop
  endfacet
  facet normal 0.427535 0.903999 0
    outer loop
      vertex 10.286 6.18079 95.01
      vertex 11.1732 5.7612 5
      vertex 10.286 6.18079 5
    endloop
  endfacet
  facet normal -0.595811 0.803125 0
    outer loop
      vertex 291.344 7.26989 5
      vertex 290.556 6.6853 95.01
      vertex 291.344 7.26989 95.01
    endloop
  endfacet
  facet normal -0.595811 0.803125 0
    outer loop
      vertex 290.556 6.6853 95.01
      vertex 291.344 7.26989 5
      vertex 290.556 6.6853 5
    endloop
  endfacet
  facet normal -0.513596 -0.858032 0
    outer loop
      vertex 289.714 193.819 5
      vertex 290.556 193.315 95.01
      vertex 289.714 193.819 95.01
    endloop
  endfacet
  facet normal -0.513596 -0.858032 -0
    outer loop
      vertex 290.556 193.315 95.01
      vertex 289.714 193.819 5
      vertex 290.556 193.315 5
    endloop
  endfacet
  facet normal 0.146741 0.989175 -0
    outer loop
      vertex 14.0198 5.04815 5
      vertex 13.0491 5.19215 95.01
      vertex 14.0198 5.04815 95.01
    endloop
  endfacet
  facet normal 0.146741 0.989175 0
    outer loop
      vertex 13.0491 5.19215 95.01
      vertex 14.0198 5.04815 5
      vertex 13.0491 5.19215 5
    endloop
  endfacet
  facet normal -0.146696 -0.989182 0
    outer loop
      vertex 285.98 194.952 5
      vertex 286.951 194.808 95.01
      vertex 285.98 194.952 95.01
    endloop
  endfacet
  facet normal -0.146696 -0.989182 -0
    outer loop
      vertex 286.951 194.808 95.01
      vertex 285.98 194.952 5
      vertex 286.951 194.808 5
    endloop
  endfacet
  facet normal 0.671558 0.740952 -0
    outer loop
      vertex 8.65607 7.26989 5
      vertex 7.92893 7.92893 95.01
      vertex 8.65607 7.26989 95.01
    endloop
  endfacet
  facet normal 0.671558 0.740952 0
    outer loop
      vertex 7.92893 7.92893 95.01
      vertex 8.65607 7.26989 5
      vertex 7.92893 7.92893 5
    endloop
  endfacet
  facet normal 0.513731 -0.857951 0
    outer loop
      vertex 9.4443 193.315 5
      vertex 10.286 193.819 95.01
      vertex 9.4443 193.315 95.01
    endloop
  endfacet
  facet normal 0.513731 -0.857951 0
    outer loop
      vertex 10.286 193.819 95.01
      vertex 9.4443 193.315 5
      vertex 10.286 193.819 5
    endloop
  endfacet
  facet normal -0.857951 0.513731 0
    outer loop
      vertex 293.315 9.4443 5
      vertex 293.819 10.286 95.01
      vertex 293.819 10.286 5
    endloop
  endfacet
  facet normal -0.857951 0.513731 0
    outer loop
      vertex 293.819 10.286 95.01
      vertex 293.315 9.4443 5
      vertex 293.315 9.4443 95.01
    endloop
  endfacet
  facet normal -0.0489209 -0.998803 0
    outer loop
      vertex 285 195 5
      vertex 285.98 194.952 95.01
      vertex 285 195 95.01
    endloop
  endfacet
  facet normal -0.0489209 -0.998803 -0
    outer loop
      vertex 285.98 194.952 95.01
      vertex 285 195 5
      vertex 285.98 194.952 5
    endloop
  endfacet
  facet normal -0 0 -1
    outer loop
      vertex 24.5 27.1529 95.01
      vertex 24.3611 27.0787 95.01
      vertex 24.5 142.564 95.01
    endloop
  endfacet
  facet normal 0 0 -1
    outer loop
      vertex 59 172.847 95.01
      vertex 81 172.847 95.01
      vertex 81 66.392 95.01
    endloop
  endfacet
  facet normal 0 0 -1
    outer loop
      vertex 81 172.847 95.01
      vertex 59 172.847 95.01
      vertex 80.8611 172.921 95.01
    endloop
  endfacet
  facet normal 0 -0 -1
    outer loop
      vertex 59.1389 172.921 95.01
      vertex 80.8611 172.921 95.01
      vertex 59 172.847 95.01
    endloop
  endfacet
  facet normal 0 0 -1
    outer loop
      vertex 80.8611 172.921 95.01
      vertex 59.1389 172.921 95.01
      vertex 80.4822 173.232 95.01
    endloop
  endfacet
  facet normal 0 -0 -1
    outer loop
      vertex 59.5178 173.232 95.01
      vertex 80.4822 173.232 95.01
      vertex 59.1389 172.921 95.01
    endloop
  endfacet
  facet normal 0 0 -1
    outer loop
      vertex 80.4822 173.232 95.01
      vertex 59.5178 173.232 95.01
      vertex 80.1713 173.611 95.01
    endloop
  endfacet
  facet normal 0 -0 -1
    outer loop
      vertex 59.8287 173.611 95.01
      vertex 80.1713 173.611 95.01
      vertex 59.5178 173.232 95.01
    endloop
  endfacet
  facet normal -0 0 -1
    outer loop
      vertex 79.75 175 95.01
      vertex 60.202 174.512 95.01
      vertex 60.25 175 95.01
    endloop
  endfacet
  facet normal 0 0 -1
    outer loop
      vertex 79.798 174.512 95.01
      vertex 60.202 174.512 95.01
      vertex 79.75 175 95.01
    endloop
  endfacet
  facet normal 0 -0 -1
    outer loop
      vertex 60.202 174.512 95.01
      vertex 79.798 174.512 95.01
      vertex 60.0597 174.043 95.01
    endloop
  endfacet
  facet normal 0 0 -1
    outer loop
      vertex 79.9403 174.043 95.01
      vertex 60.0597 174.043 95.01
      vertex 79.798 174.512 95.01
    endloop
  endfacet
  facet normal 0 -0 -1
    outer loop
      vertex 60.0597 174.043 95.01
      vertex 79.9403 174.043 95.01
      vertex 59.8287 173.611 95.01
    endloop
  endfacet
  facet normal 0 0 -1
    outer loop
      vertex 59 172.847 95.01
      vertex 81 66.392 95.01
      vertex 59 66.392 95.01
    endloop
  endfacet
  facet normal 0 0 -1
    outer loop
      vertex 80.1713 173.611 95.01
      vertex 59.8287 173.611 95.01
      vertex 79.9403 174.043 95.01
    endloop
  endfacet
  facet normal 0 0 -1
    outer loop
      vertex 88.5 130.011 95.01
      vertex 83.5 172.847 95.01
      vertex 83.6389 172.921 95.01
    endloop
  endfacet
  facet normal 0 0 -1
    outer loop
      vertex 27 27.1529 95.01
      vertex 49 27.1529 95.01
      vertex 48.8611 27.0787 95.01
    endloop
  endfacet
  facet normal 0 0 -1
    outer loop
      vertex 27.1389 27.0787 95.01
      vertex 48.8611 27.0787 95.01
      vertex 48.4822 26.7678 95.01
    endloop
  endfacet
  facet normal 0 0 -1
    outer loop
      vertex 27.5178 26.7678 95.01
      vertex 48.4822 26.7678 95.01
      vertex 48.1713 26.3889 95.01
    endloop
  endfacet
  facet normal 0 0 -1
    outer loop
      vertex 27.8287 26.3889 95.01
      vertex 48.1713 26.3889 95.01
      vertex 47.9403 25.9567 95.01
    endloop
  endfacet
  facet normal 0 0 -1
    outer loop
      vertex 28.0597 25.9567 95.01
      vertex 47.9403 25.9567 95.01
      vertex 47.798 25.4877 95.01
    endloop
  endfacet
  facet normal 0 0 -1
    outer loop
      vertex 28.202 25.4877 95.01
      vertex 47.798 25.4877 95.01
      vertex 47.75 25 95.01
    endloop
  endfacet
  facet normal 0 0 -1
    outer loop
      vertex 28.202 25.4877 95.01
      vertex 47.75 25 95.01
      vertex 28.25 25 95.01
    endloop
  endfacet
  facet normal 0 0 -1
    outer loop
      vertex 47.798 25.4877 95.01
      vertex 28.202 25.4877 95.01
      vertex 28.0597 25.9567 95.01
    endloop
  endfacet
  facet normal 0 0 -1
    outer loop
      vertex 47.9403 25.9567 95.01
      vertex 28.0597 25.9567 95.01
      vertex 27.8287 26.3889 95.01
    endloop
  endfacet
  facet normal 0 0 -1
    outer loop
      vertex 48.1713 26.3889 95.01
      vertex 27.8287 26.3889 95.01
      vertex 27.5178 26.7678 95.01
    endloop
  endfacet
  facet normal 0 0 -1
    outer loop
      vertex 48.4822 26.7678 95.01
      vertex 27.5178 26.7678 95.01
      vertex 27.1389 27.0787 95.01
    endloop
  endfacet
  facet normal 0 0 -1
    outer loop
      vertex 48.8611 27.0787 95.01
      vertex 27.1389 27.0787 95.01
      vertex 27 27.1529 95.01
    endloop
  endfacet
  facet normal 0 0 -1
    outer loop
      vertex 49 27.1529 95.01
      vertex 27 27.1529 95.01
      vertex 49 140.064 95.01
    endloop
  endfacet
  facet normal -0 0 -1
    outer loop
      vertex 49 140.064 95.01
      vertex 27 27.1529 95.01
      vertex 27 140.064 95.01
    endloop
  endfacet
  facet normal 0 0 -1
    outer loop
      vertex 83.5 63.892 95.01
      vertex 88.5 27.1529 95.01
      vertex 88.3611 27.0787 95.01
    endloop
  endfacet
  facet normal 0 0 -1
    outer loop
      vertex 123 172.847 95.01
      vertex 145 172.847 95.01
      vertex 145 80.9971 95.01
    endloop
  endfacet
  facet normal 0 0 -1
    outer loop
      vertex 145 172.847 95.01
      vertex 123 172.847 95.01
      vertex 144.861 172.921 95.01
    endloop
  endfacet
  facet normal 0 -0 -1
    outer loop
      vertex 123.139 172.921 95.01
      vertex 144.861 172.921 95.01
      vertex 123 172.847 95.01
    endloop
  endfacet
  facet normal 0 0 -1
    outer loop
      vertex 144.861 172.921 95.01
      vertex 123.139 172.921 95.01
      vertex 144.482 173.232 95.01
    endloop
  endfacet
  facet normal 0 -0 -1
    outer loop
      vertex 123.518 173.232 95.01
      vertex 144.482 173.232 95.01
      vertex 123.139 172.921 95.01
    endloop
  endfacet
  facet normal 0 0 -1
    outer loop
      vertex 144.482 173.232 95.01
      vertex 123.518 173.232 95.01
      vertex 144.171 173.611 95.01
    endloop
  endfacet
  facet normal 0 -0 -1
    outer loop
      vertex 123.829 173.611 95.01
      vertex 144.171 173.611 95.01
      vertex 123.518 173.232 95.01
    endloop
  endfacet
  facet normal -0 0 -1
    outer loop
      vertex 143.75 175 95.01
      vertex 124.202 174.512 95.01
      vertex 124.25 175 95.01
    endloop
  endfacet
  facet normal 0 0 -1
    outer loop
      vertex 143.798 174.512 95.01
      vertex 124.202 174.512 95.01
      vertex 143.75 175 95.01
    endloop
  endfacet
  facet normal 0 -0 -1
    outer loop
      vertex 124.202 174.512 95.01
      vertex 143.798 174.512 95.01
      vertex 124.06 174.043 95.01
    endloop
  endfacet
  facet normal 0 0 -1
    outer loop
      vertex 143.94 174.043 95.01
      vertex 124.06 174.043 95.01
      vertex 143.798 174.512 95.01
    endloop
  endfacet
  facet normal 0 -0 -1
    outer loop
      vertex 124.06 174.043 95.01
      vertex 143.94 174.043 95.01
      vertex 123.829 173.611 95.01
    endloop
  endfacet
  facet normal 0 0 -1
    outer loop
      vertex 123 172.847 95.01
      vertex 145 80.9971 95.01
      vertex 123 80.9971 95.01
    endloop
  endfacet
  facet normal 0 0 -1
    outer loop
      vertex 144.171 173.611 95.01
      vertex 123.829 173.611 95.01
      vertex 143.94 174.043 95.01
    endloop
  endfacet
  facet normal 0 0 -1
    outer loop
      vertex 152.5 116.227 95.01
      vertex 147.5 172.847 95.01
      vertex 147.639 172.921 95.01
    endloop
  endfacet
  facet normal 0 0 -1
    outer loop
      vertex 91 27.1529 95.01
      vertex 113 27.1529 95.01
      vertex 112.861 27.0787 95.01
    endloop
  endfacet
  facet normal 0 0 -1
    outer loop
      vertex 91.1389 27.0787 95.01
      vertex 112.861 27.0787 95.01
      vertex 112.482 26.7678 95.01
    endloop
  endfacet
  facet normal 0 0 -1
    outer loop
      vertex 91.5178 26.7678 95.01
      vertex 112.482 26.7678 95.01
      vertex 112.171 26.3889 95.01
    endloop
  endfacet
  facet normal 0 0 -1
    outer loop
      vertex 91.8287 26.3889 95.01
      vertex 112.171 26.3889 95.01
      vertex 111.94 25.9567 95.01
    endloop
  endfacet
  facet normal 0 0 -1
    outer loop
      vertex 92.0597 25.9567 95.01
      vertex 111.94 25.9567 95.01
      vertex 111.798 25.4877 95.01
    endloop
  endfacet
  facet normal 0 0 -1
    outer loop
      vertex 92.202 25.4877 95.01
      vertex 111.798 25.4877 95.01
      vertex 111.75 25 95.01
    endloop
  endfacet
  facet normal 0 0 -1
    outer loop
      vertex 92.202 25.4877 95.01
      vertex 111.75 25 95.01
      vertex 92.25 25 95.01
    endloop
  endfacet
  facet normal 0 0 -1
    outer loop
      vertex 111.798 25.4877 95.01
      vertex 92.202 25.4877 95.01
      vertex 92.0597 25.9567 95.01
    endloop
  endfacet
  facet normal 0 0 -1
    outer loop
      vertex 111.94 25.9567 95.01
      vertex 92.0597 25.9567 95.01
      vertex 91.8287 26.3889 95.01
    endloop
  endfacet
  facet normal 0 0 -1
    outer loop
      vertex 112.171 26.3889 95.01
      vertex 91.8287 26.3889 95.01
      vertex 91.5178 26.7678 95.01
    endloop
  endfacet
  facet normal 0 0 -1
    outer loop
      vertex 112.482 26.7678 95.01
      vertex 91.5178 26.7678 95.01
      vertex 91.1389 27.0787 95.01
    endloop
  endfacet
  facet normal 0 0 -1
    outer loop
      vertex 112.861 27.0787 95.01
      vertex 91.1389 27.0787 95.01
      vertex 91 27.1529 95.01
    endloop
  endfacet
  facet normal 0 0 -1
    outer loop
      vertex 113 27.1529 95.01
      vertex 91 27.1529 95.01
      vertex 113 127.511 95.01
    endloop
  endfacet
  facet normal -0 0 -1
    outer loop
      vertex 113 127.511 95.01
      vertex 91 27.1529 95.01
      vertex 91 127.511 95.01
    endloop
  endfacet
  facet normal 0 0 -1
    outer loop
      vertex 147.5 78.4971 95.01
      vertex 152.5 27.1529 95.01
      vertex 152.361 27.0787 95.01
    endloop
  endfacet
  facet normal 0 0 -1
    outer loop
      vertex 187 172.847 95.01
      vertex 209 172.847 95.01
      vertex 209 93.6365 95.01
    endloop
  endfacet
  facet normal 0 0 -1
    outer loop
      vertex 209 172.847 95.01
      vertex 187 172.847 95.01
      vertex 208.861 172.921 95.01
    endloop
  endfacet
  facet normal 0 -0 -1
    outer loop
      vertex 187.139 172.921 95.01
      vertex 208.861 172.921 95.01
      vertex 187 172.847 95.01
    endloop
  endfacet
  facet normal 0 0 -1
    outer loop
      vertex 208.861 172.921 95.01
      vertex 187.139 172.921 95.01
      vertex 208.482 173.232 95.01
    endloop
  endfacet
  facet normal 0 -0 -1
    outer loop
      vertex 187.518 173.232 95.01
      vertex 208.482 173.232 95.01
      vertex 187.139 172.921 95.01
    endloop
  endfacet
  facet normal 0 0 -1
    outer loop
      vertex 208.482 173.232 95.01
      vertex 187.518 173.232 95.01
      vertex 208.171 173.611 95.01
    endloop
  endfacet
  facet normal 0 -0 -1
    outer loop
      vertex 187.829 173.611 95.01
      vertex 208.171 173.611 95.01
      vertex 187.518 173.232 95.01
    endloop
  endfacet
  facet normal -0 0 -1
    outer loop
      vertex 207.75 175 95.01
      vertex 188.202 174.512 95.01
      vertex 188.25 175 95.01
    endloop
  endfacet
  facet normal 0 0 -1
    outer loop
      vertex 207.798 174.512 95.01
      vertex 188.202 174.512 95.01
      vertex 207.75 175 95.01
    endloop
  endfacet
  facet normal 0 -0 -1
    outer loop
      vertex 188.202 174.512 95.01
      vertex 207.798 174.512 95.01
      vertex 188.06 174.043 95.01
    endloop
  endfacet
  facet normal 0 0 -1
    outer loop
      vertex 207.94 174.043 95.01
      vertex 188.06 174.043 95.01
      vertex 207.798 174.512 95.01
    endloop
  endfacet
  facet normal 0 -0 -1
    outer loop
      vertex 188.06 174.043 95.01
      vertex 207.94 174.043 95.01
      vertex 187.829 173.611 95.01
    endloop
  endfacet
  facet normal 0 0 -1
    outer loop
      vertex 187 172.847 95.01
      vertex 209 93.6365 95.01
      vertex 187 93.6365 95.01
    endloop
  endfacet
  facet normal 0 0 -1
    outer loop
      vertex 208.171 173.611 95.01
      vertex 187.829 173.611 95.01
      vertex 207.94 174.043 95.01
    endloop
  endfacet
  facet normal 0 0 -1
    outer loop
      vertex 216.5 104.297 95.01
      vertex 211.5 172.847 95.01
      vertex 211.639 172.921 95.01
    endloop
  endfacet
  facet normal 0 0 -1
    outer loop
      vertex 155 27.1529 95.01
      vertex 177 27.1529 95.01
      vertex 176.861 27.0787 95.01
    endloop
  endfacet
  facet normal 0 0 -1
    outer loop
      vertex 155.139 27.0787 95.01
      vertex 176.861 27.0787 95.01
      vertex 176.482 26.7678 95.01
    endloop
  endfacet
  facet normal 0 0 -1
    outer loop
      vertex 155.518 26.7678 95.01
      vertex 176.482 26.7678 95.01
      vertex 176.171 26.3889 95.01
    endloop
  endfacet
  facet normal 0 0 -1
    outer loop
      vertex 155.829 26.3889 95.01
      vertex 176.171 26.3889 95.01
      vertex 175.94 25.9567 95.01
    endloop
  endfacet
  facet normal 0 0 -1
    outer loop
      vertex 156.06 25.9567 95.01
      vertex 175.94 25.9567 95.01
      vertex 175.798 25.4877 95.01
    endloop
  endfacet
  facet normal 0 0 -1
    outer loop
      vertex 156.202 25.4877 95.01
      vertex 175.798 25.4877 95.01
      vertex 175.75 25 95.01
    endloop
  endfacet
  facet normal 0 0 -1
    outer loop
      vertex 156.202 25.4877 95.01
      vertex 175.75 25 95.01
      vertex 156.25 25 95.01
    endloop
  endfacet
  facet normal 0 0 -1
    outer loop
      vertex 175.798 25.4877 95.01
      vertex 156.202 25.4877 95.01
      vertex 156.06 25.9567 95.01
    endloop
  endfacet
  facet normal 0 0 -1
    outer loop
      vertex 175.94 25.9567 95.01
      vertex 156.06 25.9567 95.01
      vertex 155.829 26.3889 95.01
    endloop
  endfacet
  facet normal 0 0 -1
    outer loop
      vertex 176.171 26.3889 95.01
      vertex 155.829 26.3889 95.01
      vertex 155.518 26.7678 95.01
    endloop
  endfacet
  facet normal 0 0 -1
    outer loop
      vertex 176.482 26.7678 95.01
      vertex 155.518 26.7678 95.01
      vertex 155.139 27.0787 95.01
    endloop
  endfacet
  facet normal 0 0 -1
    outer loop
      vertex 176.861 27.0787 95.01
      vertex 155.139 27.0787 95.01
      vertex 155 27.1529 95.01
    endloop
  endfacet
  facet normal 0 0 -1
    outer loop
      vertex 177 27.1529 95.01
      vertex 155 27.1529 95.01
      vertex 177 113.727 95.01
    endloop
  endfacet
  facet normal -0 0 -1
    outer loop
      vertex 177 113.727 95.01
      vertex 155 27.1529 95.01
      vertex 155 113.727 95.01
    endloop
  endfacet
  facet normal 0 0 -1
    outer loop
      vertex 211.5 91.1365 95.01
      vertex 216.5 27.1529 95.01
      vertex 216.361 27.0787 95.01
    endloop
  endfacet
  facet normal 0 0 -1
    outer loop
      vertex 251 172.847 95.01
      vertex 273 172.847 95.01
      vertex 273 102.513 95.01
    endloop
  endfacet
  facet normal 0 0 -1
    outer loop
      vertex 273 172.847 95.01
      vertex 251 172.847 95.01
      vertex 272.861 172.921 95.01
    endloop
  endfacet
  facet normal 0 -0 -1
    outer loop
      vertex 251.139 172.921 95.01
      vertex 272.861 172.921 95.01
      vertex 251 172.847 95.01
    endloop
  endfacet
  facet normal 0 0 -1
    outer loop
      vertex 272.861 172.921 95.01
      vertex 251.139 172.921 95.01
      vertex 272.482 173.232 95.01
    endloop
  endfacet
  facet normal 0 -0 -1
    outer loop
      vertex 251.518 173.232 95.01
      vertex 272.482 173.232 95.01
      vertex 251.139 172.921 95.01
    endloop
  endfacet
  facet normal 0 0 -1
    outer loop
      vertex 272.482 173.232 95.01
      vertex 251.518 173.232 95.01
      vertex 272.171 173.611 95.01
    endloop
  endfacet
  facet normal 0 -0 -1
    outer loop
      vertex 251.829 173.611 95.01
      vertex 272.171 173.611 95.01
      vertex 251.518 173.232 95.01
    endloop
  endfacet
  facet normal -0 0 -1
    outer loop
      vertex 271.75 175 95.01
      vertex 252.202 174.512 95.01
      vertex 252.25 175 95.01
    endloop
  endfacet
  facet normal 0 0 -1
    outer loop
      vertex 271.798 174.512 95.01
      vertex 252.202 174.512 95.01
      vertex 271.75 175 95.01
    endloop
  endfacet
  facet normal 0 -0 -1
    outer loop
      vertex 252.202 174.512 95.01
      vertex 271.798 174.512 95.01
      vertex 252.06 174.043 95.01
    endloop
  endfacet
  facet normal 0 0 -1
    outer loop
      vertex 271.94 174.043 95.01
      vertex 252.06 174.043 95.01
      vertex 271.798 174.512 95.01
    endloop
  endfacet
  facet normal 0 -0 -1
    outer loop
      vertex 252.06 174.043 95.01
      vertex 271.94 174.043 95.01
      vertex 251.829 173.611 95.01
    endloop
  endfacet
  facet normal 0 0 -1
    outer loop
      vertex 251 172.847 95.01
      vertex 273 102.513 95.01
      vertex 251 102.513 95.01
    endloop
  endfacet
  facet normal 0 0 -1
    outer loop
      vertex 272.171 173.611 95.01
      vertex 251.829 173.611 95.01
      vertex 271.94 174.043 95.01
    endloop
  endfacet
  facet normal 0 0 -1
    outer loop
      vertex 285 5 95.01
      vertex 295 15 95.01
      vertex 294.952 14.0198 95.01
    endloop
  endfacet
  facet normal 0 0 -1
    outer loop
      vertex 295 15 95.01
      vertex 275.5 100.013 95.01
      vertex 295 185 95.01
    endloop
  endfacet
  facet normal 0 0 -1
    outer loop
      vertex 285 5 95.01
      vertex 294.952 14.0198 95.01
      vertex 294.808 13.0491 95.01
    endloop
  endfacet
  facet normal 0 -0 -1
    outer loop
      vertex 276.018 173.232 95.01
      vertex 295 185 95.01
      vertex 275.5 100.013 95.01
    endloop
  endfacet
  facet normal 0 0 -1
    outer loop
      vertex 285 5 95.01
      vertex 294.808 13.0491 95.01
      vertex 294.569 12.0972 95.01
    endloop
  endfacet
  facet normal 0 -0 -1
    outer loop
      vertex 276.329 173.611 95.01
      vertex 295 185 95.01
      vertex 276.018 173.232 95.01
    endloop
  endfacet
  facet normal 0 0 -1
    outer loop
      vertex 285 5 95.01
      vertex 294.569 12.0972 95.01
      vertex 294.239 11.1732 95.01
    endloop
  endfacet
  facet normal 0 -0 -1
    outer loop
      vertex 276.56 174.043 95.01
      vertex 295 185 95.01
      vertex 276.329 173.611 95.01
    endloop
  endfacet
  facet normal 0 0 -1
    outer loop
      vertex 285 5 95.01
      vertex 294.239 11.1732 95.01
      vertex 293.819 10.286 95.01
    endloop
  endfacet
  facet normal 0 -0 -1
    outer loop
      vertex 276.702 174.512 95.01
      vertex 295 185 95.01
      vertex 276.56 174.043 95.01
    endloop
  endfacet
  facet normal 0 0 -1
    outer loop
      vertex 285 5 95.01
      vertex 293.819 10.286 95.01
      vertex 293.315 9.4443 95.01
    endloop
  endfacet
  facet normal 0 0 -1
    outer loop
      vertex 276.702 175.488 95.01
      vertex 295 185 95.01
      vertex 276.75 175 95.01
    endloop
  endfacet
  facet normal 0 0 -1
    outer loop
      vertex 285 5 95.01
      vertex 293.315 9.4443 95.01
      vertex 292.73 8.65607 95.01
    endloop
  endfacet
  facet normal 0 0 -1
    outer loop
      vertex 276.56 175.957 95.01
      vertex 295 185 95.01
      vertex 276.702 175.488 95.01
    endloop
  endfacet
  facet normal 0 0 -1
    outer loop
      vertex 285 5 95.01
      vertex 292.73 8.65607 95.01
      vertex 292.071 7.92893 95.01
    endloop
  endfacet
  facet normal 0 0 -1
    outer loop
      vertex 276.329 176.389 95.01
      vertex 295 185 95.01
      vertex 276.56 175.957 95.01
    endloop
  endfacet
  facet normal 0 0 -1
    outer loop
      vertex 285 5 95.01
      vertex 292.071 7.92893 95.01
      vertex 291.344 7.26989 95.01
    endloop
  endfacet
  facet normal 0 0 -1
    outer loop
      vertex 276.018 176.768 95.01
      vertex 295 185 95.01
      vertex 276.329 176.389 95.01
    endloop
  endfacet
  facet normal 0 0 -1
    outer loop
      vertex 285 5 95.01
      vertex 291.344 7.26989 95.01
      vertex 290.556 6.6853 95.01
    endloop
  endfacet
  facet normal 0 -0 -1
    outer loop
      vertex 285 195 95.01
      vertex 295 185 95.01
      vertex 276.018 176.768 95.01
    endloop
  endfacet
  facet normal 0 0 -1
    outer loop
      vertex 285 5 95.01
      vertex 290.556 6.6853 95.01
      vertex 289.714 6.18079 95.01
    endloop
  endfacet
  facet normal 0 0 -1
    outer loop
      vertex 295 185 95.01
      vertex 285 195 95.01
      vertex 294.952 185.98 95.01
    endloop
  endfacet
  facet normal 0 0 -1
    outer loop
      vertex 285 5 95.01
      vertex 289.714 6.18079 95.01
      vertex 288.827 5.7612 95.01
    endloop
  endfacet
  facet normal 0 0 -1
    outer loop
      vertex 294.808 186.951 95.01
      vertex 285 195 95.01
      vertex 294.569 187.903 95.01
    endloop
  endfacet
  facet normal 0 0 -1
    outer loop
      vertex 285 5 95.01
      vertex 288.827 5.7612 95.01
      vertex 287.903 5.4306 95.01
    endloop
  endfacet
  facet normal 0 0 -1
    outer loop
      vertex 294.569 187.903 95.01
      vertex 285 195 95.01
      vertex 294.239 188.827 95.01
    endloop
  endfacet
  facet normal 0 0 -1
    outer loop
      vertex 285 5 95.01
      vertex 287.903 5.4306 95.01
      vertex 286.951 5.19215 95.01
    endloop
  endfacet
  facet normal 0 0 -1
    outer loop
      vertex 294.239 188.827 95.01
      vertex 285 195 95.01
      vertex 293.819 189.714 95.01
    endloop
  endfacet
  facet normal 0 0 -1
    outer loop
      vertex 285 5 95.01
      vertex 286.951 5.19215 95.01
      vertex 285.98 5.04815 95.01
    endloop
  endfacet
  facet normal 0 0 -1
    outer loop
      vertex 293.819 189.714 95.01
      vertex 285 195 95.01
      vertex 293.315 190.556 95.01
    endloop
  endfacet
  facet normal -0 0 -1
    outer loop
      vertex 295 15 95.01
      vertex 285 5 95.01
      vertex 244.702 25.4877 95.01
    endloop
  endfacet
  facet normal 0 0 -1
    outer loop
      vertex 293.315 190.556 95.01
      vertex 285 195 95.01
      vertex 292.73 191.344 95.01
    endloop
  endfacet
  facet normal 0 0 -1
    outer loop
      vertex 292.73 191.344 95.01
      vertex 285 195 95.01
      vertex 292.071 192.071 95.01
    endloop
  endfacet
  facet normal 0 0 -1
    outer loop
      vertex 291.344 192.73 95.01
      vertex 285 195 95.01
      vertex 290.556 193.315 95.01
    endloop
  endfacet
  facet normal 0 0 -1
    outer loop
      vertex 290.556 193.315 95.01
      vertex 285 195 95.01
      vertex 289.714 193.819 95.01
    endloop
  endfacet
  facet normal 0 0 -1
    outer loop
      vertex 292.071 192.071 95.01
      vertex 285 195 95.01
      vertex 291.344 192.73 95.01
    endloop
  endfacet
  facet normal 0 0 -1
    outer loop
      vertex 294.952 185.98 95.01
      vertex 285 195 95.01
      vertex 294.808 186.951 95.01
    endloop
  endfacet
  facet normal 0 -0 -1
    outer loop
      vertex 276.75 175 95.01
      vertex 295 185 95.01
      vertex 276.702 174.512 95.01
    endloop
  endfacet
  facet normal 0 0 -1
    outer loop
      vertex 276.018 173.232 95.01
      vertex 275.5 100.013 95.01
      vertex 275.639 172.921 95.01
    endloop
  endfacet
  facet normal 0 0 -1
    outer loop
      vertex 295 15 95.01
      vertex 244.329 26.3889 95.01
      vertex 244.018 26.7678 95.01
    endloop
  endfacet
  facet normal 0 0 -1
    outer loop
      vertex 243.5 104.297 95.01
      vertex 248.5 172.847 95.01
      vertex 248.5 100.013 95.01
    endloop
  endfacet
  facet normal -0 0 -1
    outer loop
      vertex 248.5 172.847 95.01
      vertex 243.5 104.297 95.01
      vertex 248.361 172.921 95.01
    endloop
  endfacet
  facet normal 0 0 -1
    outer loop
      vertex 211.639 172.921 95.01
      vertex 248.361 172.921 95.01
      vertex 243.5 104.297 95.01
    endloop
  endfacet
  facet normal 0 0 -1
    outer loop
      vertex 248.361 172.921 95.01
      vertex 211.639 172.921 95.01
      vertex 247.982 173.232 95.01
    endloop
  endfacet
  facet normal 0 -0 -1
    outer loop
      vertex 212.018 173.232 95.01
      vertex 247.982 173.232 95.01
      vertex 211.639 172.921 95.01
    endloop
  endfacet
  facet normal 0 0 -1
    outer loop
      vertex 211.639 172.921 95.01
      vertex 243.5 104.297 95.01
      vertex 216.5 104.297 95.01
    endloop
  endfacet
  facet normal 0 0 -1
    outer loop
      vertex 295 15 95.01
      vertex 244.702 25.4877 95.01
      vertex 244.56 25.9567 95.01
    endloop
  endfacet
  facet normal 0 0 -1
    outer loop
      vertex 244.702 25.4877 95.01
      vertex 285 5 95.01
      vertex 244.75 25 95.01
    endloop
  endfacet
  facet normal 0 0 -1
    outer loop
      vertex 285 5 95.01
      vertex 244.702 24.5123 95.01
      vertex 244.75 25 95.01
    endloop
  endfacet
  facet normal 0 0 -1
    outer loop
      vertex 285 5 95.01
      vertex 244.56 24.0433 95.01
      vertex 244.702 24.5123 95.01
    endloop
  endfacet
  facet normal 0 0 -1
    outer loop
      vertex 285 5 95.01
      vertex 244.329 23.6111 95.01
      vertex 244.56 24.0433 95.01
    endloop
  endfacet
  facet normal 0 0 -1
    outer loop
      vertex 285 5 95.01
      vertex 244.018 23.2322 95.01
      vertex 244.329 23.6111 95.01
    endloop
  endfacet
  facet normal 0 0 -1
    outer loop
      vertex 285 5 95.01
      vertex 243.639 22.9213 95.01
      vertex 244.018 23.2322 95.01
    endloop
  endfacet
  facet normal 0 0 -1
    outer loop
      vertex 285 5 95.01
      vertex 243.207 22.6903 95.01
      vertex 243.639 22.9213 95.01
    endloop
  endfacet
  facet normal 0 0 -1
    outer loop
      vertex 285 5 95.01
      vertex 242.738 22.548 95.01
      vertex 243.207 22.6903 95.01
    endloop
  endfacet
  facet normal 0 0 -1
    outer loop
      vertex 285 5 95.01
      vertex 242.25 22.5 95.01
      vertex 242.738 22.548 95.01
    endloop
  endfacet
  facet normal 0 0 -1
    outer loop
      vertex 285 5 95.01
      vertex 241.762 22.548 95.01
      vertex 242.25 22.5 95.01
    endloop
  endfacet
  facet normal 0 0 -1
    outer loop
      vertex 218.238 22.548 95.01
      vertex 241.762 22.548 95.01
      vertex 285 5 95.01
    endloop
  endfacet
  facet normal 0 0 -1
    outer loop
      vertex 239.798 24.5123 95.01
      vertex 220.25 25 95.01
      vertex 239.75 25 95.01
    endloop
  endfacet
  facet normal 0 0 -1
    outer loop
      vertex 220.202 24.5123 95.01
      vertex 239.798 24.5123 95.01
      vertex 239.94 24.0433 95.01
    endloop
  endfacet
  facet normal 0 0 -1
    outer loop
      vertex 220.06 24.0433 95.01
      vertex 239.94 24.0433 95.01
      vertex 240.171 23.6111 95.01
    endloop
  endfacet
  facet normal 0 0 -1
    outer loop
      vertex 219.829 23.6111 95.01
      vertex 240.171 23.6111 95.01
      vertex 240.482 23.2322 95.01
    endloop
  endfacet
  facet normal 0 0 -1
    outer loop
      vertex 219.518 23.2322 95.01
      vertex 240.482 23.2322 95.01
      vertex 240.861 22.9213 95.01
    endloop
  endfacet
  facet normal 0 0 -1
    outer loop
      vertex 219.139 22.9213 95.01
      vertex 240.861 22.9213 95.01
      vertex 241.293 22.6903 95.01
    endloop
  endfacet
  facet normal 0 0 -1
    outer loop
      vertex 241.762 22.548 95.01
      vertex 218.238 22.548 95.01
      vertex 241.293 22.6903 95.01
    endloop
  endfacet
  facet normal 0 0 -1
    outer loop
      vertex 239.798 24.5123 95.01
      vertex 220.202 24.5123 95.01
      vertex 220.25 25 95.01
    endloop
  endfacet
  facet normal 0 0 -1
    outer loop
      vertex 239.94 24.0433 95.01
      vertex 220.06 24.0433 95.01
      vertex 220.202 24.5123 95.01
    endloop
  endfacet
  facet normal 0 0 -1
    outer loop
      vertex 240.171 23.6111 95.01
      vertex 219.829 23.6111 95.01
      vertex 220.06 24.0433 95.01
    endloop
  endfacet
  facet normal 0 0 -1
    outer loop
      vertex 240.482 23.2322 95.01
      vertex 219.518 23.2322 95.01
      vertex 219.829 23.6111 95.01
    endloop
  endfacet
  facet normal 0 0 -1
    outer loop
      vertex 240.861 22.9213 95.01
      vertex 219.139 22.9213 95.01
      vertex 219.518 23.2322 95.01
    endloop
  endfacet
  facet normal 0 0 -1
    outer loop
      vertex 241.293 22.6903 95.01
      vertex 218.707 22.6903 95.01
      vertex 219.139 22.9213 95.01
    endloop
  endfacet
  facet normal -0 0 -1
    outer loop
      vertex 241.293 22.6903 95.01
      vertex 218.238 22.548 95.01
      vertex 218.707 22.6903 95.01
    endloop
  endfacet
  facet normal 0 0 -1
    outer loop
      vertex 285 5 95.01
      vertex 217.75 22.5 95.01
      vertex 218.238 22.548 95.01
    endloop
  endfacet
  facet normal 0 0 -1
    outer loop
      vertex 285 5 95.01
      vertex 217.262 22.548 95.01
      vertex 217.75 22.5 95.01
    endloop
  endfacet
  facet normal -0 0 -1
    outer loop
      vertex 247.25 175 95.01
      vertex 212.702 174.512 95.01
      vertex 212.75 175 95.01
    endloop
  endfacet
  facet normal 0 0 -1
    outer loop
      vertex 211.5 172.847 95.01
      vertex 216.5 104.297 95.01
      vertex 211.5 91.1365 95.01
    endloop
  endfacet
  facet normal 0 0 -1
    outer loop
      vertex 247.44 174.043 95.01
      vertex 212.56 174.043 95.01
      vertex 212.702 174.512 95.01
    endloop
  endfacet
  facet normal -0 0 -1
    outer loop
      vertex 247.44 174.043 95.01
      vertex 212.329 173.611 95.01
      vertex 212.56 174.043 95.01
    endloop
  endfacet
  facet normal 0 0 -1
    outer loop
      vertex 247.671 173.611 95.01
      vertex 212.329 173.611 95.01
      vertex 247.44 174.043 95.01
    endloop
  endfacet
  facet normal 0 -0 -1
    outer loop
      vertex 212.329 173.611 95.01
      vertex 247.671 173.611 95.01
      vertex 212.018 173.232 95.01
    endloop
  endfacet
  facet normal 0 0 -1
    outer loop
      vertex 179.639 27.0787 95.01
      vertex 211.5 91.1365 95.01
      vertex 215.25 25 95.01
    endloop
  endfacet
  facet normal 0 0 -1
    outer loop
      vertex 180.75 25 95.01
      vertex 215.25 25 95.01
      vertex 215.298 24.5123 95.01
    endloop
  endfacet
  facet normal 0 0 -1
    outer loop
      vertex 180.702 24.5123 95.01
      vertex 215.298 24.5123 95.01
      vertex 215.44 24.0433 95.01
    endloop
  endfacet
  facet normal 0 0 -1
    outer loop
      vertex 179.5 116.227 95.01
      vertex 184.5 172.847 95.01
      vertex 184.5 91.1365 95.01
    endloop
  endfacet
  facet normal -0 0 -1
    outer loop
      vertex 184.5 172.847 95.01
      vertex 179.5 116.227 95.01
      vertex 184.361 172.921 95.01
    endloop
  endfacet
  facet normal 0 0 -1
    outer loop
      vertex 147.639 172.921 95.01
      vertex 184.361 172.921 95.01
      vertex 179.5 116.227 95.01
    endloop
  endfacet
  facet normal 0 0 -1
    outer loop
      vertex 184.361 172.921 95.01
      vertex 147.639 172.921 95.01
      vertex 183.982 173.232 95.01
    endloop
  endfacet
  facet normal 0 -0 -1
    outer loop
      vertex 148.018 173.232 95.01
      vertex 183.982 173.232 95.01
      vertex 147.639 172.921 95.01
    endloop
  endfacet
  facet normal 0 0 -1
    outer loop
      vertex 147.639 172.921 95.01
      vertex 179.5 116.227 95.01
      vertex 152.5 116.227 95.01
    endloop
  endfacet
  facet normal 0 0 -1
    outer loop
      vertex 215.25 25 95.01
      vertex 180.702 25.4877 95.01
      vertex 180.56 25.9567 95.01
    endloop
  endfacet
  facet normal 0 0 -1
    outer loop
      vertex 215.25 25 95.01
      vertex 180.75 25 95.01
      vertex 180.702 25.4877 95.01
    endloop
  endfacet
  facet normal 0 0 -1
    outer loop
      vertex 180.56 24.0433 95.01
      vertex 215.44 24.0433 95.01
      vertex 215.671 23.6111 95.01
    endloop
  endfacet
  facet normal 0 0 -1
    outer loop
      vertex 180.329 23.6111 95.01
      vertex 215.671 23.6111 95.01
      vertex 215.982 23.2322 95.01
    endloop
  endfacet
  facet normal 0 0 -1
    outer loop
      vertex 180.018 23.2322 95.01
      vertex 215.982 23.2322 95.01
      vertex 216.361 22.9213 95.01
    endloop
  endfacet
  facet normal 0 0 -1
    outer loop
      vertex 179.639 22.9213 95.01
      vertex 216.361 22.9213 95.01
      vertex 216.793 22.6903 95.01
    endloop
  endfacet
  facet normal 0 0 -1
    outer loop
      vertex 179.207 22.6903 95.01
      vertex 216.793 22.6903 95.01
      vertex 217.262 22.548 95.01
    endloop
  endfacet
  facet normal 0 0 -1
    outer loop
      vertex 178.738 22.548 95.01
      vertex 217.262 22.548 95.01
      vertex 285 5 95.01
    endloop
  endfacet
  facet normal 0 0 -1
    outer loop
      vertex 215.298 24.5123 95.01
      vertex 180.702 24.5123 95.01
      vertex 180.75 25 95.01
    endloop
  endfacet
  facet normal 0 0 -1
    outer loop
      vertex 215.44 24.0433 95.01
      vertex 180.56 24.0433 95.01
      vertex 180.702 24.5123 95.01
    endloop
  endfacet
  facet normal 0 0 -1
    outer loop
      vertex 215.671 23.6111 95.01
      vertex 180.329 23.6111 95.01
      vertex 180.56 24.0433 95.01
    endloop
  endfacet
  facet normal 0 0 -1
    outer loop
      vertex 215.982 23.2322 95.01
      vertex 180.018 23.2322 95.01
      vertex 180.329 23.6111 95.01
    endloop
  endfacet
  facet normal 0 0 -1
    outer loop
      vertex 216.361 22.9213 95.01
      vertex 179.639 22.9213 95.01
      vertex 180.018 23.2322 95.01
    endloop
  endfacet
  facet normal 0 0 -1
    outer loop
      vertex 216.793 22.6903 95.01
      vertex 179.207 22.6903 95.01
      vertex 179.639 22.9213 95.01
    endloop
  endfacet
  facet normal 0 0 -1
    outer loop
      vertex 217.262 22.548 95.01
      vertex 178.738 22.548 95.01
      vertex 179.207 22.6903 95.01
    endloop
  endfacet
  facet normal 0 0 -1
    outer loop
      vertex 285 5 95.01
      vertex 178.25 22.5 95.01
      vertex 178.738 22.548 95.01
    endloop
  endfacet
  facet normal 0 0 -1
    outer loop
      vertex 153.75 22.5 95.01
      vertex 178.25 22.5 95.01
      vertex 285 5 95.01
    endloop
  endfacet
  facet normal 0 0 -1
    outer loop
      vertex 175.798 24.5123 95.01
      vertex 156.25 25 95.01
      vertex 175.75 25 95.01
    endloop
  endfacet
  facet normal 0 0 -1
    outer loop
      vertex 156.202 24.5123 95.01
      vertex 175.798 24.5123 95.01
      vertex 175.94 24.0433 95.01
    endloop
  endfacet
  facet normal 0 0 -1
    outer loop
      vertex 156.06 24.0433 95.01
      vertex 175.94 24.0433 95.01
      vertex 176.171 23.6111 95.01
    endloop
  endfacet
  facet normal 0 0 -1
    outer loop
      vertex 155.829 23.6111 95.01
      vertex 176.171 23.6111 95.01
      vertex 176.482 23.2322 95.01
    endloop
  endfacet
  facet normal 0 0 -1
    outer loop
      vertex 155.518 23.2322 95.01
      vertex 176.482 23.2322 95.01
      vertex 176.861 22.9213 95.01
    endloop
  endfacet
  facet normal 0 0 -1
    outer loop
      vertex 155.139 22.9213 95.01
      vertex 176.861 22.9213 95.01
      vertex 177.293 22.6903 95.01
    endloop
  endfacet
  facet normal 0 0 -1
    outer loop
      vertex 154.707 22.6903 95.01
      vertex 177.293 22.6903 95.01
      vertex 177.762 22.548 95.01
    endloop
  endfacet
  facet normal 0 0 -1
    outer loop
      vertex 178.25 22.5 95.01
      vertex 153.75 22.5 95.01
      vertex 177.762 22.548 95.01
    endloop
  endfacet
  facet normal 0 0 -1
    outer loop
      vertex 175.798 24.5123 95.01
      vertex 156.202 24.5123 95.01
      vertex 156.25 25 95.01
    endloop
  endfacet
  facet normal 0 0 -1
    outer loop
      vertex 175.94 24.0433 95.01
      vertex 156.06 24.0433 95.01
      vertex 156.202 24.5123 95.01
    endloop
  endfacet
  facet normal 0 0 -1
    outer loop
      vertex 176.171 23.6111 95.01
      vertex 155.829 23.6111 95.01
      vertex 156.06 24.0433 95.01
    endloop
  endfacet
  facet normal 0 0 -1
    outer loop
      vertex 176.482 23.2322 95.01
      vertex 155.518 23.2322 95.01
      vertex 155.829 23.6111 95.01
    endloop
  endfacet
  facet normal 0 0 -1
    outer loop
      vertex 176.861 22.9213 95.01
      vertex 155.139 22.9213 95.01
      vertex 155.518 23.2322 95.01
    endloop
  endfacet
  facet normal 0 0 -1
    outer loop
      vertex 177.293 22.6903 95.01
      vertex 154.707 22.6903 95.01
      vertex 155.139 22.9213 95.01
    endloop
  endfacet
  facet normal 0 0 -1
    outer loop
      vertex 177.762 22.548 95.01
      vertex 154.238 22.548 95.01
      vertex 154.707 22.6903 95.01
    endloop
  endfacet
  facet normal -0 0 -1
    outer loop
      vertex 177.762 22.548 95.01
      vertex 153.75 22.5 95.01
      vertex 154.238 22.548 95.01
    endloop
  endfacet
  facet normal 0 0 -1
    outer loop
      vertex 15 5 95.01
      vertex 153.75 22.5 95.01
      vertex 285 5 95.01
    endloop
  endfacet
  facet normal -0 0 -1
    outer loop
      vertex 183.25 175 95.01
      vertex 148.702 174.512 95.01
      vertex 148.75 175 95.01
    endloop
  endfacet
  facet normal 0 0 -1
    outer loop
      vertex 147.5 172.847 95.01
      vertex 152.5 116.227 95.01
      vertex 147.5 78.4971 95.01
    endloop
  endfacet
  facet normal 0 0 -1
    outer loop
      vertex 183.44 174.043 95.01
      vertex 148.56 174.043 95.01
      vertex 148.702 174.512 95.01
    endloop
  endfacet
  facet normal -0 0 -1
    outer loop
      vertex 183.44 174.043 95.01
      vertex 148.329 173.611 95.01
      vertex 148.56 174.043 95.01
    endloop
  endfacet
  facet normal 0 0 -1
    outer loop
      vertex 183.671 173.611 95.01
      vertex 148.329 173.611 95.01
      vertex 183.44 174.043 95.01
    endloop
  endfacet
  facet normal 0 -0 -1
    outer loop
      vertex 148.329 173.611 95.01
      vertex 183.671 173.611 95.01
      vertex 148.018 173.232 95.01
    endloop
  endfacet
  facet normal 0 0 -1
    outer loop
      vertex 115.639 27.0787 95.01
      vertex 147.5 78.4971 95.01
      vertex 151.25 25 95.01
    endloop
  endfacet
  facet normal 0 0 -1
    outer loop
      vertex 116.75 25 95.01
      vertex 151.25 25 95.01
      vertex 151.298 24.5123 95.01
    endloop
  endfacet
  facet normal 0 0 -1
    outer loop
      vertex 116.702 24.5123 95.01
      vertex 151.298 24.5123 95.01
      vertex 151.44 24.0433 95.01
    endloop
  endfacet
  facet normal 0 0 -1
    outer loop
      vertex 116.56 24.0433 95.01
      vertex 151.44 24.0433 95.01
      vertex 151.671 23.6111 95.01
    endloop
  endfacet
  facet normal 0 0 -1
    outer loop
      vertex 115.5 130.011 95.01
      vertex 120.5 172.847 95.01
      vertex 120.5 78.4971 95.01
    endloop
  endfacet
  facet normal -0 0 -1
    outer loop
      vertex 120.5 172.847 95.01
      vertex 115.5 130.011 95.01
      vertex 120.361 172.921 95.01
    endloop
  endfacet
  facet normal -0 0 -1
    outer loop
      vertex 120.361 172.921 95.01
      vertex 115.5 130.011 95.01
      vertex 119.982 173.232 95.01
    endloop
  endfacet
  facet normal 0 0 -1
    outer loop
      vertex 88.5 130.011 95.01
      vertex 119.982 173.232 95.01
      vertex 115.5 130.011 95.01
    endloop
  endfacet
  facet normal 0 0 -1
    outer loop
      vertex 84.0178 173.232 95.01
      vertex 119.982 173.232 95.01
      vertex 88.5 130.011 95.01
    endloop
  endfacet
  facet normal 0 0 -1
    outer loop
      vertex 119.671 173.611 95.01
      vertex 84.702 174.512 95.01
      vertex 119.44 174.043 95.01
    endloop
  endfacet
  facet normal 0 0 -1
    outer loop
      vertex 151.25 25 95.01
      vertex 116.702 25.4877 95.01
      vertex 116.56 25.9567 95.01
    endloop
  endfacet
  facet normal 0 0 -1
    outer loop
      vertex 151.25 25 95.01
      vertex 116.75 25 95.01
      vertex 116.702 25.4877 95.01
    endloop
  endfacet
  facet normal 0 0 -1
    outer loop
      vertex 116.329 23.6111 95.01
      vertex 151.671 23.6111 95.01
      vertex 151.982 23.2322 95.01
    endloop
  endfacet
  facet normal 0 0 -1
    outer loop
      vertex 116.018 23.2322 95.01
      vertex 151.982 23.2322 95.01
      vertex 152.361 22.9213 95.01
    endloop
  endfacet
  facet normal 0 0 -1
    outer loop
      vertex 115.639 22.9213 95.01
      vertex 152.361 22.9213 95.01
      vertex 152.793 22.6903 95.01
    endloop
  endfacet
  facet normal 0 0 -1
    outer loop
      vertex 115.207 22.6903 95.01
      vertex 152.793 22.6903 95.01
      vertex 153.262 22.548 95.01
    endloop
  endfacet
  facet normal 0 -0 -1
    outer loop
      vertex 114.25 22.5 95.01
      vertex 153.75 22.5 95.01
      vertex 15 5 95.01
    endloop
  endfacet
  facet normal 0 0 -1
    outer loop
      vertex 151.298 24.5123 95.01
      vertex 116.702 24.5123 95.01
      vertex 116.75 25 95.01
    endloop
  endfacet
  facet normal 0 0 -1
    outer loop
      vertex 151.44 24.0433 95.01
      vertex 116.56 24.0433 95.01
      vertex 116.702 24.5123 95.01
    endloop
  endfacet
  facet normal 0 0 -1
    outer loop
      vertex 151.671 23.6111 95.01
      vertex 116.329 23.6111 95.01
      vertex 116.56 24.0433 95.01
    endloop
  endfacet
  facet normal 0 0 -1
    outer loop
      vertex 151.982 23.2322 95.01
      vertex 116.018 23.2322 95.01
      vertex 116.329 23.6111 95.01
    endloop
  endfacet
  facet normal 0 0 -1
    outer loop
      vertex 152.361 22.9213 95.01
      vertex 115.639 22.9213 95.01
      vertex 116.018 23.2322 95.01
    endloop
  endfacet
  facet normal 0 0 -1
    outer loop
      vertex 152.793 22.6903 95.01
      vertex 115.207 22.6903 95.01
      vertex 115.639 22.9213 95.01
    endloop
  endfacet
  facet normal 0 0 -1
    outer loop
      vertex 153.262 22.548 95.01
      vertex 114.738 22.548 95.01
      vertex 115.207 22.6903 95.01
    endloop
  endfacet
  facet normal -0 0 -1
    outer loop
      vertex 153.262 22.548 95.01
      vertex 114.25 22.5 95.01
      vertex 114.738 22.548 95.01
    endloop
  endfacet
  facet normal 0 0 -1
    outer loop
      vertex 153.75 22.5 95.01
      vertex 114.25 22.5 95.01
      vertex 153.262 22.548 95.01
    endloop
  endfacet
  facet normal 0 0 -1
    outer loop
      vertex 111.798 24.5123 95.01
      vertex 92.25 25 95.01
      vertex 111.75 25 95.01
    endloop
  endfacet
  facet normal 0 0 -1
    outer loop
      vertex 92.202 24.5123 95.01
      vertex 111.798 24.5123 95.01
      vertex 111.94 24.0433 95.01
    endloop
  endfacet
  facet normal 0 0 -1
    outer loop
      vertex 92.0597 24.0433 95.01
      vertex 111.94 24.0433 95.01
      vertex 112.171 23.6111 95.01
    endloop
  endfacet
  facet normal 0 0 -1
    outer loop
      vertex 91.8287 23.6111 95.01
      vertex 112.171 23.6111 95.01
      vertex 112.482 23.2322 95.01
    endloop
  endfacet
  facet normal 0 0 -1
    outer loop
      vertex 91.5178 23.2322 95.01
      vertex 112.482 23.2322 95.01
      vertex 112.861 22.9213 95.01
    endloop
  endfacet
  facet normal 0 0 -1
    outer loop
      vertex 91.1389 22.9213 95.01
      vertex 112.861 22.9213 95.01
      vertex 113.293 22.6903 95.01
    endloop
  endfacet
  facet normal 0 0 -1
    outer loop
      vertex 90.7067 22.6903 95.01
      vertex 113.293 22.6903 95.01
      vertex 113.762 22.548 95.01
    endloop
  endfacet
  facet normal 0 0 -1
    outer loop
      vertex 111.798 24.5123 95.01
      vertex 92.202 24.5123 95.01
      vertex 92.25 25 95.01
    endloop
  endfacet
  facet normal 0 -0 -1
    outer loop
      vertex 89.75 22.5 95.01
      vertex 114.25 22.5 95.01
      vertex 15 5 95.01
    endloop
  endfacet
  facet normal 0 0 -1
    outer loop
      vertex 111.94 24.0433 95.01
      vertex 92.0597 24.0433 95.01
      vertex 92.202 24.5123 95.01
    endloop
  endfacet
  facet normal 0 0 -1
    outer loop
      vertex 112.171 23.6111 95.01
      vertex 91.8287 23.6111 95.01
      vertex 92.0597 24.0433 95.01
    endloop
  endfacet
  facet normal 0 0 -1
    outer loop
      vertex 112.482 23.2322 95.01
      vertex 91.5178 23.2322 95.01
      vertex 91.8287 23.6111 95.01
    endloop
  endfacet
  facet normal 0 0 -1
    outer loop
      vertex 112.861 22.9213 95.01
      vertex 91.1389 22.9213 95.01
      vertex 91.5178 23.2322 95.01
    endloop
  endfacet
  facet normal 0 0 -1
    outer loop
      vertex 113.293 22.6903 95.01
      vertex 90.7067 22.6903 95.01
      vertex 91.1389 22.9213 95.01
    endloop
  endfacet
  facet normal 0 0 -1
    outer loop
      vertex 113.762 22.548 95.01
      vertex 90.2377 22.548 95.01
      vertex 90.7067 22.6903 95.01
    endloop
  endfacet
  facet normal 0 0 -1
    outer loop
      vertex 114.25 22.5 95.01
      vertex 89.75 22.5 95.01
      vertex 113.762 22.548 95.01
    endloop
  endfacet
  facet normal -0 0 -1
    outer loop
      vertex 119.25 175 95.01
      vertex 84.702 174.512 95.01
      vertex 84.75 175 95.01
    endloop
  endfacet
  facet normal 0 0 -1
    outer loop
      vertex 83.5 172.847 95.01
      vertex 88.5 130.011 95.01
      vertex 83.5 63.892 95.01
    endloop
  endfacet
  facet normal 0 0 -1
    outer loop
      vertex 119.671 173.611 95.01
      vertex 84.5597 174.043 95.01
      vertex 84.702 174.512 95.01
    endloop
  endfacet
  facet normal 0 0 -1
    outer loop
      vertex 119.671 173.611 95.01
      vertex 84.3287 173.611 95.01
      vertex 84.5597 174.043 95.01
    endloop
  endfacet
  facet normal -0 0 -1
    outer loop
      vertex 119.671 173.611 95.01
      vertex 84.0178 173.232 95.01
      vertex 84.3287 173.611 95.01
    endloop
  endfacet
  facet normal 0 0 -1
    outer loop
      vertex 88.5 130.011 95.01
      vertex 83.6389 172.921 95.01
      vertex 84.0178 173.232 95.01
    endloop
  endfacet
  facet normal 0 0 -1
    outer loop
      vertex 52.0178 26.7678 95.01
      vertex 83.5 63.892 95.01
      vertex 87.25 25 95.01
    endloop
  endfacet
  facet normal 0 0 -1
    outer loop
      vertex 52.75 25 95.01
      vertex 87.25 25 95.01
      vertex 87.298 24.5123 95.01
    endloop
  endfacet
  facet normal 0 0 -1
    outer loop
      vertex 52.702 24.5123 95.01
      vertex 87.298 24.5123 95.01
      vertex 87.4403 24.0433 95.01
    endloop
  endfacet
  facet normal 0 0 -1
    outer loop
      vertex 52.5597 24.0433 95.01
      vertex 87.4403 24.0433 95.01
      vertex 87.6713 23.6111 95.01
    endloop
  endfacet
  facet normal 0 0 -1
    outer loop
      vertex 51.5 142.564 95.01
      vertex 56.5 172.847 95.01
      vertex 56.5 63.892 95.01
    endloop
  endfacet
  facet normal -0 0 -1
    outer loop
      vertex 56.5 172.847 95.01
      vertex 51.5 142.564 95.01
      vertex 56.3611 172.921 95.01
    endloop
  endfacet
  facet normal -0 0 -1
    outer loop
      vertex 56.3611 172.921 95.01
      vertex 51.5 142.564 95.01
      vertex 55.9822 173.232 95.01
    endloop
  endfacet
  facet normal -0 0 -1
    outer loop
      vertex 55.9822 173.232 95.01
      vertex 51.5 142.564 95.01
      vertex 55.6713 173.611 95.01
    endloop
  endfacet
  facet normal 0 0 -1
    outer loop
      vertex 24.5 142.564 95.01
      vertex 55.6713 173.611 95.01
      vertex 51.5 142.564 95.01
    endloop
  endfacet
  facet normal -0 0 -1
    outer loop
      vertex 55.6713 173.611 95.01
      vertex 24.5 142.564 95.01
      vertex 55.4403 174.043 95.01
    endloop
  endfacet
  facet normal 0 0 -1
    outer loop
      vertex 87.25 25 95.01
      vertex 52.702 25.4877 95.01
      vertex 52.5597 25.9567 95.01
    endloop
  endfacet
  facet normal 0 0 -1
    outer loop
      vertex 87.25 25 95.01
      vertex 52.75 25 95.01
      vertex 52.702 25.4877 95.01
    endloop
  endfacet
  facet normal 0 0 -1
    outer loop
      vertex 52.3287 23.6111 95.01
      vertex 87.6713 23.6111 95.01
      vertex 87.9822 23.2322 95.01
    endloop
  endfacet
  facet normal 0 0 -1
    outer loop
      vertex 52.0178 23.2322 95.01
      vertex 87.9822 23.2322 95.01
      vertex 88.3611 22.9213 95.01
    endloop
  endfacet
  facet normal 0 0 -1
    outer loop
      vertex 51.6389 22.9213 95.01
      vertex 88.3611 22.9213 95.01
      vertex 88.7933 22.6903 95.01
    endloop
  endfacet
  facet normal 0 0 -1
    outer loop
      vertex 51.2067 22.6903 95.01
      vertex 88.7933 22.6903 95.01
      vertex 89.2623 22.548 95.01
    endloop
  endfacet
  facet normal 0 0 -1
    outer loop
      vertex 15 5 95.01
      vertex 89.2623 22.548 95.01
      vertex 89.75 22.5 95.01
    endloop
  endfacet
  facet normal -0 0 -1
    outer loop
      vertex 113.762 22.548 95.01
      vertex 89.75 22.5 95.01
      vertex 90.2377 22.548 95.01
    endloop
  endfacet
  facet normal 0 0 -1
    outer loop
      vertex 87.298 24.5123 95.01
      vertex 52.702 24.5123 95.01
      vertex 52.75 25 95.01
    endloop
  endfacet
  facet normal 0 0 -1
    outer loop
      vertex 87.4403 24.0433 95.01
      vertex 52.5597 24.0433 95.01
      vertex 52.702 24.5123 95.01
    endloop
  endfacet
  facet normal 0 0 -1
    outer loop
      vertex 87.6713 23.6111 95.01
      vertex 52.3287 23.6111 95.01
      vertex 52.5597 24.0433 95.01
    endloop
  endfacet
  facet normal 0 0 -1
    outer loop
      vertex 87.9822 23.2322 95.01
      vertex 52.0178 23.2322 95.01
      vertex 52.3287 23.6111 95.01
    endloop
  endfacet
  facet normal 0 0 -1
    outer loop
      vertex 88.3611 22.9213 95.01
      vertex 51.6389 22.9213 95.01
      vertex 52.0178 23.2322 95.01
    endloop
  endfacet
  facet normal 0 0 -1
    outer loop
      vertex 88.7933 22.6903 95.01
      vertex 51.2067 22.6903 95.01
      vertex 51.6389 22.9213 95.01
    endloop
  endfacet
  facet normal -0 0 -1
    outer loop
      vertex 89.2623 22.548 95.01
      vertex 15 5 95.01
      vertex 50.7377 22.548 95.01
    endloop
  endfacet
  facet normal 0 0 -1
    outer loop
      vertex 89.2623 22.548 95.01
      vertex 50.7377 22.548 95.01
      vertex 51.2067 22.6903 95.01
    endloop
  endfacet
  facet normal 0 0 -1
    outer loop
      vertex 47.798 24.5123 95.01
      vertex 28.25 25 95.01
      vertex 47.75 25 95.01
    endloop
  endfacet
  facet normal 0 0 -1
    outer loop
      vertex 28.202 24.5123 95.01
      vertex 47.798 24.5123 95.01
      vertex 47.9403 24.0433 95.01
    endloop
  endfacet
  facet normal 0 0 -1
    outer loop
      vertex 28.0597 24.0433 95.01
      vertex 47.9403 24.0433 95.01
      vertex 48.1713 23.6111 95.01
    endloop
  endfacet
  facet normal 0 0 -1
    outer loop
      vertex 27.8287 23.6111 95.01
      vertex 48.1713 23.6111 95.01
      vertex 48.4822 23.2322 95.01
    endloop
  endfacet
  facet normal 0 0 -1
    outer loop
      vertex 27.5178 23.2322 95.01
      vertex 48.4822 23.2322 95.01
      vertex 48.8611 22.9213 95.01
    endloop
  endfacet
  facet normal 0 0 -1
    outer loop
      vertex 27.1389 22.9213 95.01
      vertex 48.8611 22.9213 95.01
      vertex 49.2933 22.6903 95.01
    endloop
  endfacet
  facet normal 0 0 -1
    outer loop
      vertex 15 5 95.01
      vertex 49.2933 22.6903 95.01
      vertex 49.7623 22.548 95.01
    endloop
  endfacet
  facet normal 0 0 -1
    outer loop
      vertex 47.798 24.5123 95.01
      vertex 28.202 24.5123 95.01
      vertex 28.25 25 95.01
    endloop
  endfacet
  facet normal 0 0 -1
    outer loop
      vertex 15 5 95.01
      vertex 49.7623 22.548 95.01
      vertex 50.25 22.5 95.01
    endloop
  endfacet
  facet normal 0 0 -1
    outer loop
      vertex 47.9403 24.0433 95.01
      vertex 28.0597 24.0433 95.01
      vertex 28.202 24.5123 95.01
    endloop
  endfacet
  facet normal 0 0 -1
    outer loop
      vertex 50.7377 22.548 95.01
      vertex 15 5 95.01
      vertex 50.25 22.5 95.01
    endloop
  endfacet
  facet normal 0 0 -1
    outer loop
      vertex 48.1713 23.6111 95.01
      vertex 27.8287 23.6111 95.01
      vertex 28.0597 24.0433 95.01
    endloop
  endfacet
  facet normal -0 0 -1
    outer loop
      vertex 49.2933 22.6903 95.01
      vertex 15 5 95.01
      vertex 27.1389 22.9213 95.01
    endloop
  endfacet
  facet normal 0 0 -1
    outer loop
      vertex 48.4822 23.2322 95.01
      vertex 27.5178 23.2322 95.01
      vertex 27.8287 23.6111 95.01
    endloop
  endfacet
  facet normal 0 0 -1
    outer loop
      vertex 48.8611 22.9213 95.01
      vertex 27.1389 22.9213 95.01
      vertex 27.5178 23.2322 95.01
    endloop
  endfacet
  facet normal 0 0 -1
    outer loop
      vertex 27.1389 22.9213 95.01
      vertex 15 5 95.01
      vertex 26.7067 22.6903 95.01
    endloop
  endfacet
  facet normal 0 0 -1
    outer loop
      vertex 26.7067 22.6903 95.01
      vertex 15 5 95.01
      vertex 26.2377 22.548 95.01
    endloop
  endfacet
  facet normal -0 0 -1
    outer loop
      vertex 23.4403 24.0433 95.01
      vertex 5 15 95.01
      vertex 23.298 24.5123 95.01
    endloop
  endfacet
  facet normal -0 0 -1
    outer loop
      vertex 23.6713 23.6111 95.01
      vertex 5 15 95.01
      vertex 23.4403 24.0433 95.01
    endloop
  endfacet
  facet normal -0 0 -1
    outer loop
      vertex 23.9822 23.2322 95.01
      vertex 5 15 95.01
      vertex 23.6713 23.6111 95.01
    endloop
  endfacet
  facet normal 0 0 -1
    outer loop
      vertex 5 15 95.01
      vertex 23.9822 23.2322 95.01
      vertex 15 5 95.01
    endloop
  endfacet
  facet normal -0 0 -1
    outer loop
      vertex 24.3611 22.9213 95.01
      vertex 15 5 95.01
      vertex 23.9822 23.2322 95.01
    endloop
  endfacet
  facet normal -0 0 -1
    outer loop
      vertex 24.7933 22.6903 95.01
      vertex 15 5 95.01
      vertex 24.3611 22.9213 95.01
    endloop
  endfacet
  facet normal -0 0 -1
    outer loop
      vertex 25.2623 22.548 95.01
      vertex 15 5 95.01
      vertex 24.7933 22.6903 95.01
    endloop
  endfacet
  facet normal -0 0 -1
    outer loop
      vertex 25.75 22.5 95.01
      vertex 15 5 95.01
      vertex 25.2623 22.548 95.01
    endloop
  endfacet
  facet normal 0 0 -1
    outer loop
      vertex 26.2377 22.548 95.01
      vertex 15 5 95.01
      vertex 25.75 22.5 95.01
    endloop
  endfacet
  facet normal 0 0 -1
    outer loop
      vertex 288.827 194.239 95.01
      vertex 285 195 95.01
      vertex 287.903 194.569 95.01
    endloop
  endfacet
  facet normal 0 0 -1
    outer loop
      vertex 287.903 194.569 95.01
      vertex 285 195 95.01
      vertex 286.951 194.808 95.01
    endloop
  endfacet
  facet normal 0 0 -1
    outer loop
      vertex 286.951 194.808 95.01
      vertex 285 195 95.01
      vertex 285.98 194.952 95.01
    endloop
  endfacet
  facet normal 0 0 -1
    outer loop
      vertex 289.714 193.819 95.01
      vertex 285 195 95.01
      vertex 288.827 194.239 95.01
    endloop
  endfacet
  facet normal 0 0 -1
    outer loop
      vertex 275.639 177.079 95.01
      vertex 285 195 95.01
      vertex 276.018 176.768 95.01
    endloop
  endfacet
  facet normal 0 0 -1
    outer loop
      vertex 275.207 177.31 95.01
      vertex 285 195 95.01
      vertex 275.639 177.079 95.01
    endloop
  endfacet
  facet normal 0 0 -1
    outer loop
      vertex 274.738 177.452 95.01
      vertex 285 195 95.01
      vertex 275.207 177.31 95.01
    endloop
  endfacet
  facet normal 0 0 -1
    outer loop
      vertex 274.25 177.5 95.01
      vertex 285 195 95.01
      vertex 274.738 177.452 95.01
    endloop
  endfacet
  facet normal 0 0 -1
    outer loop
      vertex 273.762 177.452 95.01
      vertex 285 195 95.01
      vertex 274.25 177.5 95.01
    endloop
  endfacet
  facet normal 0 0 -1
    outer loop
      vertex 273.293 177.31 95.01
      vertex 285 195 95.01
      vertex 273.762 177.452 95.01
    endloop
  endfacet
  facet normal 0 0 -1
    outer loop
      vertex 272.861 177.079 95.01
      vertex 285 195 95.01
      vertex 273.293 177.31 95.01
    endloop
  endfacet
  facet normal 0 0 -1
    outer loop
      vertex 251.139 177.079 95.01
      vertex 272.861 177.079 95.01
      vertex 272.482 176.768 95.01
    endloop
  endfacet
  facet normal 0 0 -1
    outer loop
      vertex 251.518 176.768 95.01
      vertex 272.482 176.768 95.01
      vertex 272.171 176.389 95.01
    endloop
  endfacet
  facet normal 0 0 -1
    outer loop
      vertex 252.25 175 95.01
      vertex 271.798 175.488 95.01
      vertex 271.75 175 95.01
    endloop
  endfacet
  facet normal 0 0 -1
    outer loop
      vertex 252.202 175.488 95.01
      vertex 271.798 175.488 95.01
      vertex 252.25 175 95.01
    endloop
  endfacet
  facet normal 0 0 -1
    outer loop
      vertex 271.798 175.488 95.01
      vertex 252.202 175.488 95.01
      vertex 271.94 175.957 95.01
    endloop
  endfacet
  facet normal 0 0 -1
    outer loop
      vertex 252.06 175.957 95.01
      vertex 271.94 175.957 95.01
      vertex 252.202 175.488 95.01
    endloop
  endfacet
  facet normal 0 0 -1
    outer loop
      vertex 271.94 175.957 95.01
      vertex 252.06 175.957 95.01
      vertex 272.171 176.389 95.01
    endloop
  endfacet
  facet normal 0 0 -1
    outer loop
      vertex 251.829 176.389 95.01
      vertex 272.171 176.389 95.01
      vertex 252.06 175.957 95.01
    endloop
  endfacet
  facet normal 0 0 -1
    outer loop
      vertex 251.518 176.768 95.01
      vertex 272.171 176.389 95.01
      vertex 251.829 176.389 95.01
    endloop
  endfacet
  facet normal 0 0 -1
    outer loop
      vertex 272.482 176.768 95.01
      vertex 251.518 176.768 95.01
      vertex 251.139 177.079 95.01
    endloop
  endfacet
  facet normal 0 0 -1
    outer loop
      vertex 272.861 177.079 95.01
      vertex 251.139 177.079 95.01
      vertex 285 195 95.01
    endloop
  endfacet
  facet normal 0 0 -1
    outer loop
      vertex 250.707 177.31 95.01
      vertex 285 195 95.01
      vertex 251.139 177.079 95.01
    endloop
  endfacet
  facet normal 0 0 -1
    outer loop
      vertex 250.238 177.452 95.01
      vertex 285 195 95.01
      vertex 250.707 177.31 95.01
    endloop
  endfacet
  facet normal 0 0 -1
    outer loop
      vertex 249.75 177.5 95.01
      vertex 285 195 95.01
      vertex 250.238 177.452 95.01
    endloop
  endfacet
  facet normal 0 0 -1
    outer loop
      vertex 249.262 177.452 95.01
      vertex 285 195 95.01
      vertex 249.75 177.5 95.01
    endloop
  endfacet
  facet normal 0 0 -1
    outer loop
      vertex 210.738 177.452 95.01
      vertex 249.262 177.452 95.01
      vertex 248.793 177.31 95.01
    endloop
  endfacet
  facet normal 0 0 -1
    outer loop
      vertex 295 15 95.01
      vertex 244.56 25.9567 95.01
      vertex 244.329 26.3889 95.01
    endloop
  endfacet
  facet normal 0 0 -1
    outer loop
      vertex 295 15 95.01
      vertex 244.018 26.7678 95.01
      vertex 275.5 100.013 95.01
    endloop
  endfacet
  facet normal 0 0 -1
    outer loop
      vertex 243.639 27.0787 95.01
      vertex 275.5 100.013 95.01
      vertex 244.018 26.7678 95.01
    endloop
  endfacet
  facet normal 0 0 -1
    outer loop
      vertex 243.5 27.1529 95.01
      vertex 275.5 100.013 95.01
      vertex 243.639 27.0787 95.01
    endloop
  endfacet
  facet normal -0 0 -1
    outer loop
      vertex 275.5 100.013 95.01
      vertex 243.5 27.1529 95.01
      vertex 248.5 100.013 95.01
    endloop
  endfacet
  facet normal -0 0 -1
    outer loop
      vertex 248.5 100.013 95.01
      vertex 243.5 27.1529 95.01
      vertex 243.5 104.297 95.01
    endloop
  endfacet
  facet normal 0 0 -1
    outer loop
      vertex 247.44 174.043 95.01
      vertex 212.702 174.512 95.01
      vertex 247.298 174.512 95.01
    endloop
  endfacet
  facet normal 0 0 -1
    outer loop
      vertex 247.982 173.232 95.01
      vertex 212.018 173.232 95.01
      vertex 247.671 173.611 95.01
    endloop
  endfacet
  facet normal 0 0 -1
    outer loop
      vertex 247.298 174.512 95.01
      vertex 212.702 174.512 95.01
      vertex 247.25 175 95.01
    endloop
  endfacet
  facet normal 0 0 -1
    outer loop
      vertex 247.25 175 95.01
      vertex 212.75 175 95.01
      vertex 247.298 175.488 95.01
    endloop
  endfacet
  facet normal 0 0 -1
    outer loop
      vertex 211.5 91.1365 95.01
      vertex 216.361 27.0787 95.01
      vertex 215.982 26.7678 95.01
    endloop
  endfacet
  facet normal 0 0 -1
    outer loop
      vertex 211.5 91.1365 95.01
      vertex 215.982 26.7678 95.01
      vertex 215.671 26.3889 95.01
    endloop
  endfacet
  facet normal 0 0 -1
    outer loop
      vertex 211.5 91.1365 95.01
      vertex 215.671 26.3889 95.01
      vertex 215.44 25.9567 95.01
    endloop
  endfacet
  facet normal 0 0 -1
    outer loop
      vertex 211.5 91.1365 95.01
      vertex 215.44 25.9567 95.01
      vertex 215.298 25.4877 95.01
    endloop
  endfacet
  facet normal 0 0 -1
    outer loop
      vertex 211.5 91.1365 95.01
      vertex 215.298 25.4877 95.01
      vertex 215.25 25 95.01
    endloop
  endfacet
  facet normal 0 0 -1
    outer loop
      vertex 216.5 27.1529 95.01
      vertex 211.5 91.1365 95.01
      vertex 216.5 104.297 95.01
    endloop
  endfacet
  facet normal 0 0 -1
    outer loop
      vertex 212.702 175.488 95.01
      vertex 247.298 175.488 95.01
      vertex 212.75 175 95.01
    endloop
  endfacet
  facet normal 0 0 -1
    outer loop
      vertex 247.298 175.488 95.01
      vertex 212.702 175.488 95.01
      vertex 247.44 175.957 95.01
    endloop
  endfacet
  facet normal 0 0 -1
    outer loop
      vertex 212.56 175.957 95.01
      vertex 247.44 175.957 95.01
      vertex 212.702 175.488 95.01
    endloop
  endfacet
  facet normal 0 0 -1
    outer loop
      vertex 247.44 175.957 95.01
      vertex 212.56 175.957 95.01
      vertex 247.671 176.389 95.01
    endloop
  endfacet
  facet normal 0 0 -1
    outer loop
      vertex 212.329 176.389 95.01
      vertex 247.671 176.389 95.01
      vertex 212.56 175.957 95.01
    endloop
  endfacet
  facet normal 0 0 -1
    outer loop
      vertex 247.671 176.389 95.01
      vertex 212.329 176.389 95.01
      vertex 247.982 176.768 95.01
    endloop
  endfacet
  facet normal 0 0 -1
    outer loop
      vertex 212.018 176.768 95.01
      vertex 247.982 176.768 95.01
      vertex 212.329 176.389 95.01
    endloop
  endfacet
  facet normal 0 0 -1
    outer loop
      vertex 247.982 176.768 95.01
      vertex 212.018 176.768 95.01
      vertex 248.361 177.079 95.01
    endloop
  endfacet
  facet normal 0 0 -1
    outer loop
      vertex 211.639 177.079 95.01
      vertex 248.361 177.079 95.01
      vertex 212.018 176.768 95.01
    endloop
  endfacet
  facet normal 0 0 -1
    outer loop
      vertex 248.361 177.079 95.01
      vertex 211.639 177.079 95.01
      vertex 248.793 177.31 95.01
    endloop
  endfacet
  facet normal 0 0 -1
    outer loop
      vertex 211.207 177.31 95.01
      vertex 248.793 177.31 95.01
      vertex 211.639 177.079 95.01
    endloop
  endfacet
  facet normal 0 0 -1
    outer loop
      vertex 210.738 177.452 95.01
      vertex 248.793 177.31 95.01
      vertex 211.207 177.31 95.01
    endloop
  endfacet
  facet normal 0 0 -1
    outer loop
      vertex 249.262 177.452 95.01
      vertex 210.738 177.452 95.01
      vertex 285 195 95.01
    endloop
  endfacet
  facet normal 0 0 -1
    outer loop
      vertex 210.25 177.5 95.01
      vertex 285 195 95.01
      vertex 210.738 177.452 95.01
    endloop
  endfacet
  facet normal 0 0 -1
    outer loop
      vertex 185.75 177.5 95.01
      vertex 210.25 177.5 95.01
      vertex 209.762 177.452 95.01
    endloop
  endfacet
  facet normal 0 0 -1
    outer loop
      vertex 188.25 175 95.01
      vertex 207.798 175.488 95.01
      vertex 207.75 175 95.01
    endloop
  endfacet
  facet normal 0 0 -1
    outer loop
      vertex 188.202 175.488 95.01
      vertex 207.798 175.488 95.01
      vertex 188.25 175 95.01
    endloop
  endfacet
  facet normal 0 0 -1
    outer loop
      vertex 207.798 175.488 95.01
      vertex 188.202 175.488 95.01
      vertex 207.94 175.957 95.01
    endloop
  endfacet
  facet normal 0 0 -1
    outer loop
      vertex 188.06 175.957 95.01
      vertex 207.94 175.957 95.01
      vertex 188.202 175.488 95.01
    endloop
  endfacet
  facet normal 0 0 -1
    outer loop
      vertex 207.94 175.957 95.01
      vertex 188.06 175.957 95.01
      vertex 208.171 176.389 95.01
    endloop
  endfacet
  facet normal 0 0 -1
    outer loop
      vertex 187.829 176.389 95.01
      vertex 208.171 176.389 95.01
      vertex 188.06 175.957 95.01
    endloop
  endfacet
  facet normal 0 0 -1
    outer loop
      vertex 208.171 176.389 95.01
      vertex 187.829 176.389 95.01
      vertex 208.482 176.768 95.01
    endloop
  endfacet
  facet normal 0 0 -1
    outer loop
      vertex 187.518 176.768 95.01
      vertex 208.482 176.768 95.01
      vertex 187.829 176.389 95.01
    endloop
  endfacet
  facet normal 0 0 -1
    outer loop
      vertex 208.482 176.768 95.01
      vertex 187.518 176.768 95.01
      vertex 208.861 177.079 95.01
    endloop
  endfacet
  facet normal 0 0 -1
    outer loop
      vertex 187.139 177.079 95.01
      vertex 208.861 177.079 95.01
      vertex 187.518 176.768 95.01
    endloop
  endfacet
  facet normal 0 0 -1
    outer loop
      vertex 208.861 177.079 95.01
      vertex 187.139 177.079 95.01
      vertex 209.293 177.31 95.01
    endloop
  endfacet
  facet normal 0 0 -1
    outer loop
      vertex 186.707 177.31 95.01
      vertex 209.293 177.31 95.01
      vertex 187.139 177.079 95.01
    endloop
  endfacet
  facet normal 0 0 -1
    outer loop
      vertex 209.293 177.31 95.01
      vertex 186.707 177.31 95.01
      vertex 209.762 177.452 95.01
    endloop
  endfacet
  facet normal 0 0 -1
    outer loop
      vertex 186.238 177.452 95.01
      vertex 209.762 177.452 95.01
      vertex 186.707 177.31 95.01
    endloop
  endfacet
  facet normal 0 0 -1
    outer loop
      vertex 185.75 177.5 95.01
      vertex 209.762 177.452 95.01
      vertex 186.238 177.452 95.01
    endloop
  endfacet
  facet normal 0 0 -1
    outer loop
      vertex 210.25 177.5 95.01
      vertex 185.75 177.5 95.01
      vertex 285 195 95.01
    endloop
  endfacet
  facet normal 0 0 -1
    outer loop
      vertex 146.25 177.5 95.01
      vertex 185.75 177.5 95.01
      vertex 185.262 177.452 95.01
    endloop
  endfacet
  facet normal 0 0 -1
    outer loop
      vertex 215.25 25 95.01
      vertex 180.56 25.9567 95.01
      vertex 180.329 26.3889 95.01
    endloop
  endfacet
  facet normal 0 0 -1
    outer loop
      vertex 215.25 25 95.01
      vertex 180.329 26.3889 95.01
      vertex 180.018 26.7678 95.01
    endloop
  endfacet
  facet normal 0 0 -1
    outer loop
      vertex 215.25 25 95.01
      vertex 180.018 26.7678 95.01
      vertex 179.639 27.0787 95.01
    endloop
  endfacet
  facet normal -0 0 -1
    outer loop
      vertex 211.5 91.1365 95.01
      vertex 179.639 27.0787 95.01
      vertex 184.5 91.1365 95.01
    endloop
  endfacet
  facet normal 0 0 -1
    outer loop
      vertex 179.5 27.1529 95.01
      vertex 184.5 91.1365 95.01
      vertex 179.639 27.0787 95.01
    endloop
  endfacet
  facet normal -0 0 -1
    outer loop
      vertex 184.5 91.1365 95.01
      vertex 179.5 27.1529 95.01
      vertex 179.5 116.227 95.01
    endloop
  endfacet
  facet normal 0 0 -1
    outer loop
      vertex 183.44 174.043 95.01
      vertex 148.702 174.512 95.01
      vertex 183.298 174.512 95.01
    endloop
  endfacet
  facet normal 0 0 -1
    outer loop
      vertex 183.982 173.232 95.01
      vertex 148.018 173.232 95.01
      vertex 183.671 173.611 95.01
    endloop
  endfacet
  facet normal 0 0 -1
    outer loop
      vertex 183.298 174.512 95.01
      vertex 148.702 174.512 95.01
      vertex 183.25 175 95.01
    endloop
  endfacet
  facet normal 0 0 -1
    outer loop
      vertex 183.25 175 95.01
      vertex 148.75 175 95.01
      vertex 183.298 175.488 95.01
    endloop
  endfacet
  facet normal 0 0 -1
    outer loop
      vertex 147.5 78.4971 95.01
      vertex 152.361 27.0787 95.01
      vertex 151.982 26.7678 95.01
    endloop
  endfacet
  facet normal 0 0 -1
    outer loop
      vertex 147.5 78.4971 95.01
      vertex 151.982 26.7678 95.01
      vertex 151.671 26.3889 95.01
    endloop
  endfacet
  facet normal 0 0 -1
    outer loop
      vertex 147.5 78.4971 95.01
      vertex 151.671 26.3889 95.01
      vertex 151.44 25.9567 95.01
    endloop
  endfacet
  facet normal 0 0 -1
    outer loop
      vertex 147.5 78.4971 95.01
      vertex 151.44 25.9567 95.01
      vertex 151.298 25.4877 95.01
    endloop
  endfacet
  facet normal 0 0 -1
    outer loop
      vertex 147.5 78.4971 95.01
      vertex 151.298 25.4877 95.01
      vertex 151.25 25 95.01
    endloop
  endfacet
  facet normal 0 0 -1
    outer loop
      vertex 152.5 27.1529 95.01
      vertex 147.5 78.4971 95.01
      vertex 152.5 116.227 95.01
    endloop
  endfacet
  facet normal 0 0 -1
    outer loop
      vertex 148.702 175.488 95.01
      vertex 183.298 175.488 95.01
      vertex 148.75 175 95.01
    endloop
  endfacet
  facet normal 0 0 -1
    outer loop
      vertex 183.298 175.488 95.01
      vertex 148.702 175.488 95.01
      vertex 183.44 175.957 95.01
    endloop
  endfacet
  facet normal 0 0 -1
    outer loop
      vertex 148.56 175.957 95.01
      vertex 183.44 175.957 95.01
      vertex 148.702 175.488 95.01
    endloop
  endfacet
  facet normal 0 0 -1
    outer loop
      vertex 183.44 175.957 95.01
      vertex 148.56 175.957 95.01
      vertex 183.671 176.389 95.01
    endloop
  endfacet
  facet normal 0 0 -1
    outer loop
      vertex 148.329 176.389 95.01
      vertex 183.671 176.389 95.01
      vertex 148.56 175.957 95.01
    endloop
  endfacet
  facet normal 0 0 -1
    outer loop
      vertex 183.671 176.389 95.01
      vertex 148.329 176.389 95.01
      vertex 183.982 176.768 95.01
    endloop
  endfacet
  facet normal 0 0 -1
    outer loop
      vertex 148.018 176.768 95.01
      vertex 183.982 176.768 95.01
      vertex 148.329 176.389 95.01
    endloop
  endfacet
  facet normal 0 0 -1
    outer loop
      vertex 183.982 176.768 95.01
      vertex 148.018 176.768 95.01
      vertex 184.361 177.079 95.01
    endloop
  endfacet
  facet normal 0 0 -1
    outer loop
      vertex 147.639 177.079 95.01
      vertex 184.361 177.079 95.01
      vertex 148.018 176.768 95.01
    endloop
  endfacet
  facet normal 0 0 -1
    outer loop
      vertex 184.361 177.079 95.01
      vertex 147.639 177.079 95.01
      vertex 184.793 177.31 95.01
    endloop
  endfacet
  facet normal 0 0 -1
    outer loop
      vertex 147.207 177.31 95.01
      vertex 184.793 177.31 95.01
      vertex 147.639 177.079 95.01
    endloop
  endfacet
  facet normal 0 0 -1
    outer loop
      vertex 184.793 177.31 95.01
      vertex 147.207 177.31 95.01
      vertex 185.262 177.452 95.01
    endloop
  endfacet
  facet normal 0 0 -1
    outer loop
      vertex 146.738 177.452 95.01
      vertex 185.262 177.452 95.01
      vertex 147.207 177.31 95.01
    endloop
  endfacet
  facet normal 0 0 -1
    outer loop
      vertex 146.25 177.5 95.01
      vertex 185.262 177.452 95.01
      vertex 146.738 177.452 95.01
    endloop
  endfacet
  facet normal 0 0 -1
    outer loop
      vertex 185.75 177.5 95.01
      vertex 146.25 177.5 95.01
      vertex 285 195 95.01
    endloop
  endfacet
  facet normal 0 0 -1
    outer loop
      vertex 121.75 177.5 95.01
      vertex 146.25 177.5 95.01
      vertex 145.762 177.452 95.01
    endloop
  endfacet
  facet normal 0 0 -1
    outer loop
      vertex 124.25 175 95.01
      vertex 143.798 175.488 95.01
      vertex 143.75 175 95.01
    endloop
  endfacet
  facet normal 0 0 -1
    outer loop
      vertex 124.202 175.488 95.01
      vertex 143.798 175.488 95.01
      vertex 124.25 175 95.01
    endloop
  endfacet
  facet normal 0 0 -1
    outer loop
      vertex 143.798 175.488 95.01
      vertex 124.202 175.488 95.01
      vertex 143.94 175.957 95.01
    endloop
  endfacet
  facet normal 0 0 -1
    outer loop
      vertex 124.06 175.957 95.01
      vertex 143.94 175.957 95.01
      vertex 124.202 175.488 95.01
    endloop
  endfacet
  facet normal 0 0 -1
    outer loop
      vertex 143.94 175.957 95.01
      vertex 124.06 175.957 95.01
      vertex 144.171 176.389 95.01
    endloop
  endfacet
  facet normal 0 0 -1
    outer loop
      vertex 123.829 176.389 95.01
      vertex 144.171 176.389 95.01
      vertex 124.06 175.957 95.01
    endloop
  endfacet
  facet normal 0 0 -1
    outer loop
      vertex 144.171 176.389 95.01
      vertex 123.829 176.389 95.01
      vertex 144.482 176.768 95.01
    endloop
  endfacet
  facet normal 0 0 -1
    outer loop
      vertex 123.518 176.768 95.01
      vertex 144.482 176.768 95.01
      vertex 123.829 176.389 95.01
    endloop
  endfacet
  facet normal 0 0 -1
    outer loop
      vertex 144.482 176.768 95.01
      vertex 123.518 176.768 95.01
      vertex 144.861 177.079 95.01
    endloop
  endfacet
  facet normal 0 0 -1
    outer loop
      vertex 123.139 177.079 95.01
      vertex 144.861 177.079 95.01
      vertex 123.518 176.768 95.01
    endloop
  endfacet
  facet normal 0 0 -1
    outer loop
      vertex 144.861 177.079 95.01
      vertex 123.139 177.079 95.01
      vertex 145.293 177.31 95.01
    endloop
  endfacet
  facet normal 0 0 -1
    outer loop
      vertex 122.707 177.31 95.01
      vertex 145.293 177.31 95.01
      vertex 123.139 177.079 95.01
    endloop
  endfacet
  facet normal 0 0 -1
    outer loop
      vertex 145.293 177.31 95.01
      vertex 122.707 177.31 95.01
      vertex 145.762 177.452 95.01
    endloop
  endfacet
  facet normal 0 0 -1
    outer loop
      vertex 122.238 177.452 95.01
      vertex 145.762 177.452 95.01
      vertex 122.707 177.31 95.01
    endloop
  endfacet
  facet normal 0 0 -1
    outer loop
      vertex 121.75 177.5 95.01
      vertex 145.762 177.452 95.01
      vertex 122.238 177.452 95.01
    endloop
  endfacet
  facet normal 0 0 -1
    outer loop
      vertex 146.25 177.5 95.01
      vertex 121.75 177.5 95.01
      vertex 15 195 95.01
    endloop
  endfacet
  facet normal 0 0 -1
    outer loop
      vertex 15 195 95.01
      vertex 121.75 177.5 95.01
      vertex 121.262 177.452 95.01
    endloop
  endfacet
  facet normal 0 0 -1
    outer loop
      vertex 151.25 25 95.01
      vertex 116.56 25.9567 95.01
      vertex 116.329 26.3889 95.01
    endloop
  endfacet
  facet normal 0 0 -1
    outer loop
      vertex 151.25 25 95.01
      vertex 116.329 26.3889 95.01
      vertex 116.018 26.7678 95.01
    endloop
  endfacet
  facet normal 0 0 -1
    outer loop
      vertex 151.25 25 95.01
      vertex 116.018 26.7678 95.01
      vertex 115.639 27.0787 95.01
    endloop
  endfacet
  facet normal -0 0 -1
    outer loop
      vertex 147.5 78.4971 95.01
      vertex 115.639 27.0787 95.01
      vertex 120.5 78.4971 95.01
    endloop
  endfacet
  facet normal 0 0 -1
    outer loop
      vertex 115.5 27.1529 95.01
      vertex 120.5 78.4971 95.01
      vertex 115.639 27.0787 95.01
    endloop
  endfacet
  facet normal -0 0 -1
    outer loop
      vertex 120.5 78.4971 95.01
      vertex 115.5 27.1529 95.01
      vertex 115.5 130.011 95.01
    endloop
  endfacet
  facet normal 0 0 -1
    outer loop
      vertex 119.44 174.043 95.01
      vertex 84.702 174.512 95.01
      vertex 119.298 174.512 95.01
    endloop
  endfacet
  facet normal 0 0 -1
    outer loop
      vertex 119.982 173.232 95.01
      vertex 84.0178 173.232 95.01
      vertex 119.671 173.611 95.01
    endloop
  endfacet
  facet normal 0 0 -1
    outer loop
      vertex 119.298 174.512 95.01
      vertex 84.702 174.512 95.01
      vertex 119.25 175 95.01
    endloop
  endfacet
  facet normal 0 0 -1
    outer loop
      vertex 119.25 175 95.01
      vertex 84.75 175 95.01
      vertex 119.298 175.488 95.01
    endloop
  endfacet
  facet normal 0 0 -1
    outer loop
      vertex 84.702 175.488 95.01
      vertex 119.298 175.488 95.01
      vertex 84.75 175 95.01
    endloop
  endfacet
  facet normal 0 0 -1
    outer loop
      vertex 83.5 63.892 95.01
      vertex 88.3611 27.0787 95.01
      vertex 87.9822 26.7678 95.01
    endloop
  endfacet
  facet normal 0 0 -1
    outer loop
      vertex 83.5 63.892 95.01
      vertex 87.9822 26.7678 95.01
      vertex 87.6713 26.3889 95.01
    endloop
  endfacet
  facet normal 0 0 -1
    outer loop
      vertex 83.5 63.892 95.01
      vertex 87.6713 26.3889 95.01
      vertex 87.4403 25.9567 95.01
    endloop
  endfacet
  facet normal 0 0 -1
    outer loop
      vertex 83.5 63.892 95.01
      vertex 87.4403 25.9567 95.01
      vertex 87.298 25.4877 95.01
    endloop
  endfacet
  facet normal 0 0 -1
    outer loop
      vertex 83.5 63.892 95.01
      vertex 87.298 25.4877 95.01
      vertex 87.25 25 95.01
    endloop
  endfacet
  facet normal 0 0 -1
    outer loop
      vertex 88.5 27.1529 95.01
      vertex 83.5 63.892 95.01
      vertex 88.5 130.011 95.01
    endloop
  endfacet
  facet normal 0 0 -1
    outer loop
      vertex 119.298 175.488 95.01
      vertex 84.702 175.488 95.01
      vertex 119.44 175.957 95.01
    endloop
  endfacet
  facet normal 0 0 -1
    outer loop
      vertex 84.5597 175.957 95.01
      vertex 119.44 175.957 95.01
      vertex 84.702 175.488 95.01
    endloop
  endfacet
  facet normal 0 0 -1
    outer loop
      vertex 119.44 175.957 95.01
      vertex 84.5597 175.957 95.01
      vertex 119.671 176.389 95.01
    endloop
  endfacet
  facet normal 0 0 -1
    outer loop
      vertex 84.3287 176.389 95.01
      vertex 119.671 176.389 95.01
      vertex 84.5597 175.957 95.01
    endloop
  endfacet
  facet normal 0 0 -1
    outer loop
      vertex 119.671 176.389 95.01
      vertex 84.3287 176.389 95.01
      vertex 119.982 176.768 95.01
    endloop
  endfacet
  facet normal 0 0 -1
    outer loop
      vertex 84.0178 176.768 95.01
      vertex 119.982 176.768 95.01
      vertex 84.3287 176.389 95.01
    endloop
  endfacet
  facet normal 0 0 -1
    outer loop
      vertex 119.982 176.768 95.01
      vertex 84.0178 176.768 95.01
      vertex 120.361 177.079 95.01
    endloop
  endfacet
  facet normal 0 0 -1
    outer loop
      vertex 83.6389 177.079 95.01
      vertex 120.361 177.079 95.01
      vertex 84.0178 176.768 95.01
    endloop
  endfacet
  facet normal 0 0 -1
    outer loop
      vertex 120.361 177.079 95.01
      vertex 83.6389 177.079 95.01
      vertex 120.793 177.31 95.01
    endloop
  endfacet
  facet normal 0 0 -1
    outer loop
      vertex 83.2067 177.31 95.01
      vertex 120.793 177.31 95.01
      vertex 83.6389 177.079 95.01
    endloop
  endfacet
  facet normal 0 0 -1
    outer loop
      vertex 120.793 177.31 95.01
      vertex 83.2067 177.31 95.01
      vertex 121.262 177.452 95.01
    endloop
  endfacet
  facet normal 0 0 -1
    outer loop
      vertex 82.7377 177.452 95.01
      vertex 121.262 177.452 95.01
      vertex 83.2067 177.31 95.01
    endloop
  endfacet
  facet normal 0 0 -1
    outer loop
      vertex 15 195 95.01
      vertex 121.262 177.452 95.01
      vertex 82.7377 177.452 95.01
    endloop
  endfacet
  facet normal 0 0 -1
    outer loop
      vertex 15 195 95.01
      vertex 82.7377 177.452 95.01
      vertex 82.25 177.5 95.01
    endloop
  endfacet
  facet normal 0 0 -1
    outer loop
      vertex 60.25 175 95.01
      vertex 79.798 175.488 95.01
      vertex 79.75 175 95.01
    endloop
  endfacet
  facet normal 0 0 -1
    outer loop
      vertex 60.202 175.488 95.01
      vertex 79.798 175.488 95.01
      vertex 60.25 175 95.01
    endloop
  endfacet
  facet normal 0 0 -1
    outer loop
      vertex 79.798 175.488 95.01
      vertex 60.202 175.488 95.01
      vertex 79.9403 175.957 95.01
    endloop
  endfacet
  facet normal 0 0 -1
    outer loop
      vertex 60.0597 175.957 95.01
      vertex 79.9403 175.957 95.01
      vertex 60.202 175.488 95.01
    endloop
  endfacet
  facet normal 0 0 -1
    outer loop
      vertex 79.9403 175.957 95.01
      vertex 60.0597 175.957 95.01
      vertex 80.1713 176.389 95.01
    endloop
  endfacet
  facet normal 0 0 -1
    outer loop
      vertex 59.8287 176.389 95.01
      vertex 80.1713 176.389 95.01
      vertex 60.0597 175.957 95.01
    endloop
  endfacet
  facet normal 0 0 -1
    outer loop
      vertex 80.1713 176.389 95.01
      vertex 59.8287 176.389 95.01
      vertex 80.4822 176.768 95.01
    endloop
  endfacet
  facet normal 0 0 -1
    outer loop
      vertex 59.5178 176.768 95.01
      vertex 80.4822 176.768 95.01
      vertex 59.8287 176.389 95.01
    endloop
  endfacet
  facet normal 0 0 -1
    outer loop
      vertex 80.4822 176.768 95.01
      vertex 59.5178 176.768 95.01
      vertex 80.8611 177.079 95.01
    endloop
  endfacet
  facet normal 0 0 -1
    outer loop
      vertex 59.1389 177.079 95.01
      vertex 80.8611 177.079 95.01
      vertex 59.5178 176.768 95.01
    endloop
  endfacet
  facet normal 0 0 -1
    outer loop
      vertex 80.8611 177.079 95.01
      vertex 59.1389 177.079 95.01
      vertex 81.2933 177.31 95.01
    endloop
  endfacet
  facet normal 0 0 -1
    outer loop
      vertex 58.7067 177.31 95.01
      vertex 81.2933 177.31 95.01
      vertex 59.1389 177.079 95.01
    endloop
  endfacet
  facet normal 0 0 -1
    outer loop
      vertex 81.2933 177.31 95.01
      vertex 58.7067 177.31 95.01
      vertex 81.7623 177.452 95.01
    endloop
  endfacet
  facet normal 0 0 -1
    outer loop
      vertex 58.2377 177.452 95.01
      vertex 81.7623 177.452 95.01
      vertex 58.7067 177.31 95.01
    endloop
  endfacet
  facet normal 0 0 -1
    outer loop
      vertex 15 195 95.01
      vertex 81.7623 177.452 95.01
      vertex 58.2377 177.452 95.01
    endloop
  endfacet
  facet normal 0 0 -1
    outer loop
      vertex 81.7623 177.452 95.01
      vertex 15 195 95.01
      vertex 82.25 177.5 95.01
    endloop
  endfacet
  facet normal 0 0 -1
    outer loop
      vertex 15 195 95.01
      vertex 58.2377 177.452 95.01
      vertex 57.75 177.5 95.01
    endloop
  endfacet
  facet normal 0 0 -1
    outer loop
      vertex 87.25 25 95.01
      vertex 52.5597 25.9567 95.01
      vertex 52.3287 26.3889 95.01
    endloop
  endfacet
  facet normal 0 0 -1
    outer loop
      vertex 87.25 25 95.01
      vertex 52.3287 26.3889 95.01
      vertex 52.0178 26.7678 95.01
    endloop
  endfacet
  facet normal -0 0 -1
    outer loop
      vertex 83.5 63.892 95.01
      vertex 52.0178 26.7678 95.01
      vertex 56.5 63.892 95.01
    endloop
  endfacet
  facet normal 0 0 -1
    outer loop
      vertex 51.6389 27.0787 95.01
      vertex 56.5 63.892 95.01
      vertex 52.0178 26.7678 95.01
    endloop
  endfacet
  facet normal 0 0 -1
    outer loop
      vertex 51.5 27.1529 95.01
      vertex 56.5 63.892 95.01
      vertex 51.6389 27.0787 95.01
    endloop
  endfacet
  facet normal -0 0 -1
    outer loop
      vertex 56.5 63.892 95.01
      vertex 51.5 27.1529 95.01
      vertex 51.5 142.564 95.01
    endloop
  endfacet
  facet normal -0 0 -1
    outer loop
      vertex 55.4403 174.043 95.01
      vertex 24.5 142.564 95.01
      vertex 55.298 174.512 95.01
    endloop
  endfacet
  facet normal 0 0 -1
    outer loop
      vertex 5 185 95.01
      vertex 55.298 174.512 95.01
      vertex 24.5 142.564 95.01
    endloop
  endfacet
  facet normal 0 -0 -1
    outer loop
      vertex 15 195 95.01
      vertex 55.298 174.512 95.01
      vertex 5 185 95.01
    endloop
  endfacet
  facet normal 0 0 -1
    outer loop
      vertex 55.298 174.512 95.01
      vertex 15 195 95.01
      vertex 55.25 175 95.01
    endloop
  endfacet
  facet normal 0 0 -1
    outer loop
      vertex 55.25 175 95.01
      vertex 15 195 95.01
      vertex 55.298 175.488 95.01
    endloop
  endfacet
  facet normal 0 0 -1
    outer loop
      vertex 55.298 175.488 95.01
      vertex 15 195 95.01
      vertex 55.4403 175.957 95.01
    endloop
  endfacet
  facet normal 0 0 -1
    outer loop
      vertex 23.9822 26.7678 95.01
      vertex 24.5 142.564 95.01
      vertex 24.3611 27.0787 95.01
    endloop
  endfacet
  facet normal 0 0 -1
    outer loop
      vertex 5 15 95.01
      vertex 23.9822 26.7678 95.01
      vertex 23.6713 26.3889 95.01
    endloop
  endfacet
  facet normal 0 0 -1
    outer loop
      vertex 5 15 95.01
      vertex 23.6713 26.3889 95.01
      vertex 23.4403 25.9567 95.01
    endloop
  endfacet
  facet normal 0 0 -1
    outer loop
      vertex 5 15 95.01
      vertex 23.4403 25.9567 95.01
      vertex 23.298 25.4877 95.01
    endloop
  endfacet
  facet normal 0 0 -1
    outer loop
      vertex 5 15 95.01
      vertex 23.298 25.4877 95.01
      vertex 23.25 25 95.01
    endloop
  endfacet
  facet normal -0 0 -1
    outer loop
      vertex 23.298 24.5123 95.01
      vertex 5 15 95.01
      vertex 23.25 25 95.01
    endloop
  endfacet
  facet normal 0 0 -1
    outer loop
      vertex 146.25 177.5 95.01
      vertex 15 195 95.01
      vertex 285 195 95.01
    endloop
  endfacet
  facet normal 0 0 -1
    outer loop
      vertex 57.2623 177.452 95.01
      vertex 15 195 95.01
      vertex 57.75 177.5 95.01
    endloop
  endfacet
  facet normal 0 0 -1
    outer loop
      vertex 56.7933 177.31 95.01
      vertex 15 195 95.01
      vertex 57.2623 177.452 95.01
    endloop
  endfacet
  facet normal 0 0 -1
    outer loop
      vertex 56.3611 177.079 95.01
      vertex 15 195 95.01
      vertex 56.7933 177.31 95.01
    endloop
  endfacet
  facet normal 0 0 -1
    outer loop
      vertex 55.9822 176.768 95.01
      vertex 15 195 95.01
      vertex 56.3611 177.079 95.01
    endloop
  endfacet
  facet normal 0 0 -1
    outer loop
      vertex 55.4403 175.957 95.01
      vertex 15 195 95.01
      vertex 55.6713 176.389 95.01
    endloop
  endfacet
  facet normal -0 0 -1
    outer loop
      vertex 23.9822 26.7678 95.01
      vertex 5 15 95.01
      vertex 24.5 142.564 95.01
    endloop
  endfacet
  facet normal 0 0 -1
    outer loop
      vertex 5 15 95.01
      vertex 15 5 95.01
      vertex 14.0198 5.04815 95.01
    endloop
  endfacet
  facet normal 0 0 -1
    outer loop
      vertex 5 185 95.01
      vertex 24.5 142.564 95.01
      vertex 5 15 95.01
    endloop
  endfacet
  facet normal 0 0 -1
    outer loop
      vertex 5 15 95.01
      vertex 14.0198 5.04815 95.01
      vertex 13.0491 5.19215 95.01
    endloop
  endfacet
  facet normal 0 0 -1
    outer loop
      vertex 55.6713 176.389 95.01
      vertex 15 195 95.01
      vertex 55.9822 176.768 95.01
    endloop
  endfacet
  facet normal 0 0 -1
    outer loop
      vertex 5 15 95.01
      vertex 13.0491 5.19215 95.01
      vertex 12.0972 5.4306 95.01
    endloop
  endfacet
  facet normal 0 0 -1
    outer loop
      vertex 15 195 95.01
      vertex 5 185 95.01
      vertex 14.0198 194.952 95.01
    endloop
  endfacet
  facet normal 0 0 -1
    outer loop
      vertex 5 15 95.01
      vertex 12.0972 5.4306 95.01
      vertex 11.1732 5.7612 95.01
    endloop
  endfacet
  facet normal 0 0 -1
    outer loop
      vertex 14.0198 194.952 95.01
      vertex 5 185 95.01
      vertex 13.0491 194.808 95.01
    endloop
  endfacet
  facet normal 0 0 -1
    outer loop
      vertex 5 15 95.01
      vertex 11.1732 5.7612 95.01
      vertex 10.286 6.18079 95.01
    endloop
  endfacet
  facet normal 0 0 -1
    outer loop
      vertex 13.0491 194.808 95.01
      vertex 5 185 95.01
      vertex 12.0972 194.569 95.01
    endloop
  endfacet
  facet normal 0 0 -1
    outer loop
      vertex 5 15 95.01
      vertex 10.286 6.18079 95.01
      vertex 9.4443 6.6853 95.01
    endloop
  endfacet
  facet normal 0 0 -1
    outer loop
      vertex 12.0972 194.569 95.01
      vertex 5 185 95.01
      vertex 11.1732 194.239 95.01
    endloop
  endfacet
  facet normal 0 0 -1
    outer loop
      vertex 5 15 95.01
      vertex 9.4443 6.6853 95.01
      vertex 8.65607 7.26989 95.01
    endloop
  endfacet
  facet normal 0 0 -1
    outer loop
      vertex 11.1732 194.239 95.01
      vertex 5 185 95.01
      vertex 10.286 193.819 95.01
    endloop
  endfacet
  facet normal 0 0 -1
    outer loop
      vertex 5 15 95.01
      vertex 8.65607 7.26989 95.01
      vertex 7.92893 7.92893 95.01
    endloop
  endfacet
  facet normal 0 0 -1
    outer loop
      vertex 10.286 193.819 95.01
      vertex 5 185 95.01
      vertex 9.4443 193.315 95.01
    endloop
  endfacet
  facet normal 0 0 -1
    outer loop
      vertex 5 15 95.01
      vertex 7.92893 7.92893 95.01
      vertex 7.26989 8.65607 95.01
    endloop
  endfacet
  facet normal 0 0 -1
    outer loop
      vertex 9.4443 193.315 95.01
      vertex 5 185 95.01
      vertex 8.65607 192.73 95.01
    endloop
  endfacet
  facet normal 0 0 -1
    outer loop
      vertex 5 15 95.01
      vertex 7.26989 8.65607 95.01
      vertex 6.6853 9.4443 95.01
    endloop
  endfacet
  facet normal 0 0 -1
    outer loop
      vertex 8.65607 192.73 95.01
      vertex 5 185 95.01
      vertex 7.92893 192.071 95.01
    endloop
  endfacet
  facet normal 0 0 -1
    outer loop
      vertex 5 15 95.01
      vertex 6.6853 9.4443 95.01
      vertex 6.18079 10.286 95.01
    endloop
  endfacet
  facet normal 0 0 -1
    outer loop
      vertex 7.92893 192.071 95.01
      vertex 5 185 95.01
      vertex 7.26989 191.344 95.01
    endloop
  endfacet
  facet normal 0 0 -1
    outer loop
      vertex 5 15 95.01
      vertex 6.18079 10.286 95.01
      vertex 5.7612 11.1732 95.01
    endloop
  endfacet
  facet normal 0 0 -1
    outer loop
      vertex 7.26989 191.344 95.01
      vertex 5 185 95.01
      vertex 6.6853 190.556 95.01
    endloop
  endfacet
  facet normal 0 0 -1
    outer loop
      vertex 5 15 95.01
      vertex 5.7612 11.1732 95.01
      vertex 5.4306 12.0972 95.01
    endloop
  endfacet
  facet normal 0 0 -1
    outer loop
      vertex 6.6853 190.556 95.01
      vertex 5 185 95.01
      vertex 6.18079 189.714 95.01
    endloop
  endfacet
  facet normal 0 0 -1
    outer loop
      vertex 5 15 95.01
      vertex 5.4306 12.0972 95.01
      vertex 5.19215 13.0491 95.01
    endloop
  endfacet
  facet normal 0 0 -1
    outer loop
      vertex 6.18079 189.714 95.01
      vertex 5 185 95.01
      vertex 5.7612 188.827 95.01
    endloop
  endfacet
  facet normal 0 0 -1
    outer loop
      vertex 5 15 95.01
      vertex 5.19215 13.0491 95.01
      vertex 5.04815 14.0198 95.01
    endloop
  endfacet
  facet normal 0 0 -1
    outer loop
      vertex 5.7612 188.827 95.01
      vertex 5 185 95.01
      vertex 5.4306 187.903 95.01
    endloop
  endfacet
  facet normal 0 0 -1
    outer loop
      vertex 5.4306 187.903 95.01
      vertex 5 185 95.01
      vertex 5.19215 186.951 95.01
    endloop
  endfacet
  facet normal 0 0 -1
    outer loop
      vertex 5.19215 186.951 95.01
      vertex 5 185 95.01
      vertex 5.04815 185.98 95.01
    endloop
  endfacet
  facet normal 0 0 -1
    outer loop
      vertex 275.639 172.921 95.01
      vertex 275.5 100.013 95.01
      vertex 275.5 172.847 95.01
    endloop
  endfacet
  facet normal 0 0 -1
    outer loop
      vertex 219 27.1529 95.01
      vertex 241 27.1529 95.01
      vertex 240.861 27.0787 95.01
    endloop
  endfacet
  facet normal 0 0 -1
    outer loop
      vertex 219.139 27.0787 95.01
      vertex 240.861 27.0787 95.01
      vertex 240.482 26.7678 95.01
    endloop
  endfacet
  facet normal 0 0 -1
    outer loop
      vertex 219.518 26.7678 95.01
      vertex 240.482 26.7678 95.01
      vertex 240.171 26.3889 95.01
    endloop
  endfacet
  facet normal 0 0 -1
    outer loop
      vertex 219.829 26.3889 95.01
      vertex 240.171 26.3889 95.01
      vertex 239.94 25.9567 95.01
    endloop
  endfacet
  facet normal 0 0 -1
    outer loop
      vertex 220.06 25.9567 95.01
      vertex 239.94 25.9567 95.01
      vertex 239.798 25.4877 95.01
    endloop
  endfacet
  facet normal 0 0 -1
    outer loop
      vertex 220.202 25.4877 95.01
      vertex 239.798 25.4877 95.01
      vertex 239.75 25 95.01
    endloop
  endfacet
  facet normal 0 0 -1
    outer loop
      vertex 220.202 25.4877 95.01
      vertex 239.75 25 95.01
      vertex 220.25 25 95.01
    endloop
  endfacet
  facet normal 0 0 -1
    outer loop
      vertex 239.798 25.4877 95.01
      vertex 220.202 25.4877 95.01
      vertex 220.06 25.9567 95.01
    endloop
  endfacet
  facet normal 0 0 -1
    outer loop
      vertex 239.94 25.9567 95.01
      vertex 220.06 25.9567 95.01
      vertex 219.829 26.3889 95.01
    endloop
  endfacet
  facet normal 0 0 -1
    outer loop
      vertex 240.171 26.3889 95.01
      vertex 219.829 26.3889 95.01
      vertex 219.518 26.7678 95.01
    endloop
  endfacet
  facet normal 0 0 -1
    outer loop
      vertex 240.482 26.7678 95.01
      vertex 219.518 26.7678 95.01
      vertex 219.139 27.0787 95.01
    endloop
  endfacet
  facet normal 0 0 -1
    outer loop
      vertex 240.861 27.0787 95.01
      vertex 219.139 27.0787 95.01
      vertex 219 27.1529 95.01
    endloop
  endfacet
  facet normal 0 0 -1
    outer loop
      vertex 241 27.1529 95.01
      vertex 219 27.1529 95.01
      vertex 241 101.797 95.01
    endloop
  endfacet
  facet normal -0 0 -1
    outer loop
      vertex 241 101.797 95.01
      vertex 219 27.1529 95.01
      vertex 219 101.797 95.01
    endloop
  endfacet
  facet normal -0.336336 -0.941742 0
    outer loop
      vertex 287.903 194.569 5
      vertex 288.827 194.239 95.01
      vertex 287.903 194.569 95.01
    endloop
  endfacet
  facet normal -0.336336 -0.941742 -0
    outer loop
      vertex 288.827 194.239 95.01
      vertex 287.903 194.569 5
      vertex 288.827 194.239 5
    endloop
  endfacet
  facet normal 0.941548 0.336879 0
    outer loop
      vertex 5.7612 11.1732 95.01
      vertex 5.4306 12.0972 5
      vertex 5.4306 12.0972 95.01
    endloop
  endfacet
  facet normal 0.941548 0.336879 0
    outer loop
      vertex 5.4306 12.0972 5
      vertex 5.7612 11.1732 95.01
      vertex 5.7612 11.1732 5
    endloop
  endfacet
  facet normal 0.671536 -0.740972 0
    outer loop
      vertex 7.92893 192.071 5
      vertex 8.65607 192.73 95.01
      vertex 7.92893 192.071 95.01
    endloop
  endfacet
  facet normal 0.671536 -0.740972 0
    outer loop
      vertex 8.65607 192.73 95.01
      vertex 7.92893 192.071 5
      vertex 8.65607 192.73 5
    endloop
  endfacet
  facet normal -0.941742 0.336336 0
    outer loop
      vertex 294.239 11.1732 5
      vertex 294.569 12.0972 95.01
      vertex 294.569 12.0972 5
    endloop
  endfacet
  facet normal -0.941742 0.336336 0
    outer loop
      vertex 294.569 12.0972 95.01
      vertex 294.239 11.1732 5
      vertex 294.239 11.1732 95.01
    endloop
  endfacet
  facet normal 0.970035 -0.242967 0
    outer loop
      vertex 5.19215 186.951 95.01
      vertex 5.4306 187.903 5
      vertex 5.4306 187.903 95.01
    endloop
  endfacet
  facet normal 0.970035 -0.242967 0
    outer loop
      vertex 5.4306 187.903 5
      vertex 5.19215 186.951 95.01
      vertex 5.19215 186.951 5
    endloop
  endfacet
  facet normal -0.989175 0.146741 0
    outer loop
      vertex 294.808 13.0491 5
      vertex 294.952 14.0198 95.01
      vertex 294.952 14.0198 5
    endloop
  endfacet
  facet normal -0.989175 0.146741 0
    outer loop
      vertex 294.952 14.0198 95.01
      vertex 294.808 13.0491 5
      vertex 294.808 13.0491 95.01
    endloop
  endfacet
  facet normal 0.740887 -0.671629 0
    outer loop
      vertex 7.26989 191.344 95.01
      vertex 7.92893 192.071 5
      vertex 7.92893 192.071 95.01
    endloop
  endfacet
  facet normal 0.740887 -0.671629 0
    outer loop
      vertex 7.92893 192.071 5
      vertex 7.26989 191.344 95.01
      vertex 7.26989 191.344 5
    endloop
  endfacet
  facet normal 0.970028 0.242991 0
    outer loop
      vertex 5.4306 12.0972 95.01
      vertex 5.19215 13.0491 5
      vertex 5.19215 13.0491 95.01
    endloop
  endfacet
  facet normal 0.970028 0.242991 0
    outer loop
      vertex 5.19215 13.0491 5
      vertex 5.4306 12.0972 95.01
      vertex 5.4306 12.0972 5
    endloop
  endfacet
  facet normal -0.802925 -0.59608 0
    outer loop
      vertex 293.315 190.556 5
      vertex 292.73 191.344 95.01
      vertex 292.73 191.344 5
    endloop
  endfacet
  facet normal -0.802925 -0.59608 0
    outer loop
      vertex 292.73 191.344 95.01
      vertex 293.315 190.556 5
      vertex 293.315 190.556 95.01
    endloop
  endfacet
  facet normal 0.595699 0.803208 -0
    outer loop
      vertex 9.4443 6.6853 5
      vertex 8.65607 7.26989 95.01
      vertex 9.4443 6.6853 95.01
    endloop
  endfacet
  facet normal 0.595699 0.803208 0
    outer loop
      vertex 8.65607 7.26989 95.01
      vertex 9.4443 6.6853 5
      vertex 8.65607 7.26989 5
    endloop
  endfacet
  facet normal 0.803125 -0.595811 0
    outer loop
      vertex 6.6853 190.556 95.01
      vertex 7.26989 191.344 5
      vertex 7.26989 191.344 95.01
    endloop
  endfacet
  facet normal 0.803125 -0.595811 0
    outer loop
      vertex 7.26989 191.344 5
      vertex 6.6853 190.556 95.01
      vertex 6.6853 190.556 5
    endloop
  endfacet
  facet normal -0.9038 -0.427955 0
    outer loop
      vertex 294.239 188.827 5
      vertex 293.819 189.714 95.01
      vertex 293.819 189.714 5
    endloop
  endfacet
  facet normal -0.9038 -0.427955 0
    outer loop
      vertex 293.819 189.714 95.01
      vertex 294.239 188.827 5
      vertex 294.239 188.827 95.01
    endloop
  endfacet
  facet normal 0.242991 0.970028 -0
    outer loop
      vertex 13.0491 5.19215 5
      vertex 12.0972 5.4306 95.01
      vertex 13.0491 5.19215 95.01
    endloop
  endfacet
  facet normal 0.242991 0.970028 0
    outer loop
      vertex 12.0972 5.4306 95.01
      vertex 13.0491 5.19215 5
      vertex 12.0972 5.4306 5
    endloop
  endfacet
  facet normal -0.941742 -0.336336 0
    outer loop
      vertex 294.569 187.903 5
      vertex 294.239 188.827 95.01
      vertex 294.239 188.827 5
    endloop
  endfacet
  facet normal -0.941742 -0.336336 0
    outer loop
      vertex 294.239 188.827 95.01
      vertex 294.569 187.903 5
      vertex 294.569 187.903 95.01
    endloop
  endfacet
  facet normal -0.671607 -0.740908 0
    outer loop
      vertex 291.344 192.73 5
      vertex 292.071 192.071 95.01
      vertex 291.344 192.73 95.01
    endloop
  endfacet
  facet normal -0.671607 -0.740908 -0
    outer loop
      vertex 292.071 192.071 95.01
      vertex 291.344 192.73 5
      vertex 292.071 192.071 5
    endloop
  endfacet
  facet normal -0.59608 -0.802925 0
    outer loop
      vertex 290.556 193.315 5
      vertex 291.344 192.73 95.01
      vertex 290.556 193.315 95.01
    endloop
  endfacet
  facet normal -0.59608 -0.802925 -0
    outer loop
      vertex 291.344 192.73 95.01
      vertex 290.556 193.315 5
      vertex 291.344 192.73 5
    endloop
  endfacet
  facet normal 0.989182 -0.146696 0
    outer loop
      vertex 5.04815 185.98 95.01
      vertex 5.19215 186.951 5
      vertex 5.19215 186.951 95.01
    endloop
  endfacet
  facet normal 0.989182 -0.146696 0
    outer loop
      vertex 5.19215 186.951 5
      vertex 5.04815 185.98 95.01
      vertex 5.04815 185.98 5
    endloop
  endfacet
  facet normal 0.989175 0.146741 0
    outer loop
      vertex 5.19215 13.0491 95.01
      vertex 5.04815 14.0198 5
      vertex 5.04815 14.0198 95.01
    endloop
  endfacet
  facet normal 0.989175 0.146741 0
    outer loop
      vertex 5.04815 14.0198 5
      vertex 5.19215 13.0491 95.01
      vertex 5.19215 13.0491 5
    endloop
  endfacet
  facet normal 0.998795 -0.0490735 0
    outer loop
      vertex 5 185 95.01
      vertex 5.04815 185.98 5
      vertex 5.04815 185.98 95.01
    endloop
  endfacet
  facet normal 0.998795 -0.0490735 0
    outer loop
      vertex 5.04815 185.98 5
      vertex 5 185 95.01
      vertex 5 185 5
    endloop
  endfacet
  facet normal 0.740952 0.671558 0
    outer loop
      vertex 7.92893 7.92893 95.01
      vertex 7.26989 8.65607 5
      vertex 7.26989 8.65607 95.01
    endloop
  endfacet
  facet normal 0.740952 0.671558 0
    outer loop
      vertex 7.26989 8.65607 5
      vertex 7.92893 7.92893 95.01
      vertex 7.92893 7.92893 5
    endloop
  endfacet
  facet normal -0.740908 -0.671607 0
    outer loop
      vertex 292.73 191.344 5
      vertex 292.071 192.071 95.01
      vertex 292.071 192.071 5
    endloop
  endfacet
  facet normal -0.740908 -0.671607 0
    outer loop
      vertex 292.071 192.071 95.01
      vertex 292.73 191.344 5
      vertex 292.73 191.344 95.01
    endloop
  endfacet
  facet normal -0.969902 -0.243494 0
    outer loop
      vertex 294.808 186.951 5
      vertex 294.569 187.903 95.01
      vertex 294.569 187.903 5
    endloop
  endfacet
  facet normal -0.969902 -0.243494 0
    outer loop
      vertex 294.569 187.903 95.01
      vertex 294.808 186.951 5
      vertex 294.808 186.951 95.01
    endloop
  endfacet
  facet normal -0.858032 -0.513596 0
    outer loop
      vertex 293.819 189.714 5
      vertex 293.315 190.556 95.01
      vertex 293.315 190.556 5
    endloop
  endfacet
  facet normal -0.858032 -0.513596 0
    outer loop
      vertex 293.315 190.556 95.01
      vertex 293.819 189.714 5
      vertex 293.819 189.714 95.01
    endloop
  endfacet
  facet normal 0.998796 0.0490635 0
    outer loop
      vertex 5.04815 14.0198 95.01
      vertex 5 15 5
      vertex 5 15 95.01
    endloop
  endfacet
  facet normal 0.998796 0.0490635 0
    outer loop
      vertex 5 15 5
      vertex 5.04815 14.0198 95.01
      vertex 5.04815 14.0198 5
    endloop
  endfacet
  facet normal 0 0 1
    outer loop
      vertex 285 195 5
      vertex 295 185 5
      vertex 294.952 185.98 5
    endloop
  endfacet
  facet normal 0 0 1
    outer loop
      vertex 295 185 5
      vertex 285 195 5
      vertex 295 15 5
    endloop
  endfacet
  facet normal 0 0 1
    outer loop
      vertex 285 195 5
      vertex 294.952 185.98 5
      vertex 294.808 186.951 5
    endloop
  endfacet
  facet normal 0 0 1
    outer loop
      vertex 285 5 5
      vertex 295 15 5
      vertex 285 195 5
    endloop
  endfacet
  facet normal 0 0 1
    outer loop
      vertex 285 195 5
      vertex 294.808 186.951 5
      vertex 294.569 187.903 5
    endloop
  endfacet
  facet normal 0 0 1
    outer loop
      vertex 295 15 5
      vertex 285 5 5
      vertex 294.952 14.0198 5
    endloop
  endfacet
  facet normal 0 0 1
    outer loop
      vertex 285 195 5
      vertex 294.569 187.903 5
      vertex 294.239 188.827 5
    endloop
  endfacet
  facet normal 0 0 1
    outer loop
      vertex 294.952 14.0198 5
      vertex 285 5 5
      vertex 294.808 13.0491 5
    endloop
  endfacet
  facet normal 0 0 1
    outer loop
      vertex 285 195 5
      vertex 294.239 188.827 5
      vertex 293.819 189.714 5
    endloop
  endfacet
  facet normal 0 0 1
    outer loop
      vertex 294.808 13.0491 5
      vertex 285 5 5
      vertex 294.569 12.0972 5
    endloop
  endfacet
  facet normal 0 0 1
    outer loop
      vertex 285 195 5
      vertex 293.819 189.714 5
      vertex 293.315 190.556 5
    endloop
  endfacet
  facet normal 0 0 1
    outer loop
      vertex 294.569 12.0972 5
      vertex 285 5 5
      vertex 294.239 11.1732 5
    endloop
  endfacet
  facet normal 0 0 1
    outer loop
      vertex 285 195 5
      vertex 293.315 190.556 5
      vertex 292.73 191.344 5
    endloop
  endfacet
  facet normal 0 0 1
    outer loop
      vertex 294.239 11.1732 5
      vertex 285 5 5
      vertex 293.819 10.286 5
    endloop
  endfacet
  facet normal 0 0 1
    outer loop
      vertex 285 195 5
      vertex 292.73 191.344 5
      vertex 292.071 192.071 5
    endloop
  endfacet
  facet normal 0 0 1
    outer loop
      vertex 293.819 10.286 5
      vertex 285 5 5
      vertex 293.315 9.4443 5
    endloop
  endfacet
  facet normal 0 0 1
    outer loop
      vertex 285 195 5
      vertex 292.071 192.071 5
      vertex 291.344 192.73 5
    endloop
  endfacet
  facet normal 0 0 1
    outer loop
      vertex 293.315 9.4443 5
      vertex 285 5 5
      vertex 292.73 8.65607 5
    endloop
  endfacet
  facet normal 0 0 1
    outer loop
      vertex 285 195 5
      vertex 291.344 192.73 5
      vertex 290.556 193.315 5
    endloop
  endfacet
  facet normal 0 0 1
    outer loop
      vertex 292.73 8.65607 5
      vertex 285 5 5
      vertex 292.071 7.92893 5
    endloop
  endfacet
  facet normal 0 0 1
    outer loop
      vertex 285 195 5
      vertex 290.556 193.315 5
      vertex 289.714 193.819 5
    endloop
  endfacet
  facet normal 0 0 1
    outer loop
      vertex 292.071 7.92893 5
      vertex 285 5 5
      vertex 291.344 7.26989 5
    endloop
  endfacet
  facet normal 0 0 1
    outer loop
      vertex 285 195 5
      vertex 289.714 193.819 5
      vertex 288.827 194.239 5
    endloop
  endfacet
  facet normal 0 0 1
    outer loop
      vertex 291.344 7.26989 5
      vertex 285 5 5
      vertex 290.556 6.6853 5
    endloop
  endfacet
  facet normal 0 0 1
    outer loop
      vertex 285 195 5
      vertex 288.827 194.239 5
      vertex 287.903 194.569 5
    endloop
  endfacet
  facet normal 0 0 1
    outer loop
      vertex 290.556 6.6853 5
      vertex 285 5 5
      vertex 289.714 6.18079 5
    endloop
  endfacet
  facet normal 0 0 1
    outer loop
      vertex 285 195 5
      vertex 287.903 194.569 5
      vertex 286.951 194.808 5
    endloop
  endfacet
  facet normal 0 0 1
    outer loop
      vertex 289.714 6.18079 5
      vertex 285 5 5
      vertex 288.827 5.7612 5
    endloop
  endfacet
  facet normal 0 0 1
    outer loop
      vertex 285 195 5
      vertex 286.951 194.808 5
      vertex 285.98 194.952 5
    endloop
  endfacet
  facet normal 0 0 1
    outer loop
      vertex 288.827 5.7612 5
      vertex 285 5 5
      vertex 287.903 5.4306 5
    endloop
  endfacet
  facet normal 0 0 1
    outer loop
      vertex 287.903 5.4306 5
      vertex 285 5 5
      vertex 286.951 5.19215 5
    endloop
  endfacet
  facet normal 0 0 1
    outer loop
      vertex 286.951 5.19215 5
      vertex 285 5 5
      vertex 285.98 5.04815 5
    endloop
  endfacet
  facet normal -0 0 1
    outer loop
      vertex 15 195 5
      vertex 285 5 5
      vertex 285 195 5
    endloop
  endfacet
  facet normal 0 0 1
    outer loop
      vertex 15 195 5
      vertex 15 5 5
      vertex 285 5 5
    endloop
  endfacet
  facet normal 0 0 1
    outer loop
      vertex 5 185 5
      vertex 15 195 5
      vertex 14.0198 194.952 5
    endloop
  endfacet
  facet normal 0 0 1
    outer loop
      vertex 15 195 5
      vertex 5 185 5
      vertex 15 5 5
    endloop
  endfacet
  facet normal 0 0 1
    outer loop
      vertex 5 185 5
      vertex 14.0198 194.952 5
      vertex 13.0491 194.808 5
    endloop
  endfacet
  facet normal -0 0 1
    outer loop
      vertex 5 15 5
      vertex 15 5 5
      vertex 5 185 5
    endloop
  endfacet
  facet normal 0 0 1
    outer loop
      vertex 5 185 5
      vertex 13.0491 194.808 5
      vertex 12.0972 194.569 5
    endloop
  endfacet
  facet normal 0 0 1
    outer loop
      vertex 15 5 5
      vertex 5 15 5
      vertex 14.0198 5.04815 5
    endloop
  endfacet
  facet normal 0 0 1
    outer loop
      vertex 5 185 5
      vertex 12.0972 194.569 5
      vertex 11.1732 194.239 5
    endloop
  endfacet
  facet normal 0 0 1
    outer loop
      vertex 14.0198 5.04815 5
      vertex 5 15 5
      vertex 13.0491 5.19215 5
    endloop
  endfacet
  facet normal 0 0 1
    outer loop
      vertex 5 185 5
      vertex 11.1732 194.239 5
      vertex 10.286 193.819 5
    endloop
  endfacet
  facet normal 0 0 1
    outer loop
      vertex 13.0491 5.19215 5
      vertex 5 15 5
      vertex 12.0972 5.4306 5
    endloop
  endfacet
  facet normal 0 0 1
    outer loop
      vertex 5 185 5
      vertex 10.286 193.819 5
      vertex 9.4443 193.315 5
    endloop
  endfacet
  facet normal 0 0 1
    outer loop
      vertex 12.0972 5.4306 5
      vertex 5 15 5
      vertex 11.1732 5.7612 5
    endloop
  endfacet
  facet normal 0 0 1
    outer loop
      vertex 5 185 5
      vertex 9.4443 193.315 5
      vertex 8.65607 192.73 5
    endloop
  endfacet
  facet normal 0 0 1
    outer loop
      vertex 11.1732 5.7612 5
      vertex 5 15 5
      vertex 10.286 6.18079 5
    endloop
  endfacet
  facet normal 0 0 1
    outer loop
      vertex 5 185 5
      vertex 8.65607 192.73 5
      vertex 7.92893 192.071 5
    endloop
  endfacet
  facet normal 0 0 1
    outer loop
      vertex 10.286 6.18079 5
      vertex 5 15 5
      vertex 9.4443 6.6853 5
    endloop
  endfacet
  facet normal 0 0 1
    outer loop
      vertex 5 185 5
      vertex 7.92893 192.071 5
      vertex 7.26989 191.344 5
    endloop
  endfacet
  facet normal 0 0 1
    outer loop
      vertex 9.4443 6.6853 5
      vertex 5 15 5
      vertex 8.65607 7.26989 5
    endloop
  endfacet
  facet normal 0 0 1
    outer loop
      vertex 5 185 5
      vertex 7.26989 191.344 5
      vertex 6.6853 190.556 5
    endloop
  endfacet
  facet normal 0 0 1
    outer loop
      vertex 8.65607 7.26989 5
      vertex 5 15 5
      vertex 7.92893 7.92893 5
    endloop
  endfacet
  facet normal 0 0 1
    outer loop
      vertex 5 185 5
      vertex 6.6853 190.556 5
      vertex 6.18079 189.714 5
    endloop
  endfacet
  facet normal 0 0 1
    outer loop
      vertex 7.92893 7.92893 5
      vertex 5 15 5
      vertex 7.26989 8.65607 5
    endloop
  endfacet
  facet normal 0 0 1
    outer loop
      vertex 5 185 5
      vertex 6.18079 189.714 5
      vertex 5.7612 188.827 5
    endloop
  endfacet
  facet normal 0 0 1
    outer loop
      vertex 7.26989 8.65607 5
      vertex 5 15 5
      vertex 6.6853 9.4443 5
    endloop
  endfacet
  facet normal 0 0 1
    outer loop
      vertex 5 185 5
      vertex 5.7612 188.827 5
      vertex 5.4306 187.903 5
    endloop
  endfacet
  facet normal 0 0 1
    outer loop
      vertex 6.6853 9.4443 5
      vertex 5 15 5
      vertex 6.18079 10.286 5
    endloop
  endfacet
  facet normal 0 0 1
    outer loop
      vertex 5 185 5
      vertex 5.4306 187.903 5
      vertex 5.19215 186.951 5
    endloop
  endfacet
  facet normal 0 0 1
    outer loop
      vertex 6.18079 10.286 5
      vertex 5 15 5
      vertex 5.7612 11.1732 5
    endloop
  endfacet
  facet normal 0 0 1
    outer loop
      vertex 5 185 5
      vertex 5.19215 186.951 5
      vertex 5.04815 185.98 5
    endloop
  endfacet
  facet normal 0 0 1
    outer loop
      vertex 5.7612 11.1732 5
      vertex 5 15 5
      vertex 5.4306 12.0972 5
    endloop
  endfacet
  facet normal 0 0 1
    outer loop
      vertex 5.4306 12.0972 5
      vertex 5 15 5
      vertex 5.19215 13.0491 5
    endloop
  endfacet
  facet normal 0 0 1
    outer loop
      vertex 5.19215 13.0491 5
      vertex 5 15 5
      vertex 5.04815 14.0198 5
    endloop
  endfacet
  facet normal 0.903999 0.427535 0
    outer loop
      vertex 6.18079 10.286 95.01
      vertex 5.7612 11.1732 5
      vertex 5.7612 11.1732 95.01
    endloop
  endfacet
  facet normal 0.903999 0.427535 0
    outer loop
      vertex 5.7612 11.1732 5
      vertex 6.18079 10.286 95.01
      vertex 6.18079 10.286 5
    endloop
  endfacet
  facet normal -0.336879 -0.941548 0
    outer loop
      vertex 11.9385 7.60896 -5
      vertex 12.6777 7.34448 0
      vertex 11.9385 7.60896 0
    endloop
  endfacet
  facet normal -0.336879 -0.941548 -0
    outer loop
      vertex 12.6777 7.34448 0
      vertex 11.9385 7.60896 -5
      vertex 12.6777 7.34448 -5
    endloop
  endfacet
  facet normal 0.989176 0.146733 0
    outer loop
      vertex 22.9615 15.7841 0
      vertex 22.8463 16.5607 -5
      vertex 22.8463 16.5607 0
    endloop
  endfacet
  facet normal 0.989176 0.146733 0
    outer loop
      vertex 22.8463 16.5607 -5
      vertex 22.9615 15.7841 0
      vertex 22.9615 15.7841 -5
    endloop
  endfacet
  facet normal 0.998797 0.0490418 0
    outer loop
      vertex 23 15 0
      vertex 22.9615 15.7841 -5
      vertex 22.9615 15.7841 0
    endloop
  endfacet
  facet normal 0.998797 0.0490418 0
    outer loop
      vertex 22.9615 15.7841 -5
      vertex 23 15 0
      vertex 23 15 -5
    endloop
  endfacet
  facet normal 0.970023 0.243015 0
    outer loop
      vertex 22.8463 16.5607 0
      vertex 22.6555 17.3223 -5
      vertex 22.6555 17.3223 0
    endloop
  endfacet
  facet normal 0.970023 0.243015 0
    outer loop
      vertex 22.6555 17.3223 -5
      vertex 22.8463 16.5607 0
      vertex 22.8463 16.5607 -5
    endloop
  endfacet
  facet normal -0.989176 0.146733 0
    outer loop
      vertex 7.03852 15.7841 -5
      vertex 7.15372 16.5607 0
      vertex 7.15372 16.5607 -5
    endloop
  endfacet
  facet normal -0.989176 0.146733 0
    outer loop
      vertex 7.15372 16.5607 0
      vertex 7.03852 15.7841 -5
      vertex 7.03852 15.7841 0
    endloop
  endfacet
  facet normal -0.242967 -0.970035 0
    outer loop
      vertex 12.6777 7.34448 -5
      vertex 13.4393 7.15372 0
      vertex 12.6777 7.34448 0
    endloop
  endfacet
  facet normal -0.242967 -0.970035 -0
    outer loop
      vertex 13.4393 7.15372 0
      vertex 12.6777 7.34448 -5
      vertex 13.4393 7.15372 -5
    endloop
  endfacet
  facet normal 0.336901 0.94154 -0
    outer loop
      vertex 18.0615 22.391 -5
      vertex 17.3223 22.6555 0
      vertex 18.0615 22.391 0
    endloop
  endfacet
  facet normal 0.336901 0.94154 0
    outer loop
      vertex 17.3223 22.6555 0
      vertex 18.0615 22.391 -5
      vertex 17.3223 22.6555 -5
    endloop
  endfacet
  facet normal -0.514084 0.85774 0
    outer loop
      vertex 11.2288 22.0554 -5
      vertex 10.5554 21.6518 0
      vertex 11.2288 22.0554 0
    endloop
  endfacet
  facet normal -0.514084 0.85774 0
    outer loop
      vertex 10.5554 21.6518 0
      vertex 11.2288 22.0554 -5
      vertex 10.5554 21.6518 -5
    endloop
  endfacet
  facet normal -0.903986 -0.427562 0
    outer loop
      vertex 7.94463 11.2288 -5
      vertex 7.60896 11.9385 0
      vertex 7.60896 11.9385 -5
    endloop
  endfacet
  facet normal -0.903986 -0.427562 0
    outer loop
      vertex 7.60896 11.9385 0
      vertex 7.94463 11.2288 -5
      vertex 7.94463 11.2288 0
    endloop
  endfacet
  facet normal -0.243015 0.970023 0
    outer loop
      vertex 13.4393 22.8463 -5
      vertex 12.6777 22.6555 0
      vertex 13.4393 22.8463 0
    endloop
  endfacet
  facet normal -0.243015 0.970023 0
    outer loop
      vertex 12.6777 22.6555 0
      vertex 13.4393 22.8463 -5
      vertex 12.6777 22.6555 -5
    endloop
  endfacet
  facet normal -0.857734 -0.514093 0
    outer loop
      vertex 8.34824 10.5554 -5
      vertex 7.94463 11.2288 0
      vertex 7.94463 11.2288 -5
    endloop
  endfacet
  facet normal -0.857734 -0.514093 0
    outer loop
      vertex 7.94463 11.2288 0
      vertex 8.34824 10.5554 -5
      vertex 8.34824 10.5554 0
    endloop
  endfacet
  facet normal 0.242967 -0.970035 0
    outer loop
      vertex 16.5607 7.15372 -5
      vertex 17.3223 7.34448 0
      vertex 16.5607 7.15372 0
    endloop
  endfacet
  facet normal 0.242967 -0.970035 0
    outer loop
      vertex 17.3223 7.34448 0
      vertex 16.5607 7.15372 -5
      vertex 17.3223 7.34448 -5
    endloop
  endfacet
  facet normal -0.595726 -0.803188 0
    outer loop
      vertex 9.92485 8.81592 -5
      vertex 10.5554 8.34824 0
      vertex 9.92485 8.81592 0
    endloop
  endfacet
  facet normal -0.595726 -0.803188 -0
    outer loop
      vertex 10.5554 8.34824 0
      vertex 9.92485 8.81592 -5
      vertex 10.5554 8.34824 -5
    endloop
  endfacet
  facet normal 0.514093 -0.857734 0
    outer loop
      vertex 18.7712 7.94463 -5
      vertex 19.4446 8.34824 0
      vertex 18.7712 7.94463 0
    endloop
  endfacet
  facet normal 0.514093 -0.857734 0
    outer loop
      vertex 19.4446 8.34824 0
      vertex 18.7712 7.94463 -5
      vertex 19.4446 8.34824 -5
    endloop
  endfacet
  facet normal 0.803176 -0.595742 0
    outer loop
      vertex 21.1841 9.92485 0
      vertex 21.6518 10.5554 -5
      vertex 21.6518 10.5554 0
    endloop
  endfacet
  facet normal 0.803176 -0.595742 0
    outer loop
      vertex 21.6518 10.5554 -5
      vertex 21.1841 9.92485 0
      vertex 21.1841 9.92485 -5
    endloop
  endfacet
  facet normal 0.146733 0.989176 -0
    outer loop
      vertex 16.5607 22.8463 -5
      vertex 15.7841 22.9615 0
      vertex 16.5607 22.8463 0
    endloop
  endfacet
  facet normal 0.146733 0.989176 0
    outer loop
      vertex 15.7841 22.9615 0
      vertex 16.5607 22.8463 -5
      vertex 15.7841 22.9615 -5
    endloop
  endfacet
  facet normal -0.595742 0.803176 0
    outer loop
      vertex 10.5554 21.6518 -5
      vertex 9.92485 21.1841 0
      vertex 10.5554 21.6518 0
    endloop
  endfacet
  facet normal -0.595742 0.803176 0
    outer loop
      vertex 9.92485 21.1841 0
      vertex 10.5554 21.6518 -5
      vertex 9.92485 21.1841 -5
    endloop
  endfacet
  facet normal 0.427562 -0.903986 0
    outer loop
      vertex 18.0615 7.60896 -5
      vertex 18.7712 7.94463 0
      vertex 18.0615 7.60896 0
    endloop
  endfacet
  facet normal 0.427562 -0.903986 0
    outer loop
      vertex 18.7712 7.94463 0
      vertex 18.0615 7.60896 -5
      vertex 18.7712 7.94463 -5
    endloop
  endfacet
  facet normal -0.803165 0.595756 0
    outer loop
      vertex 8.34824 19.4446 -5
      vertex 8.81592 20.0751 0
      vertex 8.81592 20.0751 -5
    endloop
  endfacet
  facet normal -0.803165 0.595756 0
    outer loop
      vertex 8.81592 20.0751 0
      vertex 8.34824 19.4446 -5
      vertex 8.34824 19.4446 0
    endloop
  endfacet
  facet normal 0.989176 -0.146733 0
    outer loop
      vertex 22.8463 13.4393 0
      vertex 22.9615 14.2159 -5
      vertex 22.9615 14.2159 0
    endloop
  endfacet
  facet normal 0.989176 -0.146733 0
    outer loop
      vertex 22.9615 14.2159 -5
      vertex 22.8463 13.4393 0
      vertex 22.8463 13.4393 -5
    endloop
  endfacet
  facet normal -0.941548 0.336879 0
    outer loop
      vertex 7.34448 17.3223 -5
      vertex 7.60896 18.0615 0
      vertex 7.60896 18.0615 -5
    endloop
  endfacet
  facet normal -0.941548 0.336879 0
    outer loop
      vertex 7.60896 18.0615 0
      vertex 7.34448 17.3223 -5
      vertex 7.34448 17.3223 0
    endloop
  endfacet
  facet normal 0.427489 0.90402 -0
    outer loop
      vertex 18.7712 22.0554 -5
      vertex 18.0615 22.391 0
      vertex 18.7712 22.0554 0
    endloop
  endfacet
  facet normal 0.427489 0.90402 0
    outer loop
      vertex 18.0615 22.391 0
      vertex 18.7712 22.0554 -5
      vertex 18.0615 22.391 -5
    endloop
  endfacet
  facet normal -0.941548 -0.336879 0
    outer loop
      vertex 7.60896 11.9385 -5
      vertex 7.34448 12.6777 0
      vertex 7.34448 12.6777 -5
    endloop
  endfacet
  facet normal -0.941548 -0.336879 0
    outer loop
      vertex 7.34448 12.6777 0
      vertex 7.60896 11.9385 -5
      vertex 7.60896 11.9385 0
    endloop
  endfacet
  facet normal 0.970023 -0.243015 0
    outer loop
      vertex 22.6555 12.6777 0
      vertex 22.8463 13.4393 -5
      vertex 22.8463 13.4393 0
    endloop
  endfacet
  facet normal 0.970023 -0.243015 0
    outer loop
      vertex 22.8463 13.4393 -5
      vertex 22.6555 12.6777 0
      vertex 22.6555 12.6777 -5
    endloop
  endfacet
  facet normal -0.0490418 0.998797 0
    outer loop
      vertex 15 23 -5
      vertex 14.2159 22.9615 0
      vertex 15 23 0
    endloop
  endfacet
  facet normal -0.0490418 0.998797 0
    outer loop
      vertex 14.2159 22.9615 0
      vertex 15 23 -5
      vertex 14.2159 22.9615 -5
    endloop
  endfacet
  facet normal 0.67148 0.741023 -0
    outer loop
      vertex 20.6569 20.6569 -5
      vertex 20.0751 21.1841 0
      vertex 20.6569 20.6569 0
    endloop
  endfacet
  facet normal 0.67148 0.741023 0
    outer loop
      vertex 20.0751 21.1841 0
      vertex 20.6569 20.6569 -5
      vertex 20.0751 21.1841 -5
    endloop
  endfacet
  facet normal -0.427489 0.90402 0
    outer loop
      vertex 11.9385 22.391 -5
      vertex 11.2288 22.0554 0
      vertex 11.9385 22.391 0
    endloop
  endfacet
  facet normal -0.427489 0.90402 0
    outer loop
      vertex 11.2288 22.0554 0
      vertex 11.9385 22.391 -5
      vertex 11.2288 22.0554 -5
    endloop
  endfacet
  facet normal -0.671543 0.740965 0
    outer loop
      vertex 9.92485 21.1841 -5
      vertex 9.34315 20.6569 0
      vertex 9.92485 21.1841 0
    endloop
  endfacet
  facet normal -0.671543 0.740965 0
    outer loop
      vertex 9.34315 20.6569 0
      vertex 9.92485 21.1841 -5
      vertex 9.34315 20.6569 -5
    endloop
  endfacet
  facet normal 0.336879 -0.941548 0
    outer loop
      vertex 17.3223 7.34448 -5
      vertex 18.0615 7.60896 0
      vertex 17.3223 7.34448 0
    endloop
  endfacet
  facet normal 0.336879 -0.941548 0
    outer loop
      vertex 18.0615 7.60896 0
      vertex 17.3223 7.34448 -5
      vertex 18.0615 7.60896 -5
    endloop
  endfacet
  facet normal -0.336901 0.94154 0
    outer loop
      vertex 12.6777 22.6555 -5
      vertex 11.9385 22.391 0
      vertex 12.6777 22.6555 0
    endloop
  endfacet
  facet normal -0.336901 0.94154 0
    outer loop
      vertex 11.9385 22.391 0
      vertex 12.6777 22.6555 -5
      vertex 11.9385 22.391 -5
    endloop
  endfacet
  facet normal 0.803153 0.595773 0
    outer loop
      vertex 21.6518 19.4446 0
      vertex 21.1841 20.0751 -5
      vertex 21.1841 20.0751 0
    endloop
  endfacet
  facet normal 0.803153 0.595773 0
    outer loop
      vertex 21.1841 20.0751 -5
      vertex 21.6518 19.4446 0
      vertex 21.6518 19.4446 -5
    endloop
  endfacet
  facet normal -0.857734 0.514093 0
    outer loop
      vertex 7.94463 18.7712 -5
      vertex 8.34824 19.4446 0
      vertex 8.34824 19.4446 -5
    endloop
  endfacet
  facet normal -0.857734 0.514093 0
    outer loop
      vertex 8.34824 19.4446 0
      vertex 7.94463 18.7712 -5
      vertex 7.94463 18.7712 0
    endloop
  endfacet
  facet normal 0.998797 -0.0490418 0
    outer loop
      vertex 22.9615 14.2159 0
      vertex 23 15 -5
      vertex 23 15 0
    endloop
  endfacet
  facet normal 0.998797 -0.0490418 0
    outer loop
      vertex 23 15 -5
      vertex 22.9615 14.2159 0
      vertex 22.9615 14.2159 -5
    endloop
  endfacet
  facet normal 0.90402 -0.427489 0
    outer loop
      vertex 22.0554 11.2288 0
      vertex 22.391 11.9385 -5
      vertex 22.391 11.9385 0
    endloop
  endfacet
  facet normal 0.90402 -0.427489 0
    outer loop
      vertex 22.391 11.9385 -5
      vertex 22.0554 11.2288 0
      vertex 22.0554 11.2288 -5
    endloop
  endfacet
  facet normal 0.85774 0.514084 0
    outer loop
      vertex 22.0554 18.7712 0
      vertex 21.6518 19.4446 -5
      vertex 21.6518 19.4446 0
    endloop
  endfacet
  facet normal 0.85774 0.514084 0
    outer loop
      vertex 21.6518 19.4446 -5
      vertex 22.0554 18.7712 0
      vertex 22.0554 18.7712 -5
    endloop
  endfacet
  facet normal -0.671564 -0.740946 0
    outer loop
      vertex 9.34315 9.34315 -5
      vertex 9.92485 8.81592 0
      vertex 9.34315 9.34315 0
    endloop
  endfacet
  facet normal -0.671564 -0.740946 -0
    outer loop
      vertex 9.92485 8.81592 0
      vertex 9.34315 9.34315 -5
      vertex 9.92485 8.81592 -5
    endloop
  endfacet
  facet normal 0.595773 0.803153 -0
    outer loop
      vertex 20.0751 21.1841 -5
      vertex 19.4446 21.6518 0
      vertex 20.0751 21.1841 0
    endloop
  endfacet
  facet normal 0.595773 0.803153 0
    outer loop
      vertex 19.4446 21.6518 0
      vertex 20.0751 21.1841 -5
      vertex 19.4446 21.6518 -5
    endloop
  endfacet
  facet normal -0.514093 -0.857734 0
    outer loop
      vertex 10.5554 8.34824 -5
      vertex 11.2288 7.94463 0
      vertex 10.5554 8.34824 0
    endloop
  endfacet
  facet normal -0.514093 -0.857734 -0
    outer loop
      vertex 11.2288 7.94463 0
      vertex 10.5554 8.34824 -5
      vertex 11.2288 7.94463 -5
    endloop
  endfacet
  facet normal 0.514084 0.85774 -0
    outer loop
      vertex 19.4446 21.6518 -5
      vertex 18.7712 22.0554 0
      vertex 19.4446 21.6518 0
    endloop
  endfacet
  facet normal 0.514084 0.85774 0
    outer loop
      vertex 18.7712 22.0554 0
      vertex 19.4446 21.6518 -5
      vertex 18.7712 22.0554 -5
    endloop
  endfacet
  facet normal 0.146733 -0.989176 0
    outer loop
      vertex 15.7841 7.03852 -5
      vertex 16.5607 7.15372 0
      vertex 15.7841 7.03852 0
    endloop
  endfacet
  facet normal 0.146733 -0.989176 0
    outer loop
      vertex 16.5607 7.15372 0
      vertex 15.7841 7.03852 -5
      vertex 16.5607 7.15372 -5
    endloop
  endfacet
  facet normal 0.94154 0.336901 0
    outer loop
      vertex 22.6555 17.3223 0
      vertex 22.391 18.0615 -5
      vertex 22.391 18.0615 0
    endloop
  endfacet
  facet normal 0.94154 0.336901 0
    outer loop
      vertex 22.391 18.0615 -5
      vertex 22.6555 17.3223 0
      vertex 22.6555 17.3223 -5
    endloop
  endfacet
  facet normal 0.85774 -0.514084 0
    outer loop
      vertex 21.6518 10.5554 0
      vertex 22.0554 11.2288 -5
      vertex 22.0554 11.2288 0
    endloop
  endfacet
  facet normal 0.85774 -0.514084 0
    outer loop
      vertex 22.0554 11.2288 -5
      vertex 21.6518 10.5554 0
      vertex 21.6518 10.5554 -5
    endloop
  endfacet
  facet normal -0.998795 -0.0490672 0
    outer loop
      vertex 7.03852 14.2159 -5
      vertex 7 15 0
      vertex 7 15 -5
    endloop
  endfacet
  facet normal -0.998795 -0.0490672 0
    outer loop
      vertex 7 15 0
      vertex 7.03852 14.2159 -5
      vertex 7.03852 14.2159 0
    endloop
  endfacet
  facet normal 0.94154 -0.336901 0
    outer loop
      vertex 22.391 11.9385 0
      vertex 22.6555 12.6777 -5
      vertex 22.6555 12.6777 0
    endloop
  endfacet
  facet normal 0.94154 -0.336901 0
    outer loop
      vertex 22.6555 12.6777 -5
      vertex 22.391 11.9385 0
      vertex 22.391 11.9385 -5
    endloop
  endfacet
  facet normal 0.741023 0.67148 0
    outer loop
      vertex 21.1841 20.0751 0
      vertex 20.6569 20.6569 -5
      vertex 20.6569 20.6569 0
    endloop
  endfacet
  facet normal 0.741023 0.67148 0
    outer loop
      vertex 20.6569 20.6569 -5
      vertex 21.1841 20.0751 0
      vertex 21.1841 20.0751 -5
    endloop
  endfacet
  facet normal 0.0490418 0.998797 -0
    outer loop
      vertex 15.7841 22.9615 -5
      vertex 15 23 0
      vertex 15.7841 22.9615 0
    endloop
  endfacet
  facet normal 0.0490418 0.998797 0
    outer loop
      vertex 15 23 0
      vertex 15.7841 22.9615 -5
      vertex 15 23 -5
    endloop
  endfacet
  facet normal 0.90402 0.427489 0
    outer loop
      vertex 22.391 18.0615 0
      vertex 22.0554 18.7712 -5
      vertex 22.0554 18.7712 0
    endloop
  endfacet
  facet normal 0.90402 0.427489 0
    outer loop
      vertex 22.0554 18.7712 -5
      vertex 22.391 18.0615 0
      vertex 22.391 18.0615 -5
    endloop
  endfacet
  facet normal -0.146733 -0.989176 0
    outer loop
      vertex 13.4393 7.15372 -5
      vertex 14.2159 7.03852 0
      vertex 13.4393 7.15372 0
    endloop
  endfacet
  facet normal -0.146733 -0.989176 -0
    outer loop
      vertex 14.2159 7.03852 0
      vertex 13.4393 7.15372 -5
      vertex 14.2159 7.03852 -5
    endloop
  endfacet
  facet normal 0.671501 -0.741004 0
    outer loop
      vertex 20.0751 8.81592 -5
      vertex 20.6569 9.34315 0
      vertex 20.0751 8.81592 0
    endloop
  endfacet
  facet normal 0.671501 -0.741004 0
    outer loop
      vertex 20.6569 9.34315 0
      vertex 20.0751 8.81592 -5
      vertex 20.6569 9.34315 -5
    endloop
  endfacet
  facet normal -0.0490672 -0.998795 0
    outer loop
      vertex 14.2159 7.03852 -5
      vertex 15 7 0
      vertex 14.2159 7.03852 0
    endloop
  endfacet
  facet normal -0.0490672 -0.998795 -0
    outer loop
      vertex 15 7 0
      vertex 14.2159 7.03852 -5
      vertex 15 7 -5
    endloop
  endfacet
  facet normal -0.741004 0.671501 0
    outer loop
      vertex 8.81592 20.0751 -5
      vertex 9.34315 20.6569 0
      vertex 9.34315 20.6569 -5
    endloop
  endfacet
  facet normal -0.741004 0.671501 0
    outer loop
      vertex 9.34315 20.6569 0
      vertex 8.81592 20.0751 -5
      vertex 8.81592 20.0751 0
    endloop
  endfacet
  facet normal -0.146733 0.989176 0
    outer loop
      vertex 14.2159 22.9615 -5
      vertex 13.4393 22.8463 0
      vertex 14.2159 22.9615 0
    endloop
  endfacet
  facet normal -0.146733 0.989176 0
    outer loop
      vertex 13.4393 22.8463 0
      vertex 14.2159 22.9615 -5
      vertex 13.4393 22.8463 -5
    endloop
  endfacet
  facet normal -0.903986 0.427562 0
    outer loop
      vertex 7.60896 18.0615 -5
      vertex 7.94463 18.7712 0
      vertex 7.94463 18.7712 -5
    endloop
  endfacet
  facet normal -0.903986 0.427562 0
    outer loop
      vertex 7.94463 18.7712 0
      vertex 7.60896 18.0615 -5
      vertex 7.60896 18.0615 0
    endloop
  endfacet
  facet normal -0.970035 0.242967 0
    outer loop
      vertex 7.15372 16.5607 -5
      vertex 7.34448 17.3223 0
      vertex 7.34448 17.3223 -5
    endloop
  endfacet
  facet normal -0.970035 0.242967 0
    outer loop
      vertex 7.34448 17.3223 0
      vertex 7.15372 16.5607 -5
      vertex 7.15372 16.5607 0
    endloop
  endfacet
  facet normal 0.243015 0.970023 -0
    outer loop
      vertex 17.3223 22.6555 -5
      vertex 16.5607 22.8463 0
      vertex 17.3223 22.6555 0
    endloop
  endfacet
  facet normal 0.243015 0.970023 0
    outer loop
      vertex 16.5607 22.8463 0
      vertex 17.3223 22.6555 -5
      vertex 16.5607 22.8463 -5
    endloop
  endfacet
  facet normal -0.970035 -0.242967 0
    outer loop
      vertex 7.34448 12.6777 -5
      vertex 7.15372 13.4393 0
      vertex 7.15372 13.4393 -5
    endloop
  endfacet
  facet normal -0.970035 -0.242967 0
    outer loop
      vertex 7.15372 13.4393 0
      vertex 7.34448 12.6777 -5
      vertex 7.34448 12.6777 0
    endloop
  endfacet
  facet normal -0.427562 -0.903986 0
    outer loop
      vertex 11.2288 7.94463 -5
      vertex 11.9385 7.60896 0
      vertex 11.2288 7.94463 0
    endloop
  endfacet
  facet normal -0.427562 -0.903986 -0
    outer loop
      vertex 11.9385 7.60896 0
      vertex 11.2288 7.94463 -5
      vertex 11.9385 7.60896 -5
    endloop
  endfacet
  facet normal -0.740946 -0.671564 0
    outer loop
      vertex 9.34315 9.34315 -5
      vertex 8.81592 9.92485 0
      vertex 8.81592 9.92485 -5
    endloop
  endfacet
  facet normal -0.740946 -0.671564 0
    outer loop
      vertex 8.81592 9.92485 0
      vertex 9.34315 9.34315 -5
      vertex 9.34315 9.34315 0
    endloop
  endfacet
  facet normal 0.0490672 -0.998795 0
    outer loop
      vertex 15 7 -5
      vertex 15.7841 7.03852 0
      vertex 15 7 0
    endloop
  endfacet
  facet normal 0.0490672 -0.998795 0
    outer loop
      vertex 15.7841 7.03852 0
      vertex 15 7 -5
      vertex 15.7841 7.03852 -5
    endloop
  endfacet
  facet normal -0.989176 -0.146733 0
    outer loop
      vertex 7.15372 13.4393 -5
      vertex 7.03852 14.2159 0
      vertex 7.03852 14.2159 -5
    endloop
  endfacet
  facet normal -0.989176 -0.146733 0
    outer loop
      vertex 7.03852 14.2159 0
      vertex 7.15372 13.4393 -5
      vertex 7.15372 13.4393 0
    endloop
  endfacet
  facet normal 0.595756 -0.803165 0
    outer loop
      vertex 19.4446 8.34824 -5
      vertex 20.0751 8.81592 0
      vertex 19.4446 8.34824 0
    endloop
  endfacet
  facet normal 0.595756 -0.803165 0
    outer loop
      vertex 20.0751 8.81592 0
      vertex 19.4446 8.34824 -5
      vertex 20.0751 8.81592 -5
    endloop
  endfacet
  facet normal 0 0 -1
    outer loop
      vertex 22.9615 14.2159 -5
      vertex 22.9615 15.7841 -5
      vertex 23 15 -5
    endloop
  endfacet
  facet normal 0 0 -1
    outer loop
      vertex 22.8463 13.4393 -5
      vertex 22.9615 15.7841 -5
      vertex 22.9615 14.2159 -5
    endloop
  endfacet
  facet normal 0 0 -1
    outer loop
      vertex 22.8463 13.4393 -5
      vertex 22.8463 16.5607 -5
      vertex 22.9615 15.7841 -5
    endloop
  endfacet
  facet normal 0 0 -1
    outer loop
      vertex 22.6555 12.6777 -5
      vertex 22.8463 16.5607 -5
      vertex 22.8463 13.4393 -5
    endloop
  endfacet
  facet normal 0 0 -1
    outer loop
      vertex 22.6555 12.6777 -5
      vertex 22.6555 17.3223 -5
      vertex 22.8463 16.5607 -5
    endloop
  endfacet
  facet normal 0 0 -1
    outer loop
      vertex 22.391 11.9385 -5
      vertex 22.6555 17.3223 -5
      vertex 22.6555 12.6777 -5
    endloop
  endfacet
  facet normal 0 0 -1
    outer loop
      vertex 22.391 11.9385 -5
      vertex 22.391 18.0615 -5
      vertex 22.6555 17.3223 -5
    endloop
  endfacet
  facet normal 0 0 -1
    outer loop
      vertex 22.0554 11.2288 -5
      vertex 22.391 18.0615 -5
      vertex 22.391 11.9385 -5
    endloop
  endfacet
  facet normal 0 0 -1
    outer loop
      vertex 22.0554 11.2288 -5
      vertex 22.0554 18.7712 -5
      vertex 22.391 18.0615 -5
    endloop
  endfacet
  facet normal 0 0 -1
    outer loop
      vertex 21.6518 10.5554 -5
      vertex 22.0554 18.7712 -5
      vertex 22.0554 11.2288 -5
    endloop
  endfacet
  facet normal 0 0 -1
    outer loop
      vertex 21.6518 10.5554 -5
      vertex 21.6518 19.4446 -5
      vertex 22.0554 18.7712 -5
    endloop
  endfacet
  facet normal 0 0 -1
    outer loop
      vertex 21.1841 9.92485 -5
      vertex 21.6518 19.4446 -5
      vertex 21.6518 10.5554 -5
    endloop
  endfacet
  facet normal 0 0 -1
    outer loop
      vertex 21.1841 9.92485 -5
      vertex 21.1841 20.0751 -5
      vertex 21.6518 19.4446 -5
    endloop
  endfacet
  facet normal 0 0 -1
    outer loop
      vertex 20.6569 9.34315 -5
      vertex 21.1841 20.0751 -5
      vertex 21.1841 9.92485 -5
    endloop
  endfacet
  facet normal 0 0 -1
    outer loop
      vertex 20.6569 9.34315 -5
      vertex 20.6569 20.6569 -5
      vertex 21.1841 20.0751 -5
    endloop
  endfacet
  facet normal 0 0 -1
    outer loop
      vertex 20.0751 8.81592 -5
      vertex 20.6569 20.6569 -5
      vertex 20.6569 9.34315 -5
    endloop
  endfacet
  facet normal 0 0 -1
    outer loop
      vertex 20.0751 8.81592 -5
      vertex 20.0751 21.1841 -5
      vertex 20.6569 20.6569 -5
    endloop
  endfacet
  facet normal 0 0 -1
    outer loop
      vertex 19.4446 8.34824 -5
      vertex 20.0751 21.1841 -5
      vertex 20.0751 8.81592 -5
    endloop
  endfacet
  facet normal 0 0 -1
    outer loop
      vertex 19.4446 8.34824 -5
      vertex 19.4446 21.6518 -5
      vertex 20.0751 21.1841 -5
    endloop
  endfacet
  facet normal 0 0 -1
    outer loop
      vertex 18.7712 7.94463 -5
      vertex 19.4446 21.6518 -5
      vertex 19.4446 8.34824 -5
    endloop
  endfacet
  facet normal 0 0 -1
    outer loop
      vertex 18.7712 7.94463 -5
      vertex 18.7712 22.0554 -5
      vertex 19.4446 21.6518 -5
    endloop
  endfacet
  facet normal 0 0 -1
    outer loop
      vertex 18.0615 7.60896 -5
      vertex 18.7712 22.0554 -5
      vertex 18.7712 7.94463 -5
    endloop
  endfacet
  facet normal 0 0 -1
    outer loop
      vertex 18.0615 7.60896 -5
      vertex 18.0615 22.391 -5
      vertex 18.7712 22.0554 -5
    endloop
  endfacet
  facet normal 0 0 -1
    outer loop
      vertex 17.3223 7.34448 -5
      vertex 18.0615 22.391 -5
      vertex 18.0615 7.60896 -5
    endloop
  endfacet
  facet normal 0 0 -1
    outer loop
      vertex 17.3223 7.34448 -5
      vertex 17.3223 22.6555 -5
      vertex 18.0615 22.391 -5
    endloop
  endfacet
  facet normal 0 0 -1
    outer loop
      vertex 16.5607 7.15372 -5
      vertex 17.3223 22.6555 -5
      vertex 17.3223 7.34448 -5
    endloop
  endfacet
  facet normal 0 0 -1
    outer loop
      vertex 16.5607 7.15372 -5
      vertex 16.5607 22.8463 -5
      vertex 17.3223 22.6555 -5
    endloop
  endfacet
  facet normal 0 0 -1
    outer loop
      vertex 15.7841 7.03852 -5
      vertex 16.5607 22.8463 -5
      vertex 16.5607 7.15372 -5
    endloop
  endfacet
  facet normal 0 0 -1
    outer loop
      vertex 15.7841 7.03852 -5
      vertex 15.7841 22.9615 -5
      vertex 16.5607 22.8463 -5
    endloop
  endfacet
  facet normal 0 0 -1
    outer loop
      vertex 15 7 -5
      vertex 15.7841 22.9615 -5
      vertex 15.7841 7.03852 -5
    endloop
  endfacet
  facet normal 0 0 -1
    outer loop
      vertex 15 7 -5
      vertex 15 23 -5
      vertex 15.7841 22.9615 -5
    endloop
  endfacet
  facet normal 0 0 -1
    outer loop
      vertex 14.2159 7.03852 -5
      vertex 15 23 -5
      vertex 15 7 -5
    endloop
  endfacet
  facet normal 0 0 -1
    outer loop
      vertex 14.2159 7.03852 -5
      vertex 14.2159 22.9615 -5
      vertex 15 23 -5
    endloop
  endfacet
  facet normal 0 0 -1
    outer loop
      vertex 13.4393 7.15372 -5
      vertex 14.2159 22.9615 -5
      vertex 14.2159 7.03852 -5
    endloop
  endfacet
  facet normal 0 0 -1
    outer loop
      vertex 13.4393 7.15372 -5
      vertex 13.4393 22.8463 -5
      vertex 14.2159 22.9615 -5
    endloop
  endfacet
  facet normal 0 0 -1
    outer loop
      vertex 12.6777 7.34448 -5
      vertex 13.4393 22.8463 -5
      vertex 13.4393 7.15372 -5
    endloop
  endfacet
  facet normal 0 0 -1
    outer loop
      vertex 12.6777 7.34448 -5
      vertex 12.6777 22.6555 -5
      vertex 13.4393 22.8463 -5
    endloop
  endfacet
  facet normal 0 0 -1
    outer loop
      vertex 11.9385 7.60896 -5
      vertex 12.6777 22.6555 -5
      vertex 12.6777 7.34448 -5
    endloop
  endfacet
  facet normal 0 0 -1
    outer loop
      vertex 11.9385 7.60896 -5
      vertex 11.9385 22.391 -5
      vertex 12.6777 22.6555 -5
    endloop
  endfacet
  facet normal 0 0 -1
    outer loop
      vertex 11.2288 7.94463 -5
      vertex 11.9385 22.391 -5
      vertex 11.9385 7.60896 -5
    endloop
  endfacet
  facet normal 0 0 -1
    outer loop
      vertex 11.2288 7.94463 -5
      vertex 11.2288 22.0554 -5
      vertex 11.9385 22.391 -5
    endloop
  endfacet
  facet normal 0 0 -1
    outer loop
      vertex 10.5554 8.34824 -5
      vertex 11.2288 22.0554 -5
      vertex 11.2288 7.94463 -5
    endloop
  endfacet
  facet normal 0 0 -1
    outer loop
      vertex 10.5554 8.34824 -5
      vertex 10.5554 21.6518 -5
      vertex 11.2288 22.0554 -5
    endloop
  endfacet
  facet normal 0 0 -1
    outer loop
      vertex 9.92485 8.81592 -5
      vertex 10.5554 21.6518 -5
      vertex 10.5554 8.34824 -5
    endloop
  endfacet
  facet normal 0 0 -1
    outer loop
      vertex 9.92485 8.81592 -5
      vertex 9.92485 21.1841 -5
      vertex 10.5554 21.6518 -5
    endloop
  endfacet
  facet normal 0 0 -1
    outer loop
      vertex 9.34315 9.34315 -5
      vertex 9.92485 21.1841 -5
      vertex 9.92485 8.81592 -5
    endloop
  endfacet
  facet normal 0 0 -1
    outer loop
      vertex 9.34315 9.34315 -5
      vertex 9.34315 20.6569 -5
      vertex 9.92485 21.1841 -5
    endloop
  endfacet
  facet normal 0 0 -1
    outer loop
      vertex 8.81592 9.92485 -5
      vertex 9.34315 20.6569 -5
      vertex 9.34315 9.34315 -5
    endloop
  endfacet
  facet normal 0 0 -1
    outer loop
      vertex 8.81592 9.92485 -5
      vertex 8.81592 20.0751 -5
      vertex 9.34315 20.6569 -5
    endloop
  endfacet
  facet normal 0 0 -1
    outer loop
      vertex 8.34824 10.5554 -5
      vertex 8.81592 20.0751 -5
      vertex 8.81592 9.92485 -5
    endloop
  endfacet
  facet normal 0 0 -1
    outer loop
      vertex 8.34824 10.5554 -5
      vertex 8.34824 19.4446 -5
      vertex 8.81592 20.0751 -5
    endloop
  endfacet
  facet normal 0 0 -1
    outer loop
      vertex 7.94463 11.2288 -5
      vertex 8.34824 19.4446 -5
      vertex 8.34824 10.5554 -5
    endloop
  endfacet
  facet normal 0 0 -1
    outer loop
      vertex 7.94463 11.2288 -5
      vertex 7.94463 18.7712 -5
      vertex 8.34824 19.4446 -5
    endloop
  endfacet
  facet normal 0 0 -1
    outer loop
      vertex 7.60896 11.9385 -5
      vertex 7.94463 18.7712 -5
      vertex 7.94463 11.2288 -5
    endloop
  endfacet
  facet normal 0 0 -1
    outer loop
      vertex 7.60896 11.9385 -5
      vertex 7.60896 18.0615 -5
      vertex 7.94463 18.7712 -5
    endloop
  endfacet
  facet normal 0 0 -1
    outer loop
      vertex 7.34448 12.6777 -5
      vertex 7.60896 18.0615 -5
      vertex 7.60896 11.9385 -5
    endloop
  endfacet
  facet normal 0 0 -1
    outer loop
      vertex 7.34448 12.6777 -5
      vertex 7.34448 17.3223 -5
      vertex 7.60896 18.0615 -5
    endloop
  endfacet
  facet normal 0 0 -1
    outer loop
      vertex 7.15372 13.4393 -5
      vertex 7.34448 17.3223 -5
      vertex 7.34448 12.6777 -5
    endloop
  endfacet
  facet normal 0 0 -1
    outer loop
      vertex 7.15372 13.4393 -5
      vertex 7.15372 16.5607 -5
      vertex 7.34448 17.3223 -5
    endloop
  endfacet
  facet normal 0 0 -1
    outer loop
      vertex 7.03852 14.2159 -5
      vertex 7.15372 16.5607 -5
      vertex 7.15372 13.4393 -5
    endloop
  endfacet
  facet normal 0 0 -1
    outer loop
      vertex 7.03852 14.2159 -5
      vertex 7.03852 15.7841 -5
      vertex 7.15372 16.5607 -5
    endloop
  endfacet
  facet normal 0 -0 -1
    outer loop
      vertex 7.03852 15.7841 -5
      vertex 7.03852 14.2159 -5
      vertex 7 15 -5
    endloop
  endfacet
  facet normal -0.803188 -0.595726 0
    outer loop
      vertex 8.81592 9.92485 -5
      vertex 8.34824 10.5554 0
      vertex 8.34824 10.5554 -5
    endloop
  endfacet
  facet normal -0.803188 -0.595726 0
    outer loop
      vertex 8.34824 10.5554 0
      vertex 8.81592 9.92485 -5
      vertex 8.81592 9.92485 0
    endloop
  endfacet
  facet normal -0.998795 0.0490672 0
    outer loop
      vertex 7 15 -5
      vertex 7.03852 15.7841 0
      vertex 7.03852 15.7841 -5
    endloop
  endfacet
  facet normal -0.998795 0.0490672 0
    outer loop
      vertex 7.03852 15.7841 0
      vertex 7 15 -5
      vertex 7 15 0
    endloop
  endfacet
  facet normal 0.740965 -0.671543 0
    outer loop
      vertex 20.6569 9.34315 0
      vertex 21.1841 9.92485 -5
      vertex 21.1841 9.92485 0
    endloop
  endfacet
  facet normal 0.740965 -0.671543 0
    outer loop
      vertex 21.1841 9.92485 -5
      vertex 20.6569 9.34315 0
      vertex 20.6569 9.34315 -5
    endloop
  endfacet
  facet normal -0.336959 -0.941519 0
    outer loop
      vertex 281.939 7.60896 -5
      vertex 282.678 7.34448 0
      vertex 281.939 7.60896 0
    endloop
  endfacet
  facet normal -0.336959 -0.941519 -0
    outer loop
      vertex 282.678 7.34448 0
      vertex 281.939 7.60896 -5
      vertex 282.678 7.34448 -5
    endloop
  endfacet
  facet normal 0.989213 0.146484 0
    outer loop
      vertex 292.961 15.7841 0
      vertex 292.846 16.5607 -5
      vertex 292.846 16.5607 0
    endloop
  endfacet
  facet normal 0.989213 0.146484 0
    outer loop
      vertex 292.846 16.5607 -5
      vertex 292.961 15.7841 0
      vertex 292.961 15.7841 -5
    endloop
  endfacet
  facet normal 0.998765 0.0496771 0
    outer loop
      vertex 293 15 0
      vertex 292.961 15.7841 -5
      vertex 292.961 15.7841 0
    endloop
  endfacet
  facet normal 0.998765 0.0496771 0
    outer loop
      vertex 292.961 15.7841 -5
      vertex 293 15 0
      vertex 293 15 -5
    endloop
  endfacet
  facet normal 0.970262 0.242056 0
    outer loop
      vertex 292.846 16.5607 0
      vertex 292.656 17.3223 -5
      vertex 292.656 17.3223 0
    endloop
  endfacet
  facet normal 0.970262 0.242056 0
    outer loop
      vertex 292.656 17.3223 -5
      vertex 292.846 16.5607 0
      vertex 292.846 16.5607 -5
    endloop
  endfacet
  facet normal -0.989213 0.146484 0
    outer loop
      vertex 277.039 15.7841 -5
      vertex 277.154 16.5607 0
      vertex 277.154 16.5607 -5
    endloop
  endfacet
  facet normal -0.989213 0.146484 0
    outer loop
      vertex 277.154 16.5607 0
      vertex 277.039 15.7841 -5
      vertex 277.039 15.7841 0
    endloop
  endfacet
  facet normal -0.243147 -0.969989 0
    outer loop
      vertex 282.678 7.34448 -5
      vertex 283.439 7.15372 0
      vertex 282.678 7.34448 0
    endloop
  endfacet
  facet normal -0.243147 -0.969989 -0
    outer loop
      vertex 283.439 7.15372 0
      vertex 282.678 7.34448 -5
      vertex 283.439 7.15372 -5
    endloop
  endfacet
  facet normal 0.336982 0.941511 -0
    outer loop
      vertex 288.061 22.391 -5
      vertex 287.322 22.6555 0
      vertex 288.061 22.391 0
    endloop
  endfacet
  facet normal 0.336982 0.941511 0
    outer loop
      vertex 287.322 22.6555 0
      vertex 288.061 22.391 -5
      vertex 287.322 22.6555 -5
    endloop
  endfacet
  facet normal -0.513747 0.857942 0
    outer loop
      vertex 281.229 22.0554 -5
      vertex 280.555 21.6518 0
      vertex 281.229 22.0554 0
    endloop
  endfacet
  facet normal -0.513747 0.857942 0
    outer loop
      vertex 280.555 21.6518 0
      vertex 281.229 22.0554 -5
      vertex 280.555 21.6518 -5
    endloop
  endfacet
  facet normal -0.903823 -0.427906 0
    outer loop
      vertex 277.945 11.2288 -5
      vertex 277.609 11.9385 0
      vertex 277.609 11.9385 -5
    endloop
  endfacet
  facet normal -0.903823 -0.427906 0
    outer loop
      vertex 277.609 11.9385 0
      vertex 277.945 11.2288 -5
      vertex 277.945 11.2288 0
    endloop
  endfacet
  facet normal -0.243195 0.969977 0
    outer loop
      vertex 283.439 22.8463 -5
      vertex 282.678 22.6555 0
      vertex 283.439 22.8463 0
    endloop
  endfacet
  facet normal -0.243195 0.969977 0
    outer loop
      vertex 282.678 22.6555 0
      vertex 283.439 22.8463 -5
      vertex 282.678 22.6555 -5
    endloop
  endfacet
  facet normal -0.858077 -0.513521 0
    outer loop
      vertex 278.348 10.5554 -5
      vertex 277.945 11.2288 0
      vertex 277.945 11.2288 -5
    endloop
  endfacet
  facet normal -0.858077 -0.513521 0
    outer loop
      vertex 277.945 11.2288 0
      vertex 278.348 10.5554 -5
      vertex 278.348 10.5554 0
    endloop
  endfacet
  facet normal 0.243147 -0.969989 0
    outer loop
      vertex 286.561 7.15372 -5
      vertex 287.322 7.34448 0
      vertex 286.561 7.15372 0
    endloop
  endfacet
  facet normal 0.243147 -0.969989 0
    outer loop
      vertex 287.322 7.34448 0
      vertex 286.561 7.15372 -5
      vertex 287.322 7.34448 -5
    endloop
  endfacet
  facet normal -0.596061 -0.802939 0
    outer loop
      vertex 279.925 8.81592 -5
      vertex 280.555 8.34824 0
      vertex 279.925 8.81592 0
    endloop
  endfacet
  facet normal -0.596061 -0.802939 -0
    outer loop
      vertex 280.555 8.34824 0
      vertex 279.925 8.81592 -5
      vertex 280.555 8.34824 -5
    endloop
  endfacet
  facet normal 0.513756 -0.857936 0
    outer loop
      vertex 288.771 7.94463 -5
      vertex 289.445 8.34824 0
      vertex 288.771 7.94463 0
    endloop
  endfacet
  facet normal 0.513756 -0.857936 0
    outer loop
      vertex 289.445 8.34824 0
      vertex 288.771 7.94463 -5
      vertex 289.445 8.34824 -5
    endloop
  endfacet
  facet normal 0.802993 -0.595989 0
    outer loop
      vertex 291.184 9.92485 0
      vertex 291.652 10.5554 -5
      vertex 291.652 10.5554 0
    endloop
  endfacet
  facet normal 0.802993 -0.595989 0
    outer loop
      vertex 291.652 10.5554 -5
      vertex 291.184 9.92485 0
      vertex 291.184 9.92485 -5
    endloop
  endfacet
  facet normal 0.146659 0.989187 -0
    outer loop
      vertex 286.561 22.8463 -5
      vertex 285.784 22.9615 0
      vertex 286.561 22.8463 0
    endloop
  endfacet
  facet normal 0.146659 0.989187 0
    outer loop
      vertex 285.784 22.9615 0
      vertex 286.561 22.8463 -5
      vertex 285.784 22.9615 -5
    endloop
  endfacet
  facet normal -0.596078 0.802927 0
    outer loop
      vertex 280.555 21.6518 -5
      vertex 279.925 21.1841 0
      vertex 280.555 21.6518 0
    endloop
  endfacet
  facet normal -0.596078 0.802927 0
    outer loop
      vertex 279.925 21.1841 0
      vertex 280.555 21.6518 -5
      vertex 279.925 21.1841 -5
    endloop
  endfacet
  facet normal -0.80297 0.596019 0
    outer loop
      vertex 278.348 19.4446 -5
      vertex 278.816 20.0751 0
      vertex 278.816 20.0751 -5
    endloop
  endfacet
  facet normal -0.80297 0.596019 0
    outer loop
      vertex 278.816 20.0751 0
      vertex 278.348 19.4446 -5
      vertex 278.348 19.4446 0
    endloop
  endfacet
  facet normal 0.989213 -0.146484 0
    outer loop
      vertex 292.846 13.4393 0
      vertex 292.961 14.2159 -5
      vertex 292.961 14.2159 0
    endloop
  endfacet
  facet normal 0.989213 -0.146484 0
    outer loop
      vertex 292.961 14.2159 -5
      vertex 292.846 13.4393 0
      vertex 292.846 13.4393 -5
    endloop
  endfacet
  facet normal -0.941338 0.337466 0
    outer loop
      vertex 277.344 17.3223 -5
      vertex 277.609 18.0615 0
      vertex 277.609 18.0615 -5
    endloop
  endfacet
  facet normal -0.941338 0.337466 0
    outer loop
      vertex 277.609 18.0615 0
      vertex 277.344 17.3223 -5
      vertex 277.344 17.3223 0
    endloop
  endfacet
  facet normal 0.427342 0.90409 -0
    outer loop
      vertex 288.771 22.0554 -5
      vertex 288.061 22.391 0
      vertex 288.771 22.0554 0
    endloop
  endfacet
  facet normal 0.427342 0.90409 0
    outer loop
      vertex 288.061 22.391 0
      vertex 288.771 22.0554 -5
      vertex 288.061 22.391 -5
    endloop
  endfacet
  facet normal -0.941338 -0.337466 0
    outer loop
      vertex 277.609 11.9385 -5
      vertex 277.344 12.6777 0
      vertex 277.344 12.6777 -5
    endloop
  endfacet
  facet normal -0.941338 -0.337466 0
    outer loop
      vertex 277.344 12.6777 0
      vertex 277.609 11.9385 -5
      vertex 277.609 11.9385 0
    endloop
  endfacet
  facet normal 0.970262 -0.242056 0
    outer loop
      vertex 292.656 12.6777 0
      vertex 292.846 13.4393 -5
      vertex 292.846 13.4393 0
    endloop
  endfacet
  facet normal 0.970262 -0.242056 0
    outer loop
      vertex 292.846 13.4393 -5
      vertex 292.656 12.6777 0
      vertex 292.656 12.6777 -5
    endloop
  endfacet
  facet normal -0.049048 0.998796 0
    outer loop
      vertex 285 23 -5
      vertex 284.216 22.9615 0
      vertex 285 23 0
    endloop
  endfacet
  facet normal -0.049048 0.998796 0
    outer loop
      vertex 284.216 22.9615 0
      vertex 285 23 -5
      vertex 284.216 22.9615 -5
    endloop
  endfacet
  facet normal 0.671353 0.741137 -0
    outer loop
      vertex 290.657 20.6569 -5
      vertex 290.075 21.1841 0
      vertex 290.657 20.6569 0
    endloop
  endfacet
  facet normal 0.671353 0.741137 0
    outer loop
      vertex 290.075 21.1841 0
      vertex 290.657 20.6569 -5
      vertex 290.075 21.1841 -5
    endloop
  endfacet
  facet normal -0.427342 0.90409 0
    outer loop
      vertex 281.939 22.391 -5
      vertex 281.229 22.0554 0
      vertex 281.939 22.391 0
    endloop
  endfacet
  facet normal -0.427342 0.90409 0
    outer loop
      vertex 281.229 22.0554 0
      vertex 281.939 22.391 -5
      vertex 281.229 22.0554 -5
    endloop
  endfacet
  facet normal -0.671353 0.741137 0
    outer loop
      vertex 279.925 21.1841 -5
      vertex 279.343 20.6569 0
      vertex 279.925 21.1841 0
    endloop
  endfacet
  facet normal -0.671353 0.741137 0
    outer loop
      vertex 279.343 20.6569 0
      vertex 279.925 21.1841 -5
      vertex 279.343 20.6569 -5
    endloop
  endfacet
  facet normal 0.336959 -0.941519 0
    outer loop
      vertex 287.322 7.34448 -5
      vertex 288.061 7.60896 0
      vertex 287.322 7.34448 0
    endloop
  endfacet
  facet normal 0.336959 -0.941519 0
    outer loop
      vertex 288.061 7.60896 0
      vertex 287.322 7.34448 -5
      vertex 288.061 7.60896 -5
    endloop
  endfacet
  facet normal -0.336982 0.941511 0
    outer loop
      vertex 282.678 22.6555 -5
      vertex 281.939 22.391 0
      vertex 282.678 22.6555 0
    endloop
  endfacet
  facet normal -0.336982 0.941511 0
    outer loop
      vertex 281.939 22.391 0
      vertex 282.678 22.6555 -5
      vertex 281.939 22.391 -5
    endloop
  endfacet
  facet normal 0.80297 0.596019 0
    outer loop
      vertex 291.652 19.4446 0
      vertex 291.184 20.0751 -5
      vertex 291.184 20.0751 0
    endloop
  endfacet
  facet normal 0.80297 0.596019 0
    outer loop
      vertex 291.184 20.0751 -5
      vertex 291.652 19.4446 0
      vertex 291.652 19.4446 -5
    endloop
  endfacet
  facet normal -0.858077 0.513521 0
    outer loop
      vertex 277.945 18.7712 -5
      vertex 278.348 19.4446 0
      vertex 278.348 19.4446 -5
    endloop
  endfacet
  facet normal -0.858077 0.513521 0
    outer loop
      vertex 278.348 19.4446 0
      vertex 277.945 18.7712 -5
      vertex 277.945 18.7712 0
    endloop
  endfacet
  facet normal 0.998765 -0.0496771 0
    outer loop
      vertex 292.961 14.2159 0
      vertex 293 15 -5
      vertex 293 15 0
    endloop
  endfacet
  facet normal 0.998765 -0.0496771 0
    outer loop
      vertex 293 15 -5
      vertex 292.961 14.2159 0
      vertex 292.961 14.2159 -5
    endloop
  endfacet
  facet normal 0.903823 -0.427906 0
    outer loop
      vertex 292.055 11.2288 0
      vertex 292.391 11.9385 -5
      vertex 292.391 11.9385 0
    endloop
  endfacet
  facet normal 0.903823 -0.427906 0
    outer loop
      vertex 292.391 11.9385 -5
      vertex 292.055 11.2288 0
      vertex 292.055 11.2288 -5
    endloop
  endfacet
  facet normal 0.858077 0.513521 0
    outer loop
      vertex 292.055 18.7712 0
      vertex 291.652 19.4446 -5
      vertex 291.652 19.4446 0
    endloop
  endfacet
  facet normal 0.858077 0.513521 0
    outer loop
      vertex 291.652 19.4446 -5
      vertex 292.055 18.7712 0
      vertex 292.055 18.7712 -5
    endloop
  endfacet
  facet normal -0.671374 -0.741118 0
    outer loop
      vertex 279.343 9.34315 -5
      vertex 279.925 8.81592 0
      vertex 279.343 9.34315 0
    endloop
  endfacet
  facet normal -0.671374 -0.741118 -0
    outer loop
      vertex 279.925 8.81592 0
      vertex 279.343 9.34315 -5
      vertex 279.925 8.81592 -5
    endloop
  endfacet
  facet normal 0.596078 0.802927 -0
    outer loop
      vertex 290.075 21.1841 -5
      vertex 289.445 21.6518 0
      vertex 290.075 21.1841 0
    endloop
  endfacet
  facet normal 0.596078 0.802927 0
    outer loop
      vertex 289.445 21.6518 0
      vertex 290.075 21.1841 -5
      vertex 289.445 21.6518 -5
    endloop
  endfacet
  facet normal -0.513756 -0.857936 0
    outer loop
      vertex 280.555 8.34824 -5
      vertex 281.229 7.94463 0
      vertex 280.555 8.34824 0
    endloop
  endfacet
  facet normal -0.513756 -0.857936 -0
    outer loop
      vertex 281.229 7.94463 0
      vertex 280.555 8.34824 -5
      vertex 281.229 7.94463 -5
    endloop
  endfacet
  facet normal 0.513747 0.857942 -0
    outer loop
      vertex 289.445 21.6518 -5
      vertex 288.771 22.0554 0
      vertex 289.445 21.6518 0
    endloop
  endfacet
  facet normal 0.513747 0.857942 0
    outer loop
      vertex 288.771 22.0554 0
      vertex 289.445 21.6518 -5
      vertex 288.771 22.0554 -5
    endloop
  endfacet
  facet normal 0.146659 -0.989187 0
    outer loop
      vertex 285.784 7.03852 -5
      vertex 286.561 7.15372 0
      vertex 285.784 7.03852 0
    endloop
  endfacet
  facet normal 0.146659 -0.989187 0
    outer loop
      vertex 286.561 7.15372 0
      vertex 285.784 7.03852 -5
      vertex 286.561 7.15372 -5
    endloop
  endfacet
  facet normal 0.941338 0.337466 0
    outer loop
      vertex 292.656 17.3223 0
      vertex 292.391 18.0615 -5
      vertex 292.391 18.0615 0
    endloop
  endfacet
  facet normal 0.941338 0.337466 0
    outer loop
      vertex 292.391 18.0615 -5
      vertex 292.656 17.3223 0
      vertex 292.656 17.3223 -5
    endloop
  endfacet
  facet normal 0.858077 -0.513521 0
    outer loop
      vertex 291.652 10.5554 0
      vertex 292.055 11.2288 -5
      vertex 292.055 11.2288 0
    endloop
  endfacet
  facet normal 0.858077 -0.513521 0
    outer loop
      vertex 292.055 11.2288 -5
      vertex 291.652 10.5554 0
      vertex 291.652 10.5554 -5
    endloop
  endfacet
  facet normal -0.998765 -0.0496771 0
    outer loop
      vertex 277.039 14.2159 -5
      vertex 277 15 0
      vertex 277 15 -5
    endloop
  endfacet
  facet normal -0.998765 -0.0496771 0
    outer loop
      vertex 277 15 0
      vertex 277.039 14.2159 -5
      vertex 277.039 14.2159 0
    endloop
  endfacet
  facet normal 0.941338 -0.337466 0
    outer loop
      vertex 292.391 11.9385 0
      vertex 292.656 12.6777 -5
      vertex 292.656 12.6777 0
    endloop
  endfacet
  facet normal 0.941338 -0.337466 0
    outer loop
      vertex 292.656 12.6777 -5
      vertex 292.391 11.9385 0
      vertex 292.391 11.9385 -5
    endloop
  endfacet
  facet normal 0.741149 0.67134 0
    outer loop
      vertex 291.184 20.0751 0
      vertex 290.657 20.6569 -5
      vertex 290.657 20.6569 0
    endloop
  endfacet
  facet normal 0.741149 0.67134 0
    outer loop
      vertex 290.657 20.6569 -5
      vertex 291.184 20.0751 0
      vertex 291.184 20.0751 -5
    endloop
  endfacet
  facet normal 0.049048 0.998796 -0
    outer loop
      vertex 285.784 22.9615 -5
      vertex 285 23 0
      vertex 285.784 22.9615 0
    endloop
  endfacet
  facet normal 0.049048 0.998796 0
    outer loop
      vertex 285 23 0
      vertex 285.784 22.9615 -5
      vertex 285 23 -5
    endloop
  endfacet
  facet normal 0.903823 0.427906 0
    outer loop
      vertex 292.391 18.0615 0
      vertex 292.055 18.7712 -5
      vertex 292.055 18.7712 0
    endloop
  endfacet
  facet normal 0.903823 0.427906 0
    outer loop
      vertex 292.055 18.7712 -5
      vertex 292.391 18.0615 0
      vertex 292.391 18.0615 -5
    endloop
  endfacet
  facet normal -0.146659 -0.989187 0
    outer loop
      vertex 283.439 7.15372 -5
      vertex 284.216 7.03852 0
      vertex 283.439 7.15372 0
    endloop
  endfacet
  facet normal -0.146659 -0.989187 -0
    outer loop
      vertex 284.216 7.03852 0
      vertex 283.439 7.15372 -5
      vertex 284.216 7.03852 -5
    endloop
  endfacet
  facet normal 0.671374 -0.741118 0
    outer loop
      vertex 290.075 8.81592 -5
      vertex 290.657 9.34315 0
      vertex 290.075 8.81592 0
    endloop
  endfacet
  facet normal 0.671374 -0.741118 0
    outer loop
      vertex 290.657 9.34315 0
      vertex 290.075 8.81592 -5
      vertex 290.657 9.34315 -5
    endloop
  endfacet
  facet normal -0.0490735 -0.998795 0
    outer loop
      vertex 284.216 7.03852 -5
      vertex 285 7 0
      vertex 284.216 7.03852 0
    endloop
  endfacet
  facet normal -0.0490735 -0.998795 -0
    outer loop
      vertex 285 7 0
      vertex 284.216 7.03852 -5
      vertex 285 7 -5
    endloop
  endfacet
  facet normal -0.741149 0.67134 0
    outer loop
      vertex 278.816 20.0751 -5
      vertex 279.343 20.6569 0
      vertex 279.343 20.6569 -5
    endloop
  endfacet
  facet normal -0.741149 0.67134 0
    outer loop
      vertex 279.343 20.6569 0
      vertex 278.816 20.0751 -5
      vertex 278.816 20.0751 0
    endloop
  endfacet
  facet normal -0.146659 0.989187 0
    outer loop
      vertex 284.216 22.9615 -5
      vertex 283.439 22.8463 0
      vertex 284.216 22.9615 0
    endloop
  endfacet
  facet normal -0.146659 0.989187 0
    outer loop
      vertex 283.439 22.8463 0
      vertex 284.216 22.9615 -5
      vertex 283.439 22.8463 -5
    endloop
  endfacet
  facet normal -0.903823 0.427906 0
    outer loop
      vertex 277.609 18.0615 -5
      vertex 277.945 18.7712 0
      vertex 277.945 18.7712 -5
    endloop
  endfacet
  facet normal -0.903823 0.427906 0
    outer loop
      vertex 277.945 18.7712 0
      vertex 277.609 18.0615 -5
      vertex 277.609 18.0615 0
    endloop
  endfacet
  facet normal -0.970262 0.242056 0
    outer loop
      vertex 277.154 16.5607 -5
      vertex 277.344 17.3223 0
      vertex 277.344 17.3223 -5
    endloop
  endfacet
  facet normal -0.970262 0.242056 0
    outer loop
      vertex 277.344 17.3223 0
      vertex 277.154 16.5607 -5
      vertex 277.154 16.5607 0
    endloop
  endfacet
  facet normal 0.243195 0.969977 -0
    outer loop
      vertex 287.322 22.6555 -5
      vertex 286.561 22.8463 0
      vertex 287.322 22.6555 0
    endloop
  endfacet
  facet normal 0.243195 0.969977 0
    outer loop
      vertex 286.561 22.8463 0
      vertex 287.322 22.6555 -5
      vertex 286.561 22.8463 -5
    endloop
  endfacet
  facet normal -0.970262 -0.242056 0
    outer loop
      vertex 277.344 12.6777 -5
      vertex 277.154 13.4393 0
      vertex 277.154 13.4393 -5
    endloop
  endfacet
  facet normal -0.970262 -0.242056 0
    outer loop
      vertex 277.154 13.4393 0
      vertex 277.344 12.6777 -5
      vertex 277.344 12.6777 0
    endloop
  endfacet
  facet normal -0.427415 -0.904056 0
    outer loop
      vertex 281.229 7.94463 -5
      vertex 281.939 7.60896 0
      vertex 281.229 7.94463 0
    endloop
  endfacet
  facet normal -0.427415 -0.904056 -0
    outer loop
      vertex 281.939 7.60896 0
      vertex 281.229 7.94463 -5
      vertex 281.939 7.60896 -5
    endloop
  endfacet
  facet normal -0.741092 -0.671404 0
    outer loop
      vertex 279.343 9.34315 -5
      vertex 278.816 9.92485 0
      vertex 278.816 9.92485 -5
    endloop
  endfacet
  facet normal -0.741092 -0.671404 0
    outer loop
      vertex 278.816 9.92485 0
      vertex 279.343 9.34315 -5
      vertex 279.343 9.34315 0
    endloop
  endfacet
  facet normal 0.427415 -0.904056 0
    outer loop
      vertex 288.061 7.60896 -5
      vertex 288.771 7.94463 0
      vertex 288.061 7.60896 0
    endloop
  endfacet
  facet normal 0.427415 -0.904056 0
    outer loop
      vertex 288.771 7.94463 0
      vertex 288.061 7.60896 -5
      vertex 288.771 7.94463 -5
    endloop
  endfacet
  facet normal 0.0490735 -0.998795 0
    outer loop
      vertex 285 7 -5
      vertex 285.784 7.03852 0
      vertex 285 7 0
    endloop
  endfacet
  facet normal 0.0490735 -0.998795 0
    outer loop
      vertex 285.784 7.03852 0
      vertex 285 7 -5
      vertex 285.784 7.03852 -5
    endloop
  endfacet
  facet normal -0.989213 -0.146484 0
    outer loop
      vertex 277.154 13.4393 -5
      vertex 277.039 14.2159 0
      vertex 277.039 14.2159 -5
    endloop
  endfacet
  facet normal -0.989213 -0.146484 0
    outer loop
      vertex 277.039 14.2159 0
      vertex 277.154 13.4393 -5
      vertex 277.154 13.4393 0
    endloop
  endfacet
  facet normal 0.596061 -0.802939 0
    outer loop
      vertex 289.445 8.34824 -5
      vertex 290.075 8.81592 0
      vertex 289.445 8.34824 0
    endloop
  endfacet
  facet normal 0.596061 -0.802939 0
    outer loop
      vertex 290.075 8.81592 0
      vertex 289.445 8.34824 -5
      vertex 290.075 8.81592 -5
    endloop
  endfacet
  facet normal 0 0 -1
    outer loop
      vertex 292.961 14.2159 -5
      vertex 292.961 15.7841 -5
      vertex 293 15 -5
    endloop
  endfacet
  facet normal 0 0 -1
    outer loop
      vertex 292.846 13.4393 -5
      vertex 292.961 15.7841 -5
      vertex 292.961 14.2159 -5
    endloop
  endfacet
  facet normal 0 0 -1
    outer loop
      vertex 292.846 13.4393 -5
      vertex 292.846 16.5607 -5
      vertex 292.961 15.7841 -5
    endloop
  endfacet
  facet normal 0 0 -1
    outer loop
      vertex 292.656 12.6777 -5
      vertex 292.846 16.5607 -5
      vertex 292.846 13.4393 -5
    endloop
  endfacet
  facet normal 0 0 -1
    outer loop
      vertex 292.656 12.6777 -5
      vertex 292.656 17.3223 -5
      vertex 292.846 16.5607 -5
    endloop
  endfacet
  facet normal 0 0 -1
    outer loop
      vertex 292.391 11.9385 -5
      vertex 292.656 17.3223 -5
      vertex 292.656 12.6777 -5
    endloop
  endfacet
  facet normal 0 0 -1
    outer loop
      vertex 292.391 11.9385 -5
      vertex 292.391 18.0615 -5
      vertex 292.656 17.3223 -5
    endloop
  endfacet
  facet normal 0 0 -1
    outer loop
      vertex 292.055 11.2288 -5
      vertex 292.391 18.0615 -5
      vertex 292.391 11.9385 -5
    endloop
  endfacet
  facet normal 0 0 -1
    outer loop
      vertex 292.055 11.2288 -5
      vertex 292.055 18.7712 -5
      vertex 292.391 18.0615 -5
    endloop
  endfacet
  facet normal 0 0 -1
    outer loop
      vertex 291.652 10.5554 -5
      vertex 292.055 18.7712 -5
      vertex 292.055 11.2288 -5
    endloop
  endfacet
  facet normal 0 0 -1
    outer loop
      vertex 291.652 10.5554 -5
      vertex 291.652 19.4446 -5
      vertex 292.055 18.7712 -5
    endloop
  endfacet
  facet normal 0 0 -1
    outer loop
      vertex 291.184 9.92485 -5
      vertex 291.652 19.4446 -5
      vertex 291.652 10.5554 -5
    endloop
  endfacet
  facet normal 0 0 -1
    outer loop
      vertex 291.184 9.92485 -5
      vertex 291.184 20.0751 -5
      vertex 291.652 19.4446 -5
    endloop
  endfacet
  facet normal 0 0 -1
    outer loop
      vertex 290.657 9.34315 -5
      vertex 291.184 20.0751 -5
      vertex 291.184 9.92485 -5
    endloop
  endfacet
  facet normal 0 0 -1
    outer loop
      vertex 290.657 9.34315 -5
      vertex 290.657 20.6569 -5
      vertex 291.184 20.0751 -5
    endloop
  endfacet
  facet normal 0 0 -1
    outer loop
      vertex 290.075 8.81592 -5
      vertex 290.657 20.6569 -5
      vertex 290.657 9.34315 -5
    endloop
  endfacet
  facet normal 0 0 -1
    outer loop
      vertex 290.075 8.81592 -5
      vertex 290.075 21.1841 -5
      vertex 290.657 20.6569 -5
    endloop
  endfacet
  facet normal 0 0 -1
    outer loop
      vertex 289.445 8.34824 -5
      vertex 290.075 21.1841 -5
      vertex 290.075 8.81592 -5
    endloop
  endfacet
  facet normal 0 0 -1
    outer loop
      vertex 289.445 8.34824 -5
      vertex 289.445 21.6518 -5
      vertex 290.075 21.1841 -5
    endloop
  endfacet
  facet normal 0 0 -1
    outer loop
      vertex 288.771 7.94463 -5
      vertex 289.445 21.6518 -5
      vertex 289.445 8.34824 -5
    endloop
  endfacet
  facet normal 0 0 -1
    outer loop
      vertex 288.771 7.94463 -5
      vertex 288.771 22.0554 -5
      vertex 289.445 21.6518 -5
    endloop
  endfacet
  facet normal 0 0 -1
    outer loop
      vertex 288.061 7.60896 -5
      vertex 288.771 22.0554 -5
      vertex 288.771 7.94463 -5
    endloop
  endfacet
  facet normal 0 0 -1
    outer loop
      vertex 288.061 7.60896 -5
      vertex 288.061 22.391 -5
      vertex 288.771 22.0554 -5
    endloop
  endfacet
  facet normal 0 0 -1
    outer loop
      vertex 287.322 7.34448 -5
      vertex 288.061 22.391 -5
      vertex 288.061 7.60896 -5
    endloop
  endfacet
  facet normal 0 0 -1
    outer loop
      vertex 287.322 7.34448 -5
      vertex 287.322 22.6555 -5
      vertex 288.061 22.391 -5
    endloop
  endfacet
  facet normal 0 0 -1
    outer loop
      vertex 286.561 7.15372 -5
      vertex 287.322 22.6555 -5
      vertex 287.322 7.34448 -5
    endloop
  endfacet
  facet normal 0 0 -1
    outer loop
      vertex 286.561 7.15372 -5
      vertex 286.561 22.8463 -5
      vertex 287.322 22.6555 -5
    endloop
  endfacet
  facet normal 0 0 -1
    outer loop
      vertex 285.784 7.03852 -5
      vertex 286.561 22.8463 -5
      vertex 286.561 7.15372 -5
    endloop
  endfacet
  facet normal 0 0 -1
    outer loop
      vertex 285.784 7.03852 -5
      vertex 285.784 22.9615 -5
      vertex 286.561 22.8463 -5
    endloop
  endfacet
  facet normal 0 0 -1
    outer loop
      vertex 285 7 -5
      vertex 285.784 22.9615 -5
      vertex 285.784 7.03852 -5
    endloop
  endfacet
  facet normal 0 0 -1
    outer loop
      vertex 285 7 -5
      vertex 285 23 -5
      vertex 285.784 22.9615 -5
    endloop
  endfacet
  facet normal 0 0 -1
    outer loop
      vertex 284.216 7.03852 -5
      vertex 285 23 -5
      vertex 285 7 -5
    endloop
  endfacet
  facet normal 0 0 -1
    outer loop
      vertex 284.216 7.03852 -5
      vertex 284.216 22.9615 -5
      vertex 285 23 -5
    endloop
  endfacet
  facet normal 0 0 -1
    outer loop
      vertex 283.439 7.15372 -5
      vertex 284.216 22.9615 -5
      vertex 284.216 7.03852 -5
    endloop
  endfacet
  facet normal 0 0 -1
    outer loop
      vertex 283.439 7.15372 -5
      vertex 283.439 22.8463 -5
      vertex 284.216 22.9615 -5
    endloop
  endfacet
  facet normal 0 0 -1
    outer loop
      vertex 282.678 7.34448 -5
      vertex 283.439 22.8463 -5
      vertex 283.439 7.15372 -5
    endloop
  endfacet
  facet normal 0 0 -1
    outer loop
      vertex 282.678 7.34448 -5
      vertex 282.678 22.6555 -5
      vertex 283.439 22.8463 -5
    endloop
  endfacet
  facet normal 0 0 -1
    outer loop
      vertex 281.939 7.60896 -5
      vertex 282.678 22.6555 -5
      vertex 282.678 7.34448 -5
    endloop
  endfacet
  facet normal 0 0 -1
    outer loop
      vertex 281.939 7.60896 -5
      vertex 281.939 22.391 -5
      vertex 282.678 22.6555 -5
    endloop
  endfacet
  facet normal 0 0 -1
    outer loop
      vertex 281.229 7.94463 -5
      vertex 281.939 22.391 -5
      vertex 281.939 7.60896 -5
    endloop
  endfacet
  facet normal 0 0 -1
    outer loop
      vertex 281.229 7.94463 -5
      vertex 281.229 22.0554 -5
      vertex 281.939 22.391 -5
    endloop
  endfacet
  facet normal 0 0 -1
    outer loop
      vertex 280.555 8.34824 -5
      vertex 281.229 22.0554 -5
      vertex 281.229 7.94463 -5
    endloop
  endfacet
  facet normal 0 0 -1
    outer loop
      vertex 280.555 8.34824 -5
      vertex 280.555 21.6518 -5
      vertex 281.229 22.0554 -5
    endloop
  endfacet
  facet normal 0 0 -1
    outer loop
      vertex 279.925 8.81592 -5
      vertex 280.555 21.6518 -5
      vertex 280.555 8.34824 -5
    endloop
  endfacet
  facet normal 0 0 -1
    outer loop
      vertex 279.925 8.81592 -5
      vertex 279.925 21.1841 -5
      vertex 280.555 21.6518 -5
    endloop
  endfacet
  facet normal 0 0 -1
    outer loop
      vertex 279.343 9.34315 -5
      vertex 279.925 21.1841 -5
      vertex 279.925 8.81592 -5
    endloop
  endfacet
  facet normal 0 0 -1
    outer loop
      vertex 279.343 9.34315 -5
      vertex 279.343 20.6569 -5
      vertex 279.925 21.1841 -5
    endloop
  endfacet
  facet normal 0 0 -1
    outer loop
      vertex 278.816 9.92485 -5
      vertex 279.343 20.6569 -5
      vertex 279.343 9.34315 -5
    endloop
  endfacet
  facet normal 0 0 -1
    outer loop
      vertex 278.816 9.92485 -5
      vertex 278.816 20.0751 -5
      vertex 279.343 20.6569 -5
    endloop
  endfacet
  facet normal 0 0 -1
    outer loop
      vertex 278.348 10.5554 -5
      vertex 278.816 20.0751 -5
      vertex 278.816 9.92485 -5
    endloop
  endfacet
  facet normal 0 0 -1
    outer loop
      vertex 278.348 10.5554 -5
      vertex 278.348 19.4446 -5
      vertex 278.816 20.0751 -5
    endloop
  endfacet
  facet normal 0 0 -1
    outer loop
      vertex 277.945 11.2288 -5
      vertex 278.348 19.4446 -5
      vertex 278.348 10.5554 -5
    endloop
  endfacet
  facet normal 0 0 -1
    outer loop
      vertex 277.945 11.2288 -5
      vertex 277.945 18.7712 -5
      vertex 278.348 19.4446 -5
    endloop
  endfacet
  facet normal 0 0 -1
    outer loop
      vertex 277.609 11.9385 -5
      vertex 277.945 18.7712 -5
      vertex 277.945 11.2288 -5
    endloop
  endfacet
  facet normal 0 0 -1
    outer loop
      vertex 277.609 11.9385 -5
      vertex 277.609 18.0615 -5
      vertex 277.945 18.7712 -5
    endloop
  endfacet
  facet normal 0 0 -1
    outer loop
      vertex 277.344 12.6777 -5
      vertex 277.609 18.0615 -5
      vertex 277.609 11.9385 -5
    endloop
  endfacet
  facet normal 0 0 -1
    outer loop
      vertex 277.344 12.6777 -5
      vertex 277.344 17.3223 -5
      vertex 277.609 18.0615 -5
    endloop
  endfacet
  facet normal 0 0 -1
    outer loop
      vertex 277.154 13.4393 -5
      vertex 277.344 17.3223 -5
      vertex 277.344 12.6777 -5
    endloop
  endfacet
  facet normal 0 0 -1
    outer loop
      vertex 277.154 13.4393 -5
      vertex 277.154 16.5607 -5
      vertex 277.344 17.3223 -5
    endloop
  endfacet
  facet normal 0 0 -1
    outer loop
      vertex 277.039 14.2159 -5
      vertex 277.154 16.5607 -5
      vertex 277.154 13.4393 -5
    endloop
  endfacet
  facet normal 0 0 -1
    outer loop
      vertex 277.039 14.2159 -5
      vertex 277.039 15.7841 -5
      vertex 277.154 16.5607 -5
    endloop
  endfacet
  facet normal 0 -0 -1
    outer loop
      vertex 277.039 15.7841 -5
      vertex 277.039 14.2159 -5
      vertex 277 15 -5
    endloop
  endfacet
  facet normal -0.802993 -0.595989 0
    outer loop
      vertex 278.816 9.92485 -5
      vertex 278.348 10.5554 0
      vertex 278.348 10.5554 -5
    endloop
  endfacet
  facet normal -0.802993 -0.595989 0
    outer loop
      vertex 278.348 10.5554 0
      vertex 278.816 9.92485 -5
      vertex 278.816 9.92485 0
    endloop
  endfacet
  facet normal -0.998765 0.0496771 0
    outer loop
      vertex 277 15 -5
      vertex 277.039 15.7841 0
      vertex 277.039 15.7841 -5
    endloop
  endfacet
  facet normal -0.998765 0.0496771 0
    outer loop
      vertex 277.039 15.7841 0
      vertex 277 15 -5
      vertex 277 15 0
    endloop
  endfacet
  facet normal 0.741092 -0.671404 0
    outer loop
      vertex 290.657 9.34315 0
      vertex 291.184 9.92485 -5
      vertex 291.184 9.92485 0
    endloop
  endfacet
  facet normal 0.741092 -0.671404 0
    outer loop
      vertex 291.184 9.92485 -5
      vertex 290.657 9.34315 0
      vertex 290.657 9.34315 -5
    endloop
  endfacet
  facet normal -0.337466 -0.941338 0
    outer loop
      vertex 11.9385 177.609 -5
      vertex 12.6777 177.344 0
      vertex 11.9385 177.609 0
    endloop
  endfacet
  facet normal -0.337466 -0.941338 -0
    outer loop
      vertex 12.6777 177.344 0
      vertex 11.9385 177.609 -5
      vertex 12.6777 177.344 -5
    endloop
  endfacet
  facet normal 0.989187 0.146659 0
    outer loop
      vertex 22.9615 185.784 0
      vertex 22.8463 186.561 -5
      vertex 22.8463 186.561 0
    endloop
  endfacet
  facet normal 0.989187 0.146659 0
    outer loop
      vertex 22.8463 186.561 -5
      vertex 22.9615 185.784 0
      vertex 22.9615 185.784 -5
    endloop
  endfacet
  facet normal 0.998796 0.049048 0
    outer loop
      vertex 23 185 0
      vertex 22.9615 185.784 -5
      vertex 22.9615 185.784 0
    endloop
  endfacet
  facet normal 0.998796 0.049048 0
    outer loop
      vertex 22.9615 185.784 -5
      vertex 23 185 0
      vertex 23 185 -5
    endloop
  endfacet
  facet normal 0.969977 0.243195 0
    outer loop
      vertex 22.8463 186.561 0
      vertex 22.6555 187.322 -5
      vertex 22.6555 187.322 0
    endloop
  endfacet
  facet normal 0.969977 0.243195 0
    outer loop
      vertex 22.6555 187.322 -5
      vertex 22.8463 186.561 0
      vertex 22.8463 186.561 -5
    endloop
  endfacet
  facet normal -0.989187 0.146659 0
    outer loop
      vertex 7.03852 185.784 -5
      vertex 7.15372 186.561 0
      vertex 7.15372 186.561 -5
    endloop
  endfacet
  facet normal -0.989187 0.146659 0
    outer loop
      vertex 7.15372 186.561 0
      vertex 7.03852 185.784 -5
      vertex 7.03852 185.784 0
    endloop
  endfacet
  facet normal -0.242056 -0.970262 0
    outer loop
      vertex 12.6777 177.344 -5
      vertex 13.4393 177.154 0
      vertex 12.6777 177.344 0
    endloop
  endfacet
  facet normal -0.242056 -0.970262 -0
    outer loop
      vertex 13.4393 177.154 0
      vertex 12.6777 177.344 -5
      vertex 13.4393 177.154 -5
    endloop
  endfacet
  facet normal 0.337466 0.941338 -0
    outer loop
      vertex 18.0615 192.391 -5
      vertex 17.3223 192.656 0
      vertex 18.0615 192.391 0
    endloop
  endfacet
  facet normal 0.337466 0.941338 0
    outer loop
      vertex 17.3223 192.656 0
      vertex 18.0615 192.391 -5
      vertex 17.3223 192.656 -5
    endloop
  endfacet
  facet normal -0.513521 0.858077 0
    outer loop
      vertex 11.2288 192.055 -5
      vertex 10.5554 191.652 0
      vertex 11.2288 192.055 0
    endloop
  endfacet
  facet normal -0.513521 0.858077 0
    outer loop
      vertex 10.5554 191.652 0
      vertex 11.2288 192.055 -5
      vertex 10.5554 191.652 -5
    endloop
  endfacet
  facet normal -0.904056 -0.427415 0
    outer loop
      vertex 7.94463 181.229 -5
      vertex 7.60896 181.939 0
      vertex 7.60896 181.939 -5
    endloop
  endfacet
  facet normal -0.904056 -0.427415 0
    outer loop
      vertex 7.60896 181.939 0
      vertex 7.94463 181.229 -5
      vertex 7.94463 181.229 0
    endloop
  endfacet
  facet normal -0.242056 0.970262 0
    outer loop
      vertex 13.4393 192.846 -5
      vertex 12.6777 192.656 0
      vertex 13.4393 192.846 0
    endloop
  endfacet
  facet normal -0.242056 0.970262 0
    outer loop
      vertex 12.6777 192.656 0
      vertex 13.4393 192.846 -5
      vertex 12.6777 192.656 -5
    endloop
  endfacet
  facet normal -0.857936 -0.513756 0
    outer loop
      vertex 8.34824 180.555 -5
      vertex 7.94463 181.229 0
      vertex 7.94463 181.229 -5
    endloop
  endfacet
  facet normal -0.857936 -0.513756 0
    outer loop
      vertex 7.94463 181.229 0
      vertex 8.34824 180.555 -5
      vertex 8.34824 180.555 0
    endloop
  endfacet
  facet normal 0.242056 -0.970262 0
    outer loop
      vertex 16.5607 177.154 -5
      vertex 17.3223 177.344 0
      vertex 16.5607 177.154 0
    endloop
  endfacet
  facet normal 0.242056 -0.970262 0
    outer loop
      vertex 17.3223 177.344 0
      vertex 16.5607 177.154 -5
      vertex 17.3223 177.344 -5
    endloop
  endfacet
  facet normal -0.595989 -0.802993 0
    outer loop
      vertex 9.92485 178.816 -5
      vertex 10.5554 178.348 0
      vertex 9.92485 178.816 0
    endloop
  endfacet
  facet normal -0.595989 -0.802993 -0
    outer loop
      vertex 10.5554 178.348 0
      vertex 9.92485 178.816 -5
      vertex 10.5554 178.348 -5
    endloop
  endfacet
  facet normal 0.513521 -0.858077 0
    outer loop
      vertex 18.7712 177.945 -5
      vertex 19.4446 178.348 0
      vertex 18.7712 177.945 0
    endloop
  endfacet
  facet normal 0.513521 -0.858077 0
    outer loop
      vertex 19.4446 178.348 0
      vertex 18.7712 177.945 -5
      vertex 19.4446 178.348 -5
    endloop
  endfacet
  facet normal 0.802927 -0.596078 0
    outer loop
      vertex 21.1841 179.925 0
      vertex 21.6518 180.555 -5
      vertex 21.6518 180.555 0
    endloop
  endfacet
  facet normal 0.802927 -0.596078 0
    outer loop
      vertex 21.6518 180.555 -5
      vertex 21.1841 179.925 0
      vertex 21.1841 179.925 -5
    endloop
  endfacet
  facet normal 0.146484 0.989213 -0
    outer loop
      vertex 16.5607 192.846 -5
      vertex 15.7841 192.961 0
      vertex 16.5607 192.846 0
    endloop
  endfacet
  facet normal 0.146484 0.989213 0
    outer loop
      vertex 15.7841 192.961 0
      vertex 16.5607 192.846 -5
      vertex 15.7841 192.961 -5
    endloop
  endfacet
  facet normal -0.595989 0.802993 0
    outer loop
      vertex 10.5554 191.652 -5
      vertex 9.92485 191.184 0
      vertex 10.5554 191.652 0
    endloop
  endfacet
  facet normal -0.595989 0.802993 0
    outer loop
      vertex 9.92485 191.184 0
      vertex 10.5554 191.652 -5
      vertex 9.92485 191.184 -5
    endloop
  endfacet
  facet normal -0.802939 0.596061 0
    outer loop
      vertex 8.34824 189.445 -5
      vertex 8.81592 190.075 0
      vertex 8.81592 190.075 -5
    endloop
  endfacet
  facet normal -0.802939 0.596061 0
    outer loop
      vertex 8.81592 190.075 0
      vertex 8.34824 189.445 -5
      vertex 8.34824 189.445 0
    endloop
  endfacet
  facet normal 0.989187 -0.146659 0
    outer loop
      vertex 22.8463 183.439 0
      vertex 22.9615 184.216 -5
      vertex 22.9615 184.216 0
    endloop
  endfacet
  facet normal 0.989187 -0.146659 0
    outer loop
      vertex 22.9615 184.216 -5
      vertex 22.8463 183.439 0
      vertex 22.8463 183.439 -5
    endloop
  endfacet
  facet normal -0.941519 0.336959 0
    outer loop
      vertex 7.34448 187.322 -5
      vertex 7.60896 188.061 0
      vertex 7.60896 188.061 -5
    endloop
  endfacet
  facet normal -0.941519 0.336959 0
    outer loop
      vertex 7.60896 188.061 0
      vertex 7.34448 187.322 -5
      vertex 7.34448 187.322 0
    endloop
  endfacet
  facet normal 0.427906 0.903823 -0
    outer loop
      vertex 18.7712 192.055 -5
      vertex 18.0615 192.391 0
      vertex 18.7712 192.055 0
    endloop
  endfacet
  facet normal 0.427906 0.903823 0
    outer loop
      vertex 18.0615 192.391 0
      vertex 18.7712 192.055 -5
      vertex 18.0615 192.391 -5
    endloop
  endfacet
  facet normal -0.941519 -0.336959 0
    outer loop
      vertex 7.60896 181.939 -5
      vertex 7.34448 182.678 0
      vertex 7.34448 182.678 -5
    endloop
  endfacet
  facet normal -0.941519 -0.336959 0
    outer loop
      vertex 7.34448 182.678 0
      vertex 7.60896 181.939 -5
      vertex 7.60896 181.939 0
    endloop
  endfacet
  facet normal 0.969977 -0.243195 0
    outer loop
      vertex 22.6555 182.678 0
      vertex 22.8463 183.439 -5
      vertex 22.8463 183.439 0
    endloop
  endfacet
  facet normal 0.969977 -0.243195 0
    outer loop
      vertex 22.8463 183.439 -5
      vertex 22.6555 182.678 0
      vertex 22.6555 182.678 -5
    endloop
  endfacet
  facet normal -0.0496771 0.998765 0
    outer loop
      vertex 15 193 -5
      vertex 14.2159 192.961 0
      vertex 15 193 0
    endloop
  endfacet
  facet normal -0.0496771 0.998765 0
    outer loop
      vertex 14.2159 192.961 0
      vertex 15 193 -5
      vertex 14.2159 192.961 -5
    endloop
  endfacet
  facet normal 0.67134 0.741149 -0
    outer loop
      vertex 20.6569 190.657 -5
      vertex 20.0751 191.184 0
      vertex 20.6569 190.657 0
    endloop
  endfacet
  facet normal 0.67134 0.741149 0
    outer loop
      vertex 20.0751 191.184 0
      vertex 20.6569 190.657 -5
      vertex 20.0751 191.184 -5
    endloop
  endfacet
  facet normal -0.427906 0.903823 0
    outer loop
      vertex 11.9385 192.391 -5
      vertex 11.2288 192.055 0
      vertex 11.9385 192.391 0
    endloop
  endfacet
  facet normal -0.427906 0.903823 0
    outer loop
      vertex 11.2288 192.055 0
      vertex 11.9385 192.391 -5
      vertex 11.2288 192.055 -5
    endloop
  endfacet
  facet normal -0.671404 0.741092 0
    outer loop
      vertex 9.92485 191.184 -5
      vertex 9.34315 190.657 0
      vertex 9.92485 191.184 0
    endloop
  endfacet
  facet normal -0.671404 0.741092 0
    outer loop
      vertex 9.34315 190.657 0
      vertex 9.92485 191.184 -5
      vertex 9.34315 190.657 -5
    endloop
  endfacet
  facet normal 0.337466 -0.941338 0
    outer loop
      vertex 17.3223 177.344 -5
      vertex 18.0615 177.609 0
      vertex 17.3223 177.344 0
    endloop
  endfacet
  facet normal 0.337466 -0.941338 0
    outer loop
      vertex 18.0615 177.609 0
      vertex 17.3223 177.344 -5
      vertex 18.0615 177.609 -5
    endloop
  endfacet
  facet normal -0.337466 0.941338 0
    outer loop
      vertex 12.6777 192.656 -5
      vertex 11.9385 192.391 0
      vertex 12.6777 192.656 0
    endloop
  endfacet
  facet normal -0.337466 0.941338 0
    outer loop
      vertex 11.9385 192.391 0
      vertex 12.6777 192.656 -5
      vertex 11.9385 192.391 -5
    endloop
  endfacet
  facet normal 0.802927 0.596078 0
    outer loop
      vertex 21.6518 189.445 0
      vertex 21.1841 190.075 -5
      vertex 21.1841 190.075 0
    endloop
  endfacet
  facet normal 0.802927 0.596078 0
    outer loop
      vertex 21.1841 190.075 -5
      vertex 21.6518 189.445 0
      vertex 21.6518 189.445 -5
    endloop
  endfacet
  facet normal -0.857936 0.513756 0
    outer loop
      vertex 7.94463 188.771 -5
      vertex 8.34824 189.445 0
      vertex 8.34824 189.445 -5
    endloop
  endfacet
  facet normal -0.857936 0.513756 0
    outer loop
      vertex 8.34824 189.445 0
      vertex 7.94463 188.771 -5
      vertex 7.94463 188.771 0
    endloop
  endfacet
  facet normal 0.998796 -0.049048 0
    outer loop
      vertex 22.9615 184.216 0
      vertex 23 185 -5
      vertex 23 185 0
    endloop
  endfacet
  facet normal 0.998796 -0.049048 0
    outer loop
      vertex 23 185 -5
      vertex 22.9615 184.216 0
      vertex 22.9615 184.216 -5
    endloop
  endfacet
  facet normal 0.90409 -0.427342 0
    outer loop
      vertex 22.0554 181.229 0
      vertex 22.391 181.939 -5
      vertex 22.391 181.939 0
    endloop
  endfacet
  facet normal 0.90409 -0.427342 0
    outer loop
      vertex 22.391 181.939 -5
      vertex 22.0554 181.229 0
      vertex 22.0554 181.229 -5
    endloop
  endfacet
  facet normal 0.857942 0.513747 0
    outer loop
      vertex 22.0554 188.771 0
      vertex 21.6518 189.445 -5
      vertex 21.6518 189.445 0
    endloop
  endfacet
  facet normal 0.857942 0.513747 0
    outer loop
      vertex 21.6518 189.445 -5
      vertex 22.0554 188.771 0
      vertex 22.0554 188.771 -5
    endloop
  endfacet
  facet normal -0.671404 -0.741092 0
    outer loop
      vertex 9.34315 179.343 -5
      vertex 9.92485 178.816 0
      vertex 9.34315 179.343 0
    endloop
  endfacet
  facet normal -0.671404 -0.741092 -0
    outer loop
      vertex 9.92485 178.816 0
      vertex 9.34315 179.343 -5
      vertex 9.92485 178.816 -5
    endloop
  endfacet
  facet normal 0.596019 0.80297 -0
    outer loop
      vertex 20.0751 191.184 -5
      vertex 19.4446 191.652 0
      vertex 20.0751 191.184 0
    endloop
  endfacet
  facet normal 0.596019 0.80297 0
    outer loop
      vertex 19.4446 191.652 0
      vertex 20.0751 191.184 -5
      vertex 19.4446 191.652 -5
    endloop
  endfacet
  facet normal -0.513521 -0.858077 0
    outer loop
      vertex 10.5554 178.348 -5
      vertex 11.2288 177.945 0
      vertex 10.5554 178.348 0
    endloop
  endfacet
  facet normal -0.513521 -0.858077 -0
    outer loop
      vertex 11.2288 177.945 0
      vertex 10.5554 178.348 -5
      vertex 11.2288 177.945 -5
    endloop
  endfacet
  facet normal 0.513521 0.858077 -0
    outer loop
      vertex 19.4446 191.652 -5
      vertex 18.7712 192.055 0
      vertex 19.4446 191.652 0
    endloop
  endfacet
  facet normal 0.513521 0.858077 0
    outer loop
      vertex 18.7712 192.055 0
      vertex 19.4446 191.652 -5
      vertex 18.7712 192.055 -5
    endloop
  endfacet
  facet normal 0.146484 -0.989213 0
    outer loop
      vertex 15.7841 177.039 -5
      vertex 16.5607 177.154 0
      vertex 15.7841 177.039 0
    endloop
  endfacet
  facet normal 0.146484 -0.989213 0
    outer loop
      vertex 16.5607 177.154 0
      vertex 15.7841 177.039 -5
      vertex 16.5607 177.154 -5
    endloop
  endfacet
  facet normal 0.941511 0.336982 0
    outer loop
      vertex 22.6555 187.322 0
      vertex 22.391 188.061 -5
      vertex 22.391 188.061 0
    endloop
  endfacet
  facet normal 0.941511 0.336982 0
    outer loop
      vertex 22.391 188.061 -5
      vertex 22.6555 187.322 0
      vertex 22.6555 187.322 -5
    endloop
  endfacet
  facet normal 0.857942 -0.513747 0
    outer loop
      vertex 21.6518 180.555 0
      vertex 22.0554 181.229 -5
      vertex 22.0554 181.229 0
    endloop
  endfacet
  facet normal 0.857942 -0.513747 0
    outer loop
      vertex 22.0554 181.229 -5
      vertex 21.6518 180.555 0
      vertex 21.6518 180.555 -5
    endloop
  endfacet
  facet normal -0.998795 -0.0490735 0
    outer loop
      vertex 7.03852 184.216 -5
      vertex 7 185 0
      vertex 7 185 -5
    endloop
  endfacet
  facet normal -0.998795 -0.0490735 0
    outer loop
      vertex 7 185 0
      vertex 7.03852 184.216 -5
      vertex 7.03852 184.216 0
    endloop
  endfacet
  facet normal 0.941511 -0.336982 0
    outer loop
      vertex 22.391 181.939 0
      vertex 22.6555 182.678 -5
      vertex 22.6555 182.678 0
    endloop
  endfacet
  facet normal 0.941511 -0.336982 0
    outer loop
      vertex 22.6555 182.678 -5
      vertex 22.391 181.939 0
      vertex 22.391 181.939 -5
    endloop
  endfacet
  facet normal 0.741137 0.671353 0
    outer loop
      vertex 21.1841 190.075 0
      vertex 20.6569 190.657 -5
      vertex 20.6569 190.657 0
    endloop
  endfacet
  facet normal 0.741137 0.671353 0
    outer loop
      vertex 20.6569 190.657 -5
      vertex 21.1841 190.075 0
      vertex 21.1841 190.075 -5
    endloop
  endfacet
  facet normal 0.0496771 0.998765 -0
    outer loop
      vertex 15.7841 192.961 -5
      vertex 15 193 0
      vertex 15.7841 192.961 0
    endloop
  endfacet
  facet normal 0.0496771 0.998765 0
    outer loop
      vertex 15 193 0
      vertex 15.7841 192.961 -5
      vertex 15 193 -5
    endloop
  endfacet
  facet normal 0.90409 0.427342 0
    outer loop
      vertex 22.391 188.061 0
      vertex 22.0554 188.771 -5
      vertex 22.0554 188.771 0
    endloop
  endfacet
  facet normal 0.90409 0.427342 0
    outer loop
      vertex 22.0554 188.771 -5
      vertex 22.391 188.061 0
      vertex 22.391 188.061 -5
    endloop
  endfacet
  facet normal -0.146484 -0.989213 0
    outer loop
      vertex 13.4393 177.154 -5
      vertex 14.2159 177.039 0
      vertex 13.4393 177.154 0
    endloop
  endfacet
  facet normal -0.146484 -0.989213 -0
    outer loop
      vertex 14.2159 177.039 0
      vertex 13.4393 177.154 -5
      vertex 14.2159 177.039 -5
    endloop
  endfacet
  facet normal 0.67134 -0.741149 0
    outer loop
      vertex 20.0751 178.816 -5
      vertex 20.6569 179.343 0
      vertex 20.0751 178.816 0
    endloop
  endfacet
  facet normal 0.67134 -0.741149 0
    outer loop
      vertex 20.6569 179.343 0
      vertex 20.0751 178.816 -5
      vertex 20.6569 179.343 -5
    endloop
  endfacet
  facet normal -0.0496771 -0.998765 0
    outer loop
      vertex 14.2159 177.039 -5
      vertex 15 177 0
      vertex 14.2159 177.039 0
    endloop
  endfacet
  facet normal -0.0496771 -0.998765 -0
    outer loop
      vertex 15 177 0
      vertex 14.2159 177.039 -5
      vertex 15 177 -5
    endloop
  endfacet
  facet normal -0.741118 0.671374 0
    outer loop
      vertex 8.81592 190.075 -5
      vertex 9.34315 190.657 0
      vertex 9.34315 190.657 -5
    endloop
  endfacet
  facet normal -0.741118 0.671374 0
    outer loop
      vertex 9.34315 190.657 0
      vertex 8.81592 190.075 -5
      vertex 8.81592 190.075 0
    endloop
  endfacet
  facet normal -0.146484 0.989213 0
    outer loop
      vertex 14.2159 192.961 -5
      vertex 13.4393 192.846 0
      vertex 14.2159 192.961 0
    endloop
  endfacet
  facet normal -0.146484 0.989213 0
    outer loop
      vertex 13.4393 192.846 0
      vertex 14.2159 192.961 -5
      vertex 13.4393 192.846 -5
    endloop
  endfacet
  facet normal -0.904056 0.427415 0
    outer loop
      vertex 7.60896 188.061 -5
      vertex 7.94463 188.771 0
      vertex 7.94463 188.771 -5
    endloop
  endfacet
  facet normal -0.904056 0.427415 0
    outer loop
      vertex 7.94463 188.771 0
      vertex 7.60896 188.061 -5
      vertex 7.60896 188.061 0
    endloop
  endfacet
  facet normal -0.969989 0.243147 0
    outer loop
      vertex 7.15372 186.561 -5
      vertex 7.34448 187.322 0
      vertex 7.34448 187.322 -5
    endloop
  endfacet
  facet normal -0.969989 0.243147 0
    outer loop
      vertex 7.34448 187.322 0
      vertex 7.15372 186.561 -5
      vertex 7.15372 186.561 0
    endloop
  endfacet
  facet normal 0.242056 0.970262 -0
    outer loop
      vertex 17.3223 192.656 -5
      vertex 16.5607 192.846 0
      vertex 17.3223 192.656 0
    endloop
  endfacet
  facet normal 0.242056 0.970262 0
    outer loop
      vertex 16.5607 192.846 0
      vertex 17.3223 192.656 -5
      vertex 16.5607 192.846 -5
    endloop
  endfacet
  facet normal -0.969989 -0.243147 0
    outer loop
      vertex 7.34448 182.678 -5
      vertex 7.15372 183.439 0
      vertex 7.15372 183.439 -5
    endloop
  endfacet
  facet normal -0.969989 -0.243147 0
    outer loop
      vertex 7.15372 183.439 0
      vertex 7.34448 182.678 -5
      vertex 7.34448 182.678 0
    endloop
  endfacet
  facet normal -0.427906 -0.903823 0
    outer loop
      vertex 11.2288 177.945 -5
      vertex 11.9385 177.609 0
      vertex 11.2288 177.945 0
    endloop
  endfacet
  facet normal -0.427906 -0.903823 -0
    outer loop
      vertex 11.9385 177.609 0
      vertex 11.2288 177.945 -5
      vertex 11.9385 177.609 -5
    endloop
  endfacet
  facet normal -0.741118 -0.671374 0
    outer loop
      vertex 9.34315 179.343 -5
      vertex 8.81592 179.925 0
      vertex 8.81592 179.925 -5
    endloop
  endfacet
  facet normal -0.741118 -0.671374 0
    outer loop
      vertex 8.81592 179.925 0
      vertex 9.34315 179.343 -5
      vertex 9.34315 179.343 0
    endloop
  endfacet
  facet normal 0.427906 -0.903823 0
    outer loop
      vertex 18.0615 177.609 -5
      vertex 18.7712 177.945 0
      vertex 18.0615 177.609 0
    endloop
  endfacet
  facet normal 0.427906 -0.903823 0
    outer loop
      vertex 18.7712 177.945 0
      vertex 18.0615 177.609 -5
      vertex 18.7712 177.945 -5
    endloop
  endfacet
  facet normal 0.0496771 -0.998765 0
    outer loop
      vertex 15 177 -5
      vertex 15.7841 177.039 0
      vertex 15 177 0
    endloop
  endfacet
  facet normal 0.0496771 -0.998765 0
    outer loop
      vertex 15.7841 177.039 0
      vertex 15 177 -5
      vertex 15.7841 177.039 -5
    endloop
  endfacet
  facet normal -0.989187 -0.146659 0
    outer loop
      vertex 7.15372 183.439 -5
      vertex 7.03852 184.216 0
      vertex 7.03852 184.216 -5
    endloop
  endfacet
  facet normal -0.989187 -0.146659 0
    outer loop
      vertex 7.03852 184.216 0
      vertex 7.15372 183.439 -5
      vertex 7.15372 183.439 0
    endloop
  endfacet
  facet normal 0.596019 -0.80297 0
    outer loop
      vertex 19.4446 178.348 -5
      vertex 20.0751 178.816 0
      vertex 19.4446 178.348 0
    endloop
  endfacet
  facet normal 0.596019 -0.80297 0
    outer loop
      vertex 20.0751 178.816 0
      vertex 19.4446 178.348 -5
      vertex 20.0751 178.816 -5
    endloop
  endfacet
  facet normal 0 0 -1
    outer loop
      vertex 22.9615 184.216 -5
      vertex 22.9615 185.784 -5
      vertex 23 185 -5
    endloop
  endfacet
  facet normal 0 0 -1
    outer loop
      vertex 22.8463 183.439 -5
      vertex 22.9615 185.784 -5
      vertex 22.9615 184.216 -5
    endloop
  endfacet
  facet normal 0 0 -1
    outer loop
      vertex 22.8463 183.439 -5
      vertex 22.8463 186.561 -5
      vertex 22.9615 185.784 -5
    endloop
  endfacet
  facet normal 0 0 -1
    outer loop
      vertex 22.6555 182.678 -5
      vertex 22.8463 186.561 -5
      vertex 22.8463 183.439 -5
    endloop
  endfacet
  facet normal 0 0 -1
    outer loop
      vertex 22.6555 182.678 -5
      vertex 22.6555 187.322 -5
      vertex 22.8463 186.561 -5
    endloop
  endfacet
  facet normal 0 0 -1
    outer loop
      vertex 22.391 181.939 -5
      vertex 22.6555 187.322 -5
      vertex 22.6555 182.678 -5
    endloop
  endfacet
  facet normal 0 0 -1
    outer loop
      vertex 22.391 181.939 -5
      vertex 22.391 188.061 -5
      vertex 22.6555 187.322 -5
    endloop
  endfacet
  facet normal 0 0 -1
    outer loop
      vertex 22.0554 181.229 -5
      vertex 22.391 188.061 -5
      vertex 22.391 181.939 -5
    endloop
  endfacet
  facet normal 0 0 -1
    outer loop
      vertex 22.0554 181.229 -5
      vertex 22.0554 188.771 -5
      vertex 22.391 188.061 -5
    endloop
  endfacet
  facet normal 0 0 -1
    outer loop
      vertex 21.6518 180.555 -5
      vertex 22.0554 188.771 -5
      vertex 22.0554 181.229 -5
    endloop
  endfacet
  facet normal 0 0 -1
    outer loop
      vertex 21.6518 180.555 -5
      vertex 21.6518 189.445 -5
      vertex 22.0554 188.771 -5
    endloop
  endfacet
  facet normal 0 0 -1
    outer loop
      vertex 21.1841 179.925 -5
      vertex 21.6518 189.445 -5
      vertex 21.6518 180.555 -5
    endloop
  endfacet
  facet normal 0 0 -1
    outer loop
      vertex 21.1841 179.925 -5
      vertex 21.1841 190.075 -5
      vertex 21.6518 189.445 -5
    endloop
  endfacet
  facet normal 0 0 -1
    outer loop
      vertex 20.6569 179.343 -5
      vertex 21.1841 190.075 -5
      vertex 21.1841 179.925 -5
    endloop
  endfacet
  facet normal 0 0 -1
    outer loop
      vertex 20.6569 179.343 -5
      vertex 20.6569 190.657 -5
      vertex 21.1841 190.075 -5
    endloop
  endfacet
  facet normal 0 0 -1
    outer loop
      vertex 20.0751 178.816 -5
      vertex 20.6569 190.657 -5
      vertex 20.6569 179.343 -5
    endloop
  endfacet
  facet normal 0 0 -1
    outer loop
      vertex 20.0751 178.816 -5
      vertex 20.0751 191.184 -5
      vertex 20.6569 190.657 -5
    endloop
  endfacet
  facet normal 0 0 -1
    outer loop
      vertex 19.4446 178.348 -5
      vertex 20.0751 191.184 -5
      vertex 20.0751 178.816 -5
    endloop
  endfacet
  facet normal 0 0 -1
    outer loop
      vertex 19.4446 178.348 -5
      vertex 19.4446 191.652 -5
      vertex 20.0751 191.184 -5
    endloop
  endfacet
  facet normal 0 0 -1
    outer loop
      vertex 18.7712 177.945 -5
      vertex 19.4446 191.652 -5
      vertex 19.4446 178.348 -5
    endloop
  endfacet
  facet normal 0 0 -1
    outer loop
      vertex 18.7712 177.945 -5
      vertex 18.7712 192.055 -5
      vertex 19.4446 191.652 -5
    endloop
  endfacet
  facet normal 0 0 -1
    outer loop
      vertex 18.0615 177.609 -5
      vertex 18.7712 192.055 -5
      vertex 18.7712 177.945 -5
    endloop
  endfacet
  facet normal 0 0 -1
    outer loop
      vertex 18.0615 177.609 -5
      vertex 18.0615 192.391 -5
      vertex 18.7712 192.055 -5
    endloop
  endfacet
  facet normal 0 0 -1
    outer loop
      vertex 17.3223 177.344 -5
      vertex 18.0615 192.391 -5
      vertex 18.0615 177.609 -5
    endloop
  endfacet
  facet normal 0 0 -1
    outer loop
      vertex 17.3223 177.344 -5
      vertex 17.3223 192.656 -5
      vertex 18.0615 192.391 -5
    endloop
  endfacet
  facet normal 0 0 -1
    outer loop
      vertex 16.5607 177.154 -5
      vertex 17.3223 192.656 -5
      vertex 17.3223 177.344 -5
    endloop
  endfacet
  facet normal 0 0 -1
    outer loop
      vertex 16.5607 177.154 -5
      vertex 16.5607 192.846 -5
      vertex 17.3223 192.656 -5
    endloop
  endfacet
  facet normal 0 0 -1
    outer loop
      vertex 15.7841 177.039 -5
      vertex 16.5607 192.846 -5
      vertex 16.5607 177.154 -5
    endloop
  endfacet
  facet normal 0 0 -1
    outer loop
      vertex 15.7841 177.039 -5
      vertex 15.7841 192.961 -5
      vertex 16.5607 192.846 -5
    endloop
  endfacet
  facet normal 0 0 -1
    outer loop
      vertex 15 177 -5
      vertex 15.7841 192.961 -5
      vertex 15.7841 177.039 -5
    endloop
  endfacet
  facet normal 0 0 -1
    outer loop
      vertex 15 177 -5
      vertex 15 193 -5
      vertex 15.7841 192.961 -5
    endloop
  endfacet
  facet normal 0 0 -1
    outer loop
      vertex 14.2159 177.039 -5
      vertex 15 193 -5
      vertex 15 177 -5
    endloop
  endfacet
  facet normal 0 0 -1
    outer loop
      vertex 14.2159 177.039 -5
      vertex 14.2159 192.961 -5
      vertex 15 193 -5
    endloop
  endfacet
  facet normal 0 0 -1
    outer loop
      vertex 13.4393 177.154 -5
      vertex 14.2159 192.961 -5
      vertex 14.2159 177.039 -5
    endloop
  endfacet
  facet normal 0 0 -1
    outer loop
      vertex 13.4393 177.154 -5
      vertex 13.4393 192.846 -5
      vertex 14.2159 192.961 -5
    endloop
  endfacet
  facet normal 0 0 -1
    outer loop
      vertex 12.6777 177.344 -5
      vertex 13.4393 192.846 -5
      vertex 13.4393 177.154 -5
    endloop
  endfacet
  facet normal 0 0 -1
    outer loop
      vertex 12.6777 177.344 -5
      vertex 12.6777 192.656 -5
      vertex 13.4393 192.846 -5
    endloop
  endfacet
  facet normal 0 0 -1
    outer loop
      vertex 11.9385 177.609 -5
      vertex 12.6777 192.656 -5
      vertex 12.6777 177.344 -5
    endloop
  endfacet
  facet normal 0 0 -1
    outer loop
      vertex 11.9385 177.609 -5
      vertex 11.9385 192.391 -5
      vertex 12.6777 192.656 -5
    endloop
  endfacet
  facet normal 0 0 -1
    outer loop
      vertex 11.2288 177.945 -5
      vertex 11.9385 192.391 -5
      vertex 11.9385 177.609 -5
    endloop
  endfacet
  facet normal 0 0 -1
    outer loop
      vertex 11.2288 177.945 -5
      vertex 11.2288 192.055 -5
      vertex 11.9385 192.391 -5
    endloop
  endfacet
  facet normal 0 0 -1
    outer loop
      vertex 10.5554 178.348 -5
      vertex 11.2288 192.055 -5
      vertex 11.2288 177.945 -5
    endloop
  endfacet
  facet normal 0 0 -1
    outer loop
      vertex 10.5554 178.348 -5
      vertex 10.5554 191.652 -5
      vertex 11.2288 192.055 -5
    endloop
  endfacet
  facet normal 0 0 -1
    outer loop
      vertex 9.92485 178.816 -5
      vertex 10.5554 191.652 -5
      vertex 10.5554 178.348 -5
    endloop
  endfacet
  facet normal 0 0 -1
    outer loop
      vertex 9.92485 178.816 -5
      vertex 9.92485 191.184 -5
      vertex 10.5554 191.652 -5
    endloop
  endfacet
  facet normal 0 0 -1
    outer loop
      vertex 9.34315 179.343 -5
      vertex 9.92485 191.184 -5
      vertex 9.92485 178.816 -5
    endloop
  endfacet
  facet normal 0 0 -1
    outer loop
      vertex 9.34315 179.343 -5
      vertex 9.34315 190.657 -5
      vertex 9.92485 191.184 -5
    endloop
  endfacet
  facet normal 0 0 -1
    outer loop
      vertex 8.81592 179.925 -5
      vertex 9.34315 190.657 -5
      vertex 9.34315 179.343 -5
    endloop
  endfacet
  facet normal 0 0 -1
    outer loop
      vertex 8.81592 179.925 -5
      vertex 8.81592 190.075 -5
      vertex 9.34315 190.657 -5
    endloop
  endfacet
  facet normal 0 0 -1
    outer loop
      vertex 8.34824 180.555 -5
      vertex 8.81592 190.075 -5
      vertex 8.81592 179.925 -5
    endloop
  endfacet
  facet normal 0 0 -1
    outer loop
      vertex 8.34824 180.555 -5
      vertex 8.34824 189.445 -5
      vertex 8.81592 190.075 -5
    endloop
  endfacet
  facet normal 0 0 -1
    outer loop
      vertex 7.94463 181.229 -5
      vertex 8.34824 189.445 -5
      vertex 8.34824 180.555 -5
    endloop
  endfacet
  facet normal 0 0 -1
    outer loop
      vertex 7.94463 181.229 -5
      vertex 7.94463 188.771 -5
      vertex 8.34824 189.445 -5
    endloop
  endfacet
  facet normal 0 0 -1
    outer loop
      vertex 7.60896 181.939 -5
      vertex 7.94463 188.771 -5
      vertex 7.94463 181.229 -5
    endloop
  endfacet
  facet normal 0 0 -1
    outer loop
      vertex 7.60896 181.939 -5
      vertex 7.60896 188.061 -5
      vertex 7.94463 188.771 -5
    endloop
  endfacet
  facet normal 0 0 -1
    outer loop
      vertex 7.34448 182.678 -5
      vertex 7.60896 188.061 -5
      vertex 7.60896 181.939 -5
    endloop
  endfacet
  facet normal 0 0 -1
    outer loop
      vertex 7.34448 182.678 -5
      vertex 7.34448 187.322 -5
      vertex 7.60896 188.061 -5
    endloop
  endfacet
  facet normal 0 0 -1
    outer loop
      vertex 7.15372 183.439 -5
      vertex 7.34448 187.322 -5
      vertex 7.34448 182.678 -5
    endloop
  endfacet
  facet normal 0 0 -1
    outer loop
      vertex 7.15372 183.439 -5
      vertex 7.15372 186.561 -5
      vertex 7.34448 187.322 -5
    endloop
  endfacet
  facet normal 0 0 -1
    outer loop
      vertex 7.03852 184.216 -5
      vertex 7.15372 186.561 -5
      vertex 7.15372 183.439 -5
    endloop
  endfacet
  facet normal 0 0 -1
    outer loop
      vertex 7.03852 184.216 -5
      vertex 7.03852 185.784 -5
      vertex 7.15372 186.561 -5
    endloop
  endfacet
  facet normal 0 -0 -1
    outer loop
      vertex 7.03852 185.784 -5
      vertex 7.03852 184.216 -5
      vertex 7 185 -5
    endloop
  endfacet
  facet normal -0.802939 -0.596061 0
    outer loop
      vertex 8.81592 179.925 -5
      vertex 8.34824 180.555 0
      vertex 8.34824 180.555 -5
    endloop
  endfacet
  facet normal -0.802939 -0.596061 0
    outer loop
      vertex 8.34824 180.555 0
      vertex 8.81592 179.925 -5
      vertex 8.81592 179.925 0
    endloop
  endfacet
  facet normal -0.998795 0.0490735 0
    outer loop
      vertex 7 185 -5
      vertex 7.03852 185.784 0
      vertex 7.03852 185.784 -5
    endloop
  endfacet
  facet normal -0.998795 0.0490735 0
    outer loop
      vertex 7.03852 185.784 0
      vertex 7 185 -5
      vertex 7 185 0
    endloop
  endfacet
  facet normal 0.741137 -0.671353 0
    outer loop
      vertex 20.6569 179.343 0
      vertex 21.1841 179.925 -5
      vertex 21.1841 179.925 0
    endloop
  endfacet
  facet normal 0.741137 -0.671353 0
    outer loop
      vertex 21.1841 179.925 -5
      vertex 20.6569 179.343 0
      vertex 20.6569 179.343 -5
    endloop
  endfacet
  facet normal -0.337546 -0.941309 0
    outer loop
      vertex 281.939 177.609 -5
      vertex 282.678 177.344 0
      vertex 281.939 177.609 0
    endloop
  endfacet
  facet normal -0.337546 -0.941309 -0
    outer loop
      vertex 282.678 177.344 0
      vertex 281.939 177.609 -5
      vertex 282.678 177.344 -5
    endloop
  endfacet
  facet normal 0.989224 0.14641 0
    outer loop
      vertex 292.961 185.784 0
      vertex 292.846 186.561 -5
      vertex 292.846 186.561 0
    endloop
  endfacet
  facet normal 0.989224 0.14641 0
    outer loop
      vertex 292.846 186.561 -5
      vertex 292.961 185.784 0
      vertex 292.961 185.784 -5
    endloop
  endfacet
  facet normal 0.998765 0.0496835 0
    outer loop
      vertex 293 185 0
      vertex 292.961 185.784 -5
      vertex 292.961 185.784 0
    endloop
  endfacet
  facet normal 0.998765 0.0496835 0
    outer loop
      vertex 292.961 185.784 -5
      vertex 293 185 0
      vertex 293 185 -5
    endloop
  endfacet
  facet normal 0.970217 0.242236 0
    outer loop
      vertex 292.846 186.561 0
      vertex 292.656 187.322 -5
      vertex 292.656 187.322 0
    endloop
  endfacet
  facet normal 0.970217 0.242236 0
    outer loop
      vertex 292.656 187.322 -5
      vertex 292.846 186.561 0
      vertex 292.846 186.561 -5
    endloop
  endfacet
  facet normal -0.989224 0.14641 0
    outer loop
      vertex 277.039 185.784 -5
      vertex 277.154 186.561 0
      vertex 277.154 186.561 -5
    endloop
  endfacet
  facet normal -0.989224 0.14641 0
    outer loop
      vertex 277.154 186.561 0
      vertex 277.039 185.784 -5
      vertex 277.039 185.784 0
    endloop
  endfacet
  facet normal -0.242236 -0.970217 0
    outer loop
      vertex 282.678 177.344 -5
      vertex 283.439 177.154 0
      vertex 282.678 177.344 0
    endloop
  endfacet
  facet normal -0.242236 -0.970217 -0
    outer loop
      vertex 283.439 177.154 0
      vertex 282.678 177.344 -5
      vertex 283.439 177.154 -5
    endloop
  endfacet
  facet normal 0.337546 0.941309 -0
    outer loop
      vertex 288.061 192.391 -5
      vertex 287.322 192.656 0
      vertex 288.061 192.391 0
    endloop
  endfacet
  facet normal 0.337546 0.941309 0
    outer loop
      vertex 287.322 192.656 0
      vertex 288.061 192.391 -5
      vertex 287.322 192.656 -5
    endloop
  endfacet
  facet normal -0.513184 0.858278 0
    outer loop
      vertex 281.229 192.055 -5
      vertex 280.555 191.652 0
      vertex 281.229 192.055 0
    endloop
  endfacet
  facet normal -0.513184 0.858278 0
    outer loop
      vertex 280.555 191.652 0
      vertex 281.229 192.055 -5
      vertex 280.555 191.652 -5
    endloop
  endfacet
  facet normal -0.903893 -0.427758 0
    outer loop
      vertex 277.945 181.229 -5
      vertex 277.609 181.939 0
      vertex 277.609 181.939 -5
    endloop
  endfacet
  facet normal -0.903893 -0.427758 0
    outer loop
      vertex 277.609 181.939 0
      vertex 277.945 181.229 -5
      vertex 277.945 181.229 0
    endloop
  endfacet
  facet normal -0.242236 0.970217 0
    outer loop
      vertex 283.439 192.846 -5
      vertex 282.678 192.656 0
      vertex 283.439 192.846 0
    endloop
  endfacet
  facet normal -0.242236 0.970217 0
    outer loop
      vertex 282.678 192.656 0
      vertex 283.439 192.846 -5
      vertex 282.678 192.656 -5
    endloop
  endfacet
  facet normal -0.858278 -0.513184 0
    outer loop
      vertex 278.348 180.555 -5
      vertex 277.945 181.229 0
      vertex 277.945 181.229 -5
    endloop
  endfacet
  facet normal -0.858278 -0.513184 0
    outer loop
      vertex 277.945 181.229 0
      vertex 278.348 180.555 -5
      vertex 278.348 180.555 0
    endloop
  endfacet
  facet normal 0.242236 -0.970217 0
    outer loop
      vertex 286.561 177.154 -5
      vertex 287.322 177.344 0
      vertex 286.561 177.154 0
    endloop
  endfacet
  facet normal 0.242236 -0.970217 0
    outer loop
      vertex 287.322 177.344 0
      vertex 286.561 177.154 -5
      vertex 287.322 177.344 -5
    endloop
  endfacet
  facet normal -0.596324 -0.802744 0
    outer loop
      vertex 279.925 178.816 -5
      vertex 280.555 178.348 0
      vertex 279.925 178.816 0
    endloop
  endfacet
  facet normal -0.596324 -0.802744 -0
    outer loop
      vertex 280.555 178.348 0
      vertex 279.925 178.816 -5
      vertex 280.555 178.348 -5
    endloop
  endfacet
  facet normal 0.513184 -0.858278 0
    outer loop
      vertex 288.771 177.945 -5
      vertex 289.445 178.348 0
      vertex 288.771 177.945 0
    endloop
  endfacet
  facet normal 0.513184 -0.858278 0
    outer loop
      vertex 289.445 178.348 0
      vertex 288.771 177.945 -5
      vertex 289.445 178.348 -5
    endloop
  endfacet
  facet normal 0.802744 -0.596324 0
    outer loop
      vertex 291.184 179.925 0
      vertex 291.652 180.555 -5
      vertex 291.652 180.555 0
    endloop
  endfacet
  facet normal 0.802744 -0.596324 0
    outer loop
      vertex 291.652 180.555 -5
      vertex 291.184 179.925 0
      vertex 291.184 179.925 -5
    endloop
  endfacet
  facet normal 0.14641 0.989224 -0
    outer loop
      vertex 286.561 192.846 -5
      vertex 285.784 192.961 0
      vertex 286.561 192.846 0
    endloop
  endfacet
  facet normal 0.14641 0.989224 0
    outer loop
      vertex 285.784 192.961 0
      vertex 286.561 192.846 -5
      vertex 285.784 192.961 -5
    endloop
  endfacet
  facet normal -0.596324 0.802744 0
    outer loop
      vertex 280.555 191.652 -5
      vertex 279.925 191.184 0
      vertex 280.555 191.652 0
    endloop
  endfacet
  facet normal -0.596324 0.802744 0
    outer loop
      vertex 279.925 191.184 0
      vertex 280.555 191.652 -5
      vertex 279.925 191.184 -5
    endloop
  endfacet
  facet normal 0.427758 -0.903893 0
    outer loop
      vertex 288.061 177.609 -5
      vertex 288.771 177.945 0
      vertex 288.061 177.609 0
    endloop
  endfacet
  facet normal 0.427758 -0.903893 0
    outer loop
      vertex 288.771 177.945 0
      vertex 288.061 177.609 -5
      vertex 288.771 177.945 -5
    endloop
  endfacet
  facet normal -0.802744 0.596324 0
    outer loop
      vertex 278.348 189.445 -5
      vertex 278.816 190.075 0
      vertex 278.816 190.075 -5
    endloop
  endfacet
  facet normal -0.802744 0.596324 0
    outer loop
      vertex 278.816 190.075 0
      vertex 278.348 189.445 -5
      vertex 278.348 189.445 0
    endloop
  endfacet
  facet normal 0.989224 -0.14641 0
    outer loop
      vertex 292.846 183.439 0
      vertex 292.961 184.216 -5
      vertex 292.961 184.216 0
    endloop
  endfacet
  facet normal 0.989224 -0.14641 0
    outer loop
      vertex 292.961 184.216 -5
      vertex 292.846 183.439 0
      vertex 292.846 183.439 -5
    endloop
  endfacet
  facet normal -0.941309 0.337546 0
    outer loop
      vertex 277.344 187.322 -5
      vertex 277.609 188.061 0
      vertex 277.609 188.061 -5
    endloop
  endfacet
  facet normal -0.941309 0.337546 0
    outer loop
      vertex 277.609 188.061 0
      vertex 277.344 187.322 -5
      vertex 277.344 187.322 0
    endloop
  endfacet
  facet normal 0.427758 0.903893 -0
    outer loop
      vertex 288.771 192.055 -5
      vertex 288.061 192.391 0
      vertex 288.771 192.055 0
    endloop
  endfacet
  facet normal 0.427758 0.903893 0
    outer loop
      vertex 288.061 192.391 0
      vertex 288.771 192.055 -5
      vertex 288.061 192.391 -5
    endloop
  endfacet
  facet normal -0.941309 -0.337546 0
    outer loop
      vertex 277.609 181.939 -5
      vertex 277.344 182.678 0
      vertex 277.344 182.678 -5
    endloop
  endfacet
  facet normal -0.941309 -0.337546 0
    outer loop
      vertex 277.344 182.678 0
      vertex 277.609 181.939 -5
      vertex 277.609 181.939 0
    endloop
  endfacet
  facet normal 0.970217 -0.242236 0
    outer loop
      vertex 292.656 182.678 0
      vertex 292.846 183.439 -5
      vertex 292.846 183.439 0
    endloop
  endfacet
  facet normal 0.970217 -0.242236 0
    outer loop
      vertex 292.846 183.439 -5
      vertex 292.656 182.678 0
      vertex 292.656 182.678 -5
    endloop
  endfacet
  facet normal -0.0496835 0.998765 0
    outer loop
      vertex 285 193 -5
      vertex 284.216 192.961 0
      vertex 285 193 0
    endloop
  endfacet
  facet normal -0.0496835 0.998765 0
    outer loop
      vertex 284.216 192.961 0
      vertex 285 193 -5
      vertex 284.216 192.961 -5
    endloop
  endfacet
  facet normal 0.671213 0.741264 -0
    outer loop
      vertex 290.657 190.657 -5
      vertex 290.075 191.184 0
      vertex 290.657 190.657 0
    endloop
  endfacet
  facet normal 0.671213 0.741264 0
    outer loop
      vertex 290.075 191.184 0
      vertex 290.657 190.657 -5
      vertex 290.075 191.184 -5
    endloop
  endfacet
  facet normal -0.427758 0.903893 0
    outer loop
      vertex 281.939 192.391 -5
      vertex 281.229 192.055 0
      vertex 281.939 192.391 0
    endloop
  endfacet
  facet normal -0.427758 0.903893 0
    outer loop
      vertex 281.229 192.055 0
      vertex 281.939 192.391 -5
      vertex 281.229 192.055 -5
    endloop
  endfacet
  facet normal -0.671213 0.741264 0
    outer loop
      vertex 279.925 191.184 -5
      vertex 279.343 190.657 0
      vertex 279.925 191.184 0
    endloop
  endfacet
  facet normal -0.671213 0.741264 0
    outer loop
      vertex 279.343 190.657 0
      vertex 279.925 191.184 -5
      vertex 279.343 190.657 -5
    endloop
  endfacet
  facet normal 0.337546 -0.941309 0
    outer loop
      vertex 287.322 177.344 -5
      vertex 288.061 177.609 0
      vertex 287.322 177.344 0
    endloop
  endfacet
  facet normal 0.337546 -0.941309 0
    outer loop
      vertex 288.061 177.609 0
      vertex 287.322 177.344 -5
      vertex 288.061 177.609 -5
    endloop
  endfacet
  facet normal -0.337546 0.941309 0
    outer loop
      vertex 282.678 192.656 -5
      vertex 281.939 192.391 0
      vertex 282.678 192.656 0
    endloop
  endfacet
  facet normal -0.337546 0.941309 0
    outer loop
      vertex 281.939 192.391 0
      vertex 282.678 192.656 -5
      vertex 281.939 192.391 -5
    endloop
  endfacet
  facet normal 0.802744 0.596324 0
    outer loop
      vertex 291.652 189.445 0
      vertex 291.184 190.075 -5
      vertex 291.184 190.075 0
    endloop
  endfacet
  facet normal 0.802744 0.596324 0
    outer loop
      vertex 291.184 190.075 -5
      vertex 291.652 189.445 0
      vertex 291.652 189.445 -5
    endloop
  endfacet
  facet normal -0.858278 0.513184 0
    outer loop
      vertex 277.945 188.771 -5
      vertex 278.348 189.445 0
      vertex 278.348 189.445 -5
    endloop
  endfacet
  facet normal -0.858278 0.513184 0
    outer loop
      vertex 278.348 189.445 0
      vertex 277.945 188.771 -5
      vertex 277.945 188.771 0
    endloop
  endfacet
  facet normal 0.998765 -0.0496835 0
    outer loop
      vertex 292.961 184.216 0
      vertex 293 185 -5
      vertex 293 185 0
    endloop
  endfacet
  facet normal 0.998765 -0.0496835 0
    outer loop
      vertex 293 185 -5
      vertex 292.961 184.216 0
      vertex 292.961 184.216 -5
    endloop
  endfacet
  facet normal 0.903893 -0.427758 0
    outer loop
      vertex 292.055 181.229 0
      vertex 292.391 181.939 -5
      vertex 292.391 181.939 0
    endloop
  endfacet
  facet normal 0.903893 -0.427758 0
    outer loop
      vertex 292.391 181.939 -5
      vertex 292.055 181.229 0
      vertex 292.055 181.229 -5
    endloop
  endfacet
  facet normal 0.858278 0.513184 0
    outer loop
      vertex 292.055 188.771 0
      vertex 291.652 189.445 -5
      vertex 291.652 189.445 0
    endloop
  endfacet
  facet normal 0.858278 0.513184 0
    outer loop
      vertex 291.652 189.445 -5
      vertex 292.055 188.771 0
      vertex 292.055 188.771 -5
    endloop
  endfacet
  facet normal 0.596324 0.802744 -0
    outer loop
      vertex 290.075 191.184 -5
      vertex 289.445 191.652 0
      vertex 290.075 191.184 0
    endloop
  endfacet
  facet normal 0.596324 0.802744 0
    outer loop
      vertex 289.445 191.652 0
      vertex 290.075 191.184 -5
      vertex 289.445 191.652 -5
    endloop
  endfacet
  facet normal -0.513184 -0.858278 0
    outer loop
      vertex 280.555 178.348 -5
      vertex 281.229 177.945 0
      vertex 280.555 178.348 0
    endloop
  endfacet
  facet normal -0.513184 -0.858278 -0
    outer loop
      vertex 281.229 177.945 0
      vertex 280.555 178.348 -5
      vertex 281.229 177.945 -5
    endloop
  endfacet
  facet normal 0.513184 0.858278 -0
    outer loop
      vertex 289.445 191.652 -5
      vertex 288.771 192.055 0
      vertex 289.445 191.652 0
    endloop
  endfacet
  facet normal 0.513184 0.858278 0
    outer loop
      vertex 288.771 192.055 0
      vertex 289.445 191.652 -5
      vertex 288.771 192.055 -5
    endloop
  endfacet
  facet normal 0.14641 -0.989224 0
    outer loop
      vertex 285.784 177.039 -5
      vertex 286.561 177.154 0
      vertex 285.784 177.039 0
    endloop
  endfacet
  facet normal 0.14641 -0.989224 0
    outer loop
      vertex 286.561 177.154 0
      vertex 285.784 177.039 -5
      vertex 286.561 177.154 -5
    endloop
  endfacet
  facet normal 0.941309 0.337546 0
    outer loop
      vertex 292.656 187.322 0
      vertex 292.391 188.061 -5
      vertex 292.391 188.061 0
    endloop
  endfacet
  facet normal 0.941309 0.337546 0
    outer loop
      vertex 292.391 188.061 -5
      vertex 292.656 187.322 0
      vertex 292.656 187.322 -5
    endloop
  endfacet
  facet normal 0.858278 -0.513184 0
    outer loop
      vertex 291.652 180.555 0
      vertex 292.055 181.229 -5
      vertex 292.055 181.229 0
    endloop
  endfacet
  facet normal 0.858278 -0.513184 0
    outer loop
      vertex 292.055 181.229 -5
      vertex 291.652 180.555 0
      vertex 291.652 180.555 -5
    endloop
  endfacet
  facet normal -0.998765 -0.0496835 0
    outer loop
      vertex 277.039 184.216 -5
      vertex 277 185 0
      vertex 277 185 -5
    endloop
  endfacet
  facet normal -0.998765 -0.0496835 0
    outer loop
      vertex 277 185 0
      vertex 277.039 184.216 -5
      vertex 277.039 184.216 0
    endloop
  endfacet
  facet normal 0.941309 -0.337546 0
    outer loop
      vertex 292.391 181.939 0
      vertex 292.656 182.678 -5
      vertex 292.656 182.678 0
    endloop
  endfacet
  facet normal 0.941309 -0.337546 0
    outer loop
      vertex 292.656 182.678 -5
      vertex 292.391 181.939 0
      vertex 292.391 181.939 -5
    endloop
  endfacet
  facet normal 0.741264 0.671213 0
    outer loop
      vertex 291.184 190.075 0
      vertex 290.657 190.657 -5
      vertex 290.657 190.657 0
    endloop
  endfacet
  facet normal 0.741264 0.671213 0
    outer loop
      vertex 290.657 190.657 -5
      vertex 291.184 190.075 0
      vertex 291.184 190.075 -5
    endloop
  endfacet
  facet normal 0.0496835 0.998765 -0
    outer loop
      vertex 285.784 192.961 -5
      vertex 285 193 0
      vertex 285.784 192.961 0
    endloop
  endfacet
  facet normal 0.0496835 0.998765 0
    outer loop
      vertex 285 193 0
      vertex 285.784 192.961 -5
      vertex 285 193 -5
    endloop
  endfacet
  facet normal 0.903893 0.427758 0
    outer loop
      vertex 292.391 188.061 0
      vertex 292.055 188.771 -5
      vertex 292.055 188.771 0
    endloop
  endfacet
  facet normal 0.903893 0.427758 0
    outer loop
      vertex 292.055 188.771 -5
      vertex 292.391 188.061 0
      vertex 292.391 188.061 -5
    endloop
  endfacet
  facet normal -0.14641 -0.989224 0
    outer loop
      vertex 283.439 177.154 -5
      vertex 284.216 177.039 0
      vertex 283.439 177.154 0
    endloop
  endfacet
  facet normal -0.14641 -0.989224 -0
    outer loop
      vertex 284.216 177.039 0
      vertex 283.439 177.154 -5
      vertex 284.216 177.039 -5
    endloop
  endfacet
  facet normal 0.671213 -0.741264 0
    outer loop
      vertex 290.075 178.816 -5
      vertex 290.657 179.343 0
      vertex 290.075 178.816 0
    endloop
  endfacet
  facet normal 0.671213 -0.741264 0
    outer loop
      vertex 290.657 179.343 0
      vertex 290.075 178.816 -5
      vertex 290.657 179.343 -5
    endloop
  endfacet
  facet normal -0.0496835 -0.998765 0
    outer loop
      vertex 284.216 177.039 -5
      vertex 285 177 0
      vertex 284.216 177.039 0
    endloop
  endfacet
  facet normal -0.0496835 -0.998765 -0
    outer loop
      vertex 285 177 0
      vertex 284.216 177.039 -5
      vertex 285 177 -5
    endloop
  endfacet
  facet normal -0.741264 0.671213 0
    outer loop
      vertex 278.816 190.075 -5
      vertex 279.343 190.657 0
      vertex 279.343 190.657 -5
    endloop
  endfacet
  facet normal -0.741264 0.671213 0
    outer loop
      vertex 279.343 190.657 0
      vertex 278.816 190.075 -5
      vertex 278.816 190.075 0
    endloop
  endfacet
  facet normal -0.14641 0.989224 0
    outer loop
      vertex 284.216 192.961 -5
      vertex 283.439 192.846 0
      vertex 284.216 192.961 0
    endloop
  endfacet
  facet normal -0.14641 0.989224 0
    outer loop
      vertex 283.439 192.846 0
      vertex 284.216 192.961 -5
      vertex 283.439 192.846 -5
    endloop
  endfacet
  facet normal -0.903893 0.427758 0
    outer loop
      vertex 277.609 188.061 -5
      vertex 277.945 188.771 0
      vertex 277.945 188.771 -5
    endloop
  endfacet
  facet normal -0.903893 0.427758 0
    outer loop
      vertex 277.945 188.771 0
      vertex 277.609 188.061 -5
      vertex 277.609 188.061 0
    endloop
  endfacet
  facet normal -0.671213 -0.741264 0
    outer loop
      vertex 279.343 179.343 -5
      vertex 279.925 178.816 0
      vertex 279.343 179.343 0
    endloop
  endfacet
  facet normal -0.671213 -0.741264 -0
    outer loop
      vertex 279.925 178.816 0
      vertex 279.343 179.343 -5
      vertex 279.925 178.816 -5
    endloop
  endfacet
  facet normal -0.970217 0.242236 0
    outer loop
      vertex 277.154 186.561 -5
      vertex 277.344 187.322 0
      vertex 277.344 187.322 -5
    endloop
  endfacet
  facet normal -0.970217 0.242236 0
    outer loop
      vertex 277.344 187.322 0
      vertex 277.154 186.561 -5
      vertex 277.154 186.561 0
    endloop
  endfacet
  facet normal 0.242236 0.970217 -0
    outer loop
      vertex 287.322 192.656 -5
      vertex 286.561 192.846 0
      vertex 287.322 192.656 0
    endloop
  endfacet
  facet normal 0.242236 0.970217 0
    outer loop
      vertex 286.561 192.846 0
      vertex 287.322 192.656 -5
      vertex 286.561 192.846 -5
    endloop
  endfacet
  facet normal -0.970217 -0.242236 0
    outer loop
      vertex 277.344 182.678 -5
      vertex 277.154 183.439 0
      vertex 277.154 183.439 -5
    endloop
  endfacet
  facet normal -0.970217 -0.242236 0
    outer loop
      vertex 277.154 183.439 0
      vertex 277.344 182.678 -5
      vertex 277.344 182.678 0
    endloop
  endfacet
  facet normal -0.427758 -0.903893 0
    outer loop
      vertex 281.229 177.945 -5
      vertex 281.939 177.609 0
      vertex 281.229 177.945 0
    endloop
  endfacet
  facet normal -0.427758 -0.903893 -0
    outer loop
      vertex 281.939 177.609 0
      vertex 281.229 177.945 -5
      vertex 281.939 177.609 -5
    endloop
  endfacet
  facet normal -0.741264 -0.671213 0
    outer loop
      vertex 279.343 179.343 -5
      vertex 278.816 179.925 0
      vertex 278.816 179.925 -5
    endloop
  endfacet
  facet normal -0.741264 -0.671213 0
    outer loop
      vertex 278.816 179.925 0
      vertex 279.343 179.343 -5
      vertex 279.343 179.343 0
    endloop
  endfacet
  facet normal 0.0496835 -0.998765 0
    outer loop
      vertex 285 177 -5
      vertex 285.784 177.039 0
      vertex 285 177 0
    endloop
  endfacet
  facet normal 0.0496835 -0.998765 0
    outer loop
      vertex 285.784 177.039 0
      vertex 285 177 -5
      vertex 285.784 177.039 -5
    endloop
  endfacet
  facet normal -0.989224 -0.14641 0
    outer loop
      vertex 277.154 183.439 -5
      vertex 277.039 184.216 0
      vertex 277.039 184.216 -5
    endloop
  endfacet
  facet normal -0.989224 -0.14641 0
    outer loop
      vertex 277.039 184.216 0
      vertex 277.154 183.439 -5
      vertex 277.154 183.439 0
    endloop
  endfacet
  facet normal 0.596324 -0.802744 0
    outer loop
      vertex 289.445 178.348 -5
      vertex 290.075 178.816 0
      vertex 289.445 178.348 0
    endloop
  endfacet
  facet normal 0.596324 -0.802744 0
    outer loop
      vertex 290.075 178.816 0
      vertex 289.445 178.348 -5
      vertex 290.075 178.816 -5
    endloop
  endfacet
  facet normal 0 0 -1
    outer loop
      vertex 292.961 184.216 -5
      vertex 292.961 185.784 -5
      vertex 293 185 -5
    endloop
  endfacet
  facet normal 0 0 -1
    outer loop
      vertex 292.846 183.439 -5
      vertex 292.961 185.784 -5
      vertex 292.961 184.216 -5
    endloop
  endfacet
  facet normal 0 0 -1
    outer loop
      vertex 292.846 183.439 -5
      vertex 292.846 186.561 -5
      vertex 292.961 185.784 -5
    endloop
  endfacet
  facet normal 0 0 -1
    outer loop
      vertex 292.656 182.678 -5
      vertex 292.846 186.561 -5
      vertex 292.846 183.439 -5
    endloop
  endfacet
  facet normal 0 0 -1
    outer loop
      vertex 292.656 182.678 -5
      vertex 292.656 187.322 -5
      vertex 292.846 186.561 -5
    endloop
  endfacet
  facet normal 0 0 -1
    outer loop
      vertex 292.391 181.939 -5
      vertex 292.656 187.322 -5
      vertex 292.656 182.678 -5
    endloop
  endfacet
  facet normal 0 0 -1
    outer loop
      vertex 292.391 181.939 -5
      vertex 292.391 188.061 -5
      vertex 292.656 187.322 -5
    endloop
  endfacet
  facet normal 0 0 -1
    outer loop
      vertex 292.055 181.229 -5
      vertex 292.391 188.061 -5
      vertex 292.391 181.939 -5
    endloop
  endfacet
  facet normal 0 0 -1
    outer loop
      vertex 292.055 181.229 -5
      vertex 292.055 188.771 -5
      vertex 292.391 188.061 -5
    endloop
  endfacet
  facet normal 0 0 -1
    outer loop
      vertex 291.652 180.555 -5
      vertex 292.055 188.771 -5
      vertex 292.055 181.229 -5
    endloop
  endfacet
  facet normal 0 0 -1
    outer loop
      vertex 291.652 180.555 -5
      vertex 291.652 189.445 -5
      vertex 292.055 188.771 -5
    endloop
  endfacet
  facet normal 0 0 -1
    outer loop
      vertex 291.184 179.925 -5
      vertex 291.652 189.445 -5
      vertex 291.652 180.555 -5
    endloop
  endfacet
  facet normal 0 0 -1
    outer loop
      vertex 291.184 179.925 -5
      vertex 291.184 190.075 -5
      vertex 291.652 189.445 -5
    endloop
  endfacet
  facet normal 0 0 -1
    outer loop
      vertex 290.657 179.343 -5
      vertex 291.184 190.075 -5
      vertex 291.184 179.925 -5
    endloop
  endfacet
  facet normal 0 0 -1
    outer loop
      vertex 290.657 179.343 -5
      vertex 290.657 190.657 -5
      vertex 291.184 190.075 -5
    endloop
  endfacet
  facet normal 0 0 -1
    outer loop
      vertex 290.075 178.816 -5
      vertex 290.657 190.657 -5
      vertex 290.657 179.343 -5
    endloop
  endfacet
  facet normal 0 0 -1
    outer loop
      vertex 290.075 178.816 -5
      vertex 290.075 191.184 -5
      vertex 290.657 190.657 -5
    endloop
  endfacet
  facet normal 0 0 -1
    outer loop
      vertex 289.445 178.348 -5
      vertex 290.075 191.184 -5
      vertex 290.075 178.816 -5
    endloop
  endfacet
  facet normal 0 0 -1
    outer loop
      vertex 289.445 178.348 -5
      vertex 289.445 191.652 -5
      vertex 290.075 191.184 -5
    endloop
  endfacet
  facet normal 0 0 -1
    outer loop
      vertex 288.771 177.945 -5
      vertex 289.445 191.652 -5
      vertex 289.445 178.348 -5
    endloop
  endfacet
  facet normal 0 0 -1
    outer loop
      vertex 288.771 177.945 -5
      vertex 288.771 192.055 -5
      vertex 289.445 191.652 -5
    endloop
  endfacet
  facet normal 0 0 -1
    outer loop
      vertex 288.061 177.609 -5
      vertex 288.771 192.055 -5
      vertex 288.771 177.945 -5
    endloop
  endfacet
  facet normal 0 0 -1
    outer loop
      vertex 288.061 177.609 -5
      vertex 288.061 192.391 -5
      vertex 288.771 192.055 -5
    endloop
  endfacet
  facet normal 0 0 -1
    outer loop
      vertex 287.322 177.344 -5
      vertex 288.061 192.391 -5
      vertex 288.061 177.609 -5
    endloop
  endfacet
  facet normal 0 0 -1
    outer loop
      vertex 287.322 177.344 -5
      vertex 287.322 192.656 -5
      vertex 288.061 192.391 -5
    endloop
  endfacet
  facet normal 0 0 -1
    outer loop
      vertex 286.561 177.154 -5
      vertex 287.322 192.656 -5
      vertex 287.322 177.344 -5
    endloop
  endfacet
  facet normal 0 0 -1
    outer loop
      vertex 286.561 177.154 -5
      vertex 286.561 192.846 -5
      vertex 287.322 192.656 -5
    endloop
  endfacet
  facet normal 0 0 -1
    outer loop
      vertex 285.784 177.039 -5
      vertex 286.561 192.846 -5
      vertex 286.561 177.154 -5
    endloop
  endfacet
  facet normal 0 0 -1
    outer loop
      vertex 285.784 177.039 -5
      vertex 285.784 192.961 -5
      vertex 286.561 192.846 -5
    endloop
  endfacet
  facet normal 0 0 -1
    outer loop
      vertex 285 177 -5
      vertex 285.784 192.961 -5
      vertex 285.784 177.039 -5
    endloop
  endfacet
  facet normal 0 0 -1
    outer loop
      vertex 285 177 -5
      vertex 285 193 -5
      vertex 285.784 192.961 -5
    endloop
  endfacet
  facet normal 0 0 -1
    outer loop
      vertex 284.216 177.039 -5
      vertex 285 193 -5
      vertex 285 177 -5
    endloop
  endfacet
  facet normal 0 0 -1
    outer loop
      vertex 284.216 177.039 -5
      vertex 284.216 192.961 -5
      vertex 285 193 -5
    endloop
  endfacet
  facet normal 0 0 -1
    outer loop
      vertex 283.439 177.154 -5
      vertex 284.216 192.961 -5
      vertex 284.216 177.039 -5
    endloop
  endfacet
  facet normal 0 0 -1
    outer loop
      vertex 283.439 177.154 -5
      vertex 283.439 192.846 -5
      vertex 284.216 192.961 -5
    endloop
  endfacet
  facet normal 0 0 -1
    outer loop
      vertex 282.678 177.344 -5
      vertex 283.439 192.846 -5
      vertex 283.439 177.154 -5
    endloop
  endfacet
  facet normal 0 0 -1
    outer loop
      vertex 282.678 177.344 -5
      vertex 282.678 192.656 -5
      vertex 283.439 192.846 -5
    endloop
  endfacet
  facet normal 0 0 -1
    outer loop
      vertex 281.939 177.609 -5
      vertex 282.678 192.656 -5
      vertex 282.678 177.344 -5
    endloop
  endfacet
  facet normal 0 0 -1
    outer loop
      vertex 281.939 177.609 -5
      vertex 281.939 192.391 -5
      vertex 282.678 192.656 -5
    endloop
  endfacet
  facet normal 0 0 -1
    outer loop
      vertex 281.229 177.945 -5
      vertex 281.939 192.391 -5
      vertex 281.939 177.609 -5
    endloop
  endfacet
  facet normal 0 0 -1
    outer loop
      vertex 281.229 177.945 -5
      vertex 281.229 192.055 -5
      vertex 281.939 192.391 -5
    endloop
  endfacet
  facet normal 0 0 -1
    outer loop
      vertex 280.555 178.348 -5
      vertex 281.229 192.055 -5
      vertex 281.229 177.945 -5
    endloop
  endfacet
  facet normal 0 0 -1
    outer loop
      vertex 280.555 178.348 -5
      vertex 280.555 191.652 -5
      vertex 281.229 192.055 -5
    endloop
  endfacet
  facet normal 0 0 -1
    outer loop
      vertex 279.925 178.816 -5
      vertex 280.555 191.652 -5
      vertex 280.555 178.348 -5
    endloop
  endfacet
  facet normal 0 0 -1
    outer loop
      vertex 279.925 178.816 -5
      vertex 279.925 191.184 -5
      vertex 280.555 191.652 -5
    endloop
  endfacet
  facet normal 0 0 -1
    outer loop
      vertex 279.343 179.343 -5
      vertex 279.925 191.184 -5
      vertex 279.925 178.816 -5
    endloop
  endfacet
  facet normal 0 0 -1
    outer loop
      vertex 279.343 179.343 -5
      vertex 279.343 190.657 -5
      vertex 279.925 191.184 -5
    endloop
  endfacet
  facet normal 0 0 -1
    outer loop
      vertex 278.816 179.925 -5
      vertex 279.343 190.657 -5
      vertex 279.343 179.343 -5
    endloop
  endfacet
  facet normal 0 0 -1
    outer loop
      vertex 278.816 179.925 -5
      vertex 278.816 190.075 -5
      vertex 279.343 190.657 -5
    endloop
  endfacet
  facet normal 0 0 -1
    outer loop
      vertex 278.348 180.555 -5
      vertex 278.816 190.075 -5
      vertex 278.816 179.925 -5
    endloop
  endfacet
  facet normal 0 0 -1
    outer loop
      vertex 278.348 180.555 -5
      vertex 278.348 189.445 -5
      vertex 278.816 190.075 -5
    endloop
  endfacet
  facet normal 0 0 -1
    outer loop
      vertex 277.945 181.229 -5
      vertex 278.348 189.445 -5
      vertex 278.348 180.555 -5
    endloop
  endfacet
  facet normal 0 0 -1
    outer loop
      vertex 277.945 181.229 -5
      vertex 277.945 188.771 -5
      vertex 278.348 189.445 -5
    endloop
  endfacet
  facet normal 0 0 -1
    outer loop
      vertex 277.609 181.939 -5
      vertex 277.945 188.771 -5
      vertex 277.945 181.229 -5
    endloop
  endfacet
  facet normal 0 0 -1
    outer loop
      vertex 277.609 181.939 -5
      vertex 277.609 188.061 -5
      vertex 277.945 188.771 -5
    endloop
  endfacet
  facet normal 0 0 -1
    outer loop
      vertex 277.344 182.678 -5
      vertex 277.609 188.061 -5
      vertex 277.609 181.939 -5
    endloop
  endfacet
  facet normal 0 0 -1
    outer loop
      vertex 277.344 182.678 -5
      vertex 277.344 187.322 -5
      vertex 277.609 188.061 -5
    endloop
  endfacet
  facet normal 0 0 -1
    outer loop
      vertex 277.154 183.439 -5
      vertex 277.344 187.322 -5
      vertex 277.344 182.678 -5
    endloop
  endfacet
  facet normal 0 0 -1
    outer loop
      vertex 277.154 183.439 -5
      vertex 277.154 186.561 -5
      vertex 277.344 187.322 -5
    endloop
  endfacet
  facet normal 0 0 -1
    outer loop
      vertex 277.039 184.216 -5
      vertex 277.154 186.561 -5
      vertex 277.154 183.439 -5
    endloop
  endfacet
  facet normal 0 0 -1
    outer loop
      vertex 277.039 184.216 -5
      vertex 277.039 185.784 -5
      vertex 277.154 186.561 -5
    endloop
  endfacet
  facet normal 0 -0 -1
    outer loop
      vertex 277.039 185.784 -5
      vertex 277.039 184.216 -5
      vertex 277 185 -5
    endloop
  endfacet
  facet normal -0.802744 -0.596324 0
    outer loop
      vertex 278.816 179.925 -5
      vertex 278.348 180.555 0
      vertex 278.348 180.555 -5
    endloop
  endfacet
  facet normal -0.802744 -0.596324 0
    outer loop
      vertex 278.348 180.555 0
      vertex 278.816 179.925 -5
      vertex 278.816 179.925 0
    endloop
  endfacet
  facet normal -0.998765 0.0496835 0
    outer loop
      vertex 277 185 -5
      vertex 277.039 185.784 0
      vertex 277.039 185.784 -5
    endloop
  endfacet
  facet normal -0.998765 0.0496835 0
    outer loop
      vertex 277.039 185.784 0
      vertex 277 185 -5
      vertex 277 185 0
    endloop
  endfacet
  facet normal 0.741264 -0.671213 0
    outer loop
      vertex 290.657 179.343 0
      vertex 291.184 179.925 -5
      vertex 291.184 179.925 0
    endloop
  endfacet
  facet normal 0.741264 -0.671213 0
    outer loop
      vertex 291.184 179.925 -5
      vertex 290.657 179.343 0
      vertex 290.657 179.343 -5
    endloop
  endfacet
  facet normal 0 0 1
    outer loop
      vertex 37.2289 55.4007 99.2
      vertex 38.3525 55.9866 99.2
      vertex 38.006 56.4494 99.2
    endloop
  endfacet
  facet normal 0 0 1
    outer loop
      vertex 37.024 55.6673 99.2
      vertex 38.006 56.4494 99.2
      vertex 37.5614 56.8136 99.2
    endloop
  endfacet
  facet normal 0 -0 1
    outer loop
      vertex 37.3668 55.0882 99.2
      vertex 38.3525 55.9866 99.2
      vertex 37.2289 55.4007 99.2
    endloop
  endfacet
  facet normal 0 0 1
    outer loop
      vertex 38.3525 55.9866 99.2
      vertex 37.3668 55.0882 99.2
      vertex 38.601 55.4252 99.2
    endloop
  endfacet
  facet normal 0 0 1
    outer loop
      vertex 38.006 56.4494 99.2
      vertex 37.024 55.6673 99.2
      vertex 37.2289 55.4007 99.2
    endloop
  endfacet
  facet normal 0 0 1
    outer loop
      vertex 36.7521 55.888 99.2
      vertex 37.5614 56.8136 99.2
      vertex 37.0192 57.076 99.2
    endloop
  endfacet
  facet normal 0 0 1
    outer loop
      vertex 37.5614 56.8136 99.2
      vertex 36.7521 55.888 99.2
      vertex 37.024 55.6673 99.2
    endloop
  endfacet
  facet normal 0 0 1
    outer loop
      vertex 37.0192 57.076 99.2
      vertex 36.4285 56.0528 99.2
      vertex 36.7521 55.888 99.2
    endloop
  endfacet
  facet normal 0 0 1
    outer loop
      vertex 36.3799 57.2335 99.2
      vertex 36.4285 56.0528 99.2
      vertex 37.0192 57.076 99.2
    endloop
  endfacet
  facet normal 0 0 1
    outer loop
      vertex 36.3799 57.2335 99.2
      vertex 36.0685 56.1517 99.2
      vertex 36.4285 56.0528 99.2
    endloop
  endfacet
  facet normal 0 0 1
    outer loop
      vertex 35.6436 57.286 99.2
      vertex 36.0685 56.1517 99.2
      vertex 36.3799 57.2335 99.2
    endloop
  endfacet
  facet normal 0 0 1
    outer loop
      vertex 36.0685 56.1517 99.2
      vertex 35.6436 57.286 99.2
      vertex 35.6721 56.1847 99.2
    endloop
  endfacet
  facet normal 0 0 1
    outer loop
      vertex 35.6436 57.286 99.2
      vertex 35.0901 56.1193 99.2
      vertex 35.6721 56.1847 99.2
    endloop
  endfacet
  facet normal -0 0 1
    outer loop
      vertex 34.6526 57.1879 99.2
      vertex 35.0901 56.1193 99.2
      vertex 35.6436 57.286 99.2
    endloop
  endfacet
  facet normal 0 0 1
    outer loop
      vertex 34.6526 57.1879 99.2
      vertex 34.6099 55.923 99.2
      vertex 35.0901 56.1193 99.2
    endloop
  endfacet
  facet normal -0 0 1
    outer loop
      vertex 33.8314 56.8936 99.2
      vertex 34.6099 55.923 99.2
      vertex 34.6526 57.1879 99.2
    endloop
  endfacet
  facet normal 0 0 1
    outer loop
      vertex 34.6099 55.923 99.2
      vertex 33.8314 56.8936 99.2
      vertex 34.2315 55.596 99.2
    endloop
  endfacet
  facet normal -0 0 1
    outer loop
      vertex 33.18 56.4031 99.2
      vertex 34.2315 55.596 99.2
      vertex 33.8314 56.8936 99.2
    endloop
  endfacet
  facet normal 0 0 1
    outer loop
      vertex 34.2315 55.596 99.2
      vertex 33.18 56.4031 99.2
      vertex 33.9585 55.143 99.2
    endloop
  endfacet
  facet normal -0 0 1
    outer loop
      vertex 32.708 55.7295 99.2
      vertex 33.9585 55.143 99.2
      vertex 33.18 56.4031 99.2
    endloop
  endfacet
  facet normal 0 0 1
    outer loop
      vertex 32.4247 54.8862 99.2
      vertex 33.9585 55.143 99.2
      vertex 32.708 55.7295 99.2
    endloop
  endfacet
  facet normal 0 0 1
    outer loop
      vertex 33.9585 55.143 99.2
      vertex 32.4247 54.8862 99.2
      vertex 33.7948 54.5686 99.2
    endloop
  endfacet
  facet normal 0 -0 1
    outer loop
      vertex 32.4282 52.859 99.2
      vertex 33.7402 53.873 99.2
      vertex 32.3303 53.873 99.2
    endloop
  endfacet
  facet normal 0 0 1
    outer loop
      vertex 32.3303 53.873 99.2
      vertex 33.7948 54.5686 99.2
      vertex 32.4247 54.8862 99.2
    endloop
  endfacet
  facet normal 0 -0 1
    outer loop
      vertex 32.7217 52.007 99.2
      vertex 33.7402 53.873 99.2
      vertex 32.4282 52.859 99.2
    endloop
  endfacet
  facet normal 0 0 1
    outer loop
      vertex 33.7948 54.5686 99.2
      vertex 32.3303 53.873 99.2
      vertex 33.7402 53.873 99.2
    endloop
  endfacet
  facet normal 0 0 1
    outer loop
      vertex 33.7402 53.873 99.2
      vertex 32.7217 52.007 99.2
      vertex 33.2109 51.3168 99.2
    endloop
  endfacet
  facet normal 0 0 1
    outer loop
      vertex 37.4664 52.7764 99.2
      vertex 38.3829 51.7255 99.2
      vertex 38.6864 52.316 99.2
    endloop
  endfacet
  facet normal -0 0 1
    outer loop
      vertex 37.0514 52.0697 99.2
      vertex 38.3829 51.7255 99.2
      vertex 37.4664 52.7764 99.2
    endloop
  endfacet
  facet normal 0 0 1
    outer loop
      vertex 38.3829 51.7255 99.2
      vertex 37.0514 52.0697 99.2
      vertex 37.9976 51.2453 99.2
    endloop
  endfacet
  facet normal 0 0 1
    outer loop
      vertex 37.9976 51.2453 99.2
      vertex 37.0514 52.0697 99.2
      vertex 37.5306 50.8753 99.2
    endloop
  endfacet
  facet normal -0 0 1
    outer loop
      vertex 36.4644 51.6456 99.2
      vertex 37.5306 50.8753 99.2
      vertex 37.0514 52.0697 99.2
    endloop
  endfacet
  facet normal 0 0 1
    outer loop
      vertex 37.5306 50.8753 99.2
      vertex 36.4644 51.6456 99.2
      vertex 36.9892 50.6129 99.2
    endloop
  endfacet
  facet normal 0 0 1
    outer loop
      vertex 36.4644 51.6456 99.2
      vertex 36.3808 50.4555 99.2
      vertex 36.9892 50.6129 99.2
    endloop
  endfacet
  facet normal -0 0 1
    outer loop
      vertex 35.7054 51.5043 99.2
      vertex 36.3808 50.4555 99.2
      vertex 36.4644 51.6456 99.2
    endloop
  endfacet
  facet normal 0 0 1
    outer loop
      vertex 35.7054 51.5043 99.2
      vertex 35.7054 50.403 99.2
      vertex 36.3808 50.4555 99.2
    endloop
  endfacet
  facet normal 0 0 1
    outer loop
      vertex 35.1192 51.5718 99.2
      vertex 35.7054 50.403 99.2
      vertex 35.7054 51.5043 99.2
    endloop
  endfacet
  facet normal 0 0 1
    outer loop
      vertex 35.1192 51.5718 99.2
      vertex 34.7109 50.5046 99.2
      vertex 35.7054 50.403 99.2
    endloop
  endfacet
  facet normal 0 0 1
    outer loop
      vertex 34.6326 51.7743 99.2
      vertex 34.7109 50.5046 99.2
      vertex 35.1192 51.5718 99.2
    endloop
  endfacet
  facet normal 0 0 1
    outer loop
      vertex 33.8794 50.8092 99.2
      vertex 34.6326 51.7743 99.2
      vertex 34.2457 52.1119 99.2
    endloop
  endfacet
  facet normal 0 0 1
    outer loop
      vertex 33.2109 51.3168 99.2
      vertex 34.2457 52.1119 99.2
      vertex 33.9649 52.5776 99.2
    endloop
  endfacet
  facet normal 0 0 1
    outer loop
      vertex 34.6326 51.7743 99.2
      vertex 33.8794 50.8092 99.2
      vertex 34.7109 50.5046 99.2
    endloop
  endfacet
  facet normal 0 0 1
    outer loop
      vertex 33.2109 51.3168 99.2
      vertex 33.9649 52.5776 99.2
      vertex 33.7964 53.1646 99.2
    endloop
  endfacet
  facet normal 0 0 1
    outer loop
      vertex 33.2109 51.3168 99.2
      vertex 33.7964 53.1646 99.2
      vertex 33.7402 53.873 99.2
    endloop
  endfacet
  facet normal 0 0 1
    outer loop
      vertex 34.2457 52.1119 99.2
      vertex 33.2109 51.3168 99.2
      vertex 33.8794 50.8092 99.2
    endloop
  endfacet
  facet normal -0 0 1
    outer loop
      vertex 40.0223 52.8524 99.2
      vertex 41.978 51.8603 99.2
      vertex 41.978 52.8524 99.2
    endloop
  endfacet
  facet normal 0 0 1
    outer loop
      vertex 38.9352 51.8603 99.2
      vertex 40.0223 52.8524 99.2
      vertex 38.9352 52.8619 99.2
    endloop
  endfacet
  facet normal 0 0 1
    outer loop
      vertex 40.0223 52.8524 99.2
      vertex 38.9352 51.8603 99.2
      vertex 41.978 51.8603 99.2
    endloop
  endfacet
  facet normal -0 0 1
    outer loop
      vertex 41.978 55.0407 99.2
      vertex 43.2502 52.8524 99.2
      vertex 43.2502 57.1863 99.2
    endloop
  endfacet
  facet normal 0 0 1
    outer loop
      vertex 41.978 52.8524 99.2
      vertex 43.2502 52.8524 99.2
      vertex 41.978 55.0407 99.2
    endloop
  endfacet
  facet normal 0 0 1
    outer loop
      vertex 42.0136 55.8999 99.2
      vertex 43.2502 57.1863 99.2
      vertex 42.0207 55.9805 99.2
    endloop
  endfacet
  facet normal 0 0 1
    outer loop
      vertex 41.7597 57.1863 99.2
      vertex 41.9163 55.777 99.2
      vertex 42.0207 55.9805 99.2
    endloop
  endfacet
  facet normal -0 0 1
    outer loop
      vertex 41.7597 57.1863 99.2
      vertex 42.0207 55.9805 99.2
      vertex 43.2502 57.1863 99.2
    endloop
  endfacet
  facet normal 0 0 1
    outer loop
      vertex 41.9163 55.777 99.2
      vertex 41.7597 57.1863 99.2
      vertex 41.7676 55.5207 99.2
    endloop
  endfacet
  facet normal 0 0 1
    outer loop
      vertex 41.7597 57.1863 99.2
      vertex 41.5745 55.2116 99.2
      vertex 41.7676 55.5207 99.2
    endloop
  endfacet
  facet normal 0 0 1
    outer loop
      vertex 38.9352 52.8619 99.2
      vertex 41.5745 55.2116 99.2
      vertex 41.7597 57.1863 99.2
    endloop
  endfacet
  facet normal 0 0 1
    outer loop
      vertex 41.5745 55.2116 99.2
      vertex 38.9352 52.8619 99.2
      vertex 40.0223 52.8524 99.2
    endloop
  endfacet
  facet normal -0 0 1
    outer loop
      vertex 43.2502 52.8524 99.2
      vertex 44.1426 51.8603 99.2
      vertex 44.1426 52.8524 99.2
    endloop
  endfacet
  facet normal 0 0 1
    outer loop
      vertex 44.1426 51.8603 99.2
      vertex 43.2502 52.8524 99.2
      vertex 43.2502 51.8603 99.2
    endloop
  endfacet
  facet normal 0 0 1
    outer loop
      vertex 42.0049 55.7717 99.2
      vertex 43.2502 57.1863 99.2
      vertex 42.0136 55.8999 99.2
    endloop
  endfacet
  facet normal 0 0 1
    outer loop
      vertex 41.9946 55.596 99.2
      vertex 43.2502 57.1863 99.2
      vertex 42.0049 55.7717 99.2
    endloop
  endfacet
  facet normal 0 0 1
    outer loop
      vertex 41.9854 55.4014 99.2
      vertex 43.2502 57.1863 99.2
      vertex 41.9946 55.596 99.2
    endloop
  endfacet
  facet normal 0 0 1
    outer loop
      vertex 41.9799 55.2163 99.2
      vertex 43.2502 57.1863 99.2
      vertex 41.9854 55.4014 99.2
    endloop
  endfacet
  facet normal 0 0 1
    outer loop
      vertex 41.978 55.0407 99.2
      vertex 43.2502 57.1863 99.2
      vertex 41.9799 55.2163 99.2
    endloop
  endfacet
  facet normal 0 0 1
    outer loop
      vertex 43.2502 52.8524 99.2
      vertex 41.978 52.8524 99.2
      vertex 43.2502 51.8603 99.2
    endloop
  endfacet
  facet normal 0 0 1
    outer loop
      vertex 41.978 51.8603 99.2
      vertex 43.2502 51.8603 99.2
      vertex 41.978 52.8524 99.2
    endloop
  endfacet
  facet normal 0 0 1
    outer loop
      vertex 43.2502 51.8603 99.2
      vertex 41.978 51.8603 99.2
      vertex 43.2502 50.498 99.2
    endloop
  endfacet
  facet normal 0 0 1
    outer loop
      vertex 43.2502 50.498 99.2
      vertex 41.978 51.8603 99.2
      vertex 41.978 50.498 99.2
    endloop
  endfacet
  facet normal -0.250465 0.968126 0
    outer loop
      vertex 36.9892 50.6129 99.2
      vertex 36.3808 50.4555 100
      vertex 36.9892 50.6129 100
    endloop
  endfacet
  facet normal -0.250465 0.968126 0
    outer loop
      vertex 36.3808 50.4555 100
      vertex 36.9892 50.6129 99.2
      vertex 36.3808 50.4555 99.2
    endloop
  endfacet
  facet normal -0.436143 0.899877 0
    outer loop
      vertex 37.5306 50.8753 99.2
      vertex 36.9892 50.6129 100
      vertex 37.5306 50.8753 100
    endloop
  endfacet
  facet normal -0.436143 0.899877 0
    outer loop
      vertex 36.9892 50.6129 100
      vertex 37.5306 50.8753 99.2
      vertex 36.9892 50.6129 99.2
    endloop
  endfacet
  facet normal -0.621004 0.783808 0
    outer loop
      vertex 37.9976 51.2453 99.2
      vertex 37.5306 50.8753 100
      vertex 37.9976 51.2453 100
    endloop
  endfacet
  facet normal -0.621004 0.783808 0
    outer loop
      vertex 37.5306 50.8753 100
      vertex 37.9976 51.2453 99.2
      vertex 37.5306 50.8753 99.2
    endloop
  endfacet
  facet normal -0.779965 0.625823 0
    outer loop
      vertex 37.9976 51.2453 99.2
      vertex 38.3829 51.7255 100
      vertex 38.3829 51.7255 99.2
    endloop
  endfacet
  facet normal -0.779965 0.625823 0
    outer loop
      vertex 38.3829 51.7255 100
      vertex 37.9976 51.2453 99.2
      vertex 37.9976 51.2453 100
    endloop
  endfacet
  facet normal -0.889402 0.457127 0
    outer loop
      vertex 38.3829 51.7255 99.2
      vertex 38.6864 52.316 100
      vertex 38.6864 52.316 99.2
    endloop
  endfacet
  facet normal -0.889402 0.457127 0
    outer loop
      vertex 38.6864 52.316 100
      vertex 38.3829 51.7255 99.2
      vertex 38.3829 51.7255 100
    endloop
  endfacet
  facet normal -0.353072 -0.935596 0
    outer loop
      vertex 37.4664 52.7764 99.2
      vertex 38.6864 52.316 100
      vertex 37.4664 52.7764 100
    endloop
  endfacet
  facet normal -0.353072 -0.935596 -0
    outer loop
      vertex 38.6864 52.316 100
      vertex 37.4664 52.7764 99.2
      vertex 38.6864 52.316 99.2
    endloop
  endfacet
  facet normal 0.86231 -0.50638 0
    outer loop
      vertex 37.0514 52.0697 100
      vertex 37.4664 52.7764 99.2
      vertex 37.4664 52.7764 100
    endloop
  endfacet
  facet normal 0.86231 -0.50638 0
    outer loop
      vertex 37.4664 52.7764 99.2
      vertex 37.0514 52.0697 100
      vertex 37.0514 52.0697 99.2
    endloop
  endfacet
  facet normal 0.585632 -0.810577 0
    outer loop
      vertex 36.4644 51.6456 99.2
      vertex 37.0514 52.0697 100
      vertex 36.4644 51.6456 100
    endloop
  endfacet
  facet normal 0.585632 -0.810577 0
    outer loop
      vertex 37.0514 52.0697 100
      vertex 36.4644 51.6456 99.2
      vertex 37.0514 52.0697 99.2
    endloop
  endfacet
  facet normal 0.183021 -0.983109 0
    outer loop
      vertex 35.7054 51.5043 99.2
      vertex 36.4644 51.6456 100
      vertex 35.7054 51.5043 100
    endloop
  endfacet
  facet normal 0.183021 -0.983109 0
    outer loop
      vertex 36.4644 51.6456 100
      vertex 35.7054 51.5043 99.2
      vertex 36.4644 51.6456 99.2
    endloop
  endfacet
  facet normal -0.114393 -0.993436 0
    outer loop
      vertex 35.1192 51.5718 99.2
      vertex 35.7054 51.5043 100
      vertex 35.1192 51.5718 100
    endloop
  endfacet
  facet normal -0.114393 -0.993436 -0
    outer loop
      vertex 35.7054 51.5043 100
      vertex 35.1192 51.5718 99.2
      vertex 35.7054 51.5043 99.2
    endloop
  endfacet
  facet normal -0.384211 -0.923245 0
    outer loop
      vertex 34.6326 51.7743 99.2
      vertex 35.1192 51.5718 100
      vertex 34.6326 51.7743 100
    endloop
  endfacet
  facet normal -0.384211 -0.923245 -0
    outer loop
      vertex 35.1192 51.5718 100
      vertex 34.6326 51.7743 99.2
      vertex 35.1192 51.5718 99.2
    endloop
  endfacet
  facet normal -0.65747 -0.753481 0
    outer loop
      vertex 34.2457 52.1119 99.2
      vertex 34.6326 51.7743 100
      vertex 34.2457 52.1119 100
    endloop
  endfacet
  facet normal -0.65747 -0.753481 -0
    outer loop
      vertex 34.6326 51.7743 100
      vertex 34.2457 52.1119 99.2
      vertex 34.6326 51.7743 99.2
    endloop
  endfacet
  facet normal -0.856371 -0.51636 0
    outer loop
      vertex 34.2457 52.1119 99.2
      vertex 33.9649 52.5776 100
      vertex 33.9649 52.5776 99.2
    endloop
  endfacet
  facet normal -0.856371 -0.51636 0
    outer loop
      vertex 33.9649 52.5776 100
      vertex 34.2457 52.1119 99.2
      vertex 34.2457 52.1119 100
    endloop
  endfacet
  facet normal -0.961183 -0.27591 0
    outer loop
      vertex 33.9649 52.5776 99.2
      vertex 33.7964 53.1646 100
      vertex 33.7964 53.1646 99.2
    endloop
  endfacet
  facet normal -0.961183 -0.27591 0
    outer loop
      vertex 33.7964 53.1646 100
      vertex 33.9649 52.5776 99.2
      vertex 33.9649 52.5776 100
    endloop
  endfacet
  facet normal -0.996868 -0.0790852 0
    outer loop
      vertex 33.7964 53.1646 99.2
      vertex 33.7402 53.873 100
      vertex 33.7402 53.873 99.2
    endloop
  endfacet
  facet normal -0.996868 -0.0790852 0
    outer loop
      vertex 33.7402 53.873 100
      vertex 33.7964 53.1646 99.2
      vertex 33.7964 53.1646 100
    endloop
  endfacet
  facet normal -0.996934 0.0782527 0
    outer loop
      vertex 33.7402 53.873 99.2
      vertex 33.7948 54.5686 100
      vertex 33.7948 54.5686 99.2
    endloop
  endfacet
  facet normal -0.996934 0.0782527 0
    outer loop
      vertex 33.7948 54.5686 100
      vertex 33.7402 53.873 99.2
      vertex 33.7402 53.873 100
    endloop
  endfacet
  facet normal -0.961707 0.27408 0
    outer loop
      vertex 33.7948 54.5686 99.2
      vertex 33.9585 55.143 100
      vertex 33.9585 55.143 99.2
    endloop
  endfacet
  facet normal -0.961707 0.27408 0
    outer loop
      vertex 33.9585 55.143 100
      vertex 33.7948 54.5686 99.2
      vertex 33.7948 54.5686 100
    endloop
  endfacet
  facet normal -0.85649 0.516163 0
    outer loop
      vertex 33.9585 55.143 99.2
      vertex 34.2315 55.596 100
      vertex 34.2315 55.596 99.2
    endloop
  endfacet
  facet normal -0.85649 0.516163 0
    outer loop
      vertex 34.2315 55.596 100
      vertex 33.9585 55.143 99.2
      vertex 33.9585 55.143 100
    endloop
  endfacet
  facet normal -0.653849 0.756625 0
    outer loop
      vertex 34.6099 55.923 99.2
      vertex 34.2315 55.596 100
      vertex 34.6099 55.923 100
    endloop
  endfacet
  facet normal -0.653849 0.756625 0
    outer loop
      vertex 34.2315 55.596 100
      vertex 34.6099 55.923 99.2
      vertex 34.2315 55.596 99.2
    endloop
  endfacet
  facet normal -0.378393 0.925645 0
    outer loop
      vertex 35.0901 56.1193 99.2
      vertex 34.6099 55.923 100
      vertex 35.0901 56.1193 100
    endloop
  endfacet
  facet normal -0.378393 0.925645 0
    outer loop
      vertex 34.6099 55.923 100
      vertex 35.0901 56.1193 99.2
      vertex 34.6099 55.923 99.2
    endloop
  endfacet
  facet normal -0.111668 0.993746 0
    outer loop
      vertex 35.6721 56.1847 99.2
      vertex 35.0901 56.1193 100
      vertex 35.6721 56.1847 100
    endloop
  endfacet
  facet normal -0.111668 0.993746 0
    outer loop
      vertex 35.0901 56.1193 100
      vertex 35.6721 56.1847 99.2
      vertex 35.0901 56.1193 99.2
    endloop
  endfacet
  facet normal 0.0829623 0.996553 -0
    outer loop
      vertex 36.0685 56.1517 99.2
      vertex 35.6721 56.1847 100
      vertex 36.0685 56.1517 100
    endloop
  endfacet
  facet normal 0.0829623 0.996553 0
    outer loop
      vertex 35.6721 56.1847 100
      vertex 36.0685 56.1517 99.2
      vertex 35.6721 56.1847 99.2
    endloop
  endfacet
  facet normal 0.264907 0.964274 -0
    outer loop
      vertex 36.4285 56.0528 99.2
      vertex 36.0685 56.1517 100
      vertex 36.4285 56.0528 100
    endloop
  endfacet
  facet normal 0.264907 0.964274 0
    outer loop
      vertex 36.0685 56.1517 100
      vertex 36.4285 56.0528 99.2
      vertex 36.0685 56.1517 99.2
    endloop
  endfacet
  facet normal 0.45381 0.891098 -0
    outer loop
      vertex 36.7521 55.888 99.2
      vertex 36.4285 56.0528 100
      vertex 36.7521 55.888 100
    endloop
  endfacet
  facet normal 0.45381 0.891098 0
    outer loop
      vertex 36.4285 56.0528 100
      vertex 36.7521 55.888 99.2
      vertex 36.4285 56.0528 99.2
    endloop
  endfacet
  facet normal 0.630216 0.77642 -0
    outer loop
      vertex 37.024 55.6673 99.2
      vertex 36.7521 55.888 100
      vertex 37.024 55.6673 100
    endloop
  endfacet
  facet normal 0.630216 0.77642 0
    outer loop
      vertex 36.7521 55.888 100
      vertex 37.024 55.6673 99.2
      vertex 36.7521 55.888 99.2
    endloop
  endfacet
  facet normal 0.792878 0.60938 0
    outer loop
      vertex 37.2289 55.4007 100
      vertex 37.024 55.6673 99.2
      vertex 37.024 55.6673 100
    endloop
  endfacet
  facet normal 0.792878 0.60938 0
    outer loop
      vertex 37.024 55.6673 99.2
      vertex 37.2289 55.4007 100
      vertex 37.2289 55.4007 99.2
    endloop
  endfacet
  facet normal 0.914883 0.403719 0
    outer loop
      vertex 37.3668 55.0882 100
      vertex 37.2289 55.4007 99.2
      vertex 37.2289 55.4007 100
    endloop
  endfacet
  facet normal 0.914883 0.403719 0
    outer loop
      vertex 37.2289 55.4007 99.2
      vertex 37.3668 55.0882 100
      vertex 37.3668 55.0882 99.2
    endloop
  endfacet
  facet normal -0.263408 0.964684 0
    outer loop
      vertex 38.601 55.4252 99.2
      vertex 37.3668 55.0882 100
      vertex 38.601 55.4252 100
    endloop
  endfacet
  facet normal -0.263408 0.964684 0
    outer loop
      vertex 37.3668 55.0882 100
      vertex 38.601 55.4252 99.2
      vertex 37.3668 55.0882 99.2
    endloop
  endfacet
  facet normal -0.914422 -0.404763 0
    outer loop
      vertex 38.601 55.4252 99.2
      vertex 38.3525 55.9866 100
      vertex 38.3525 55.9866 99.2
    endloop
  endfacet
  facet normal -0.914422 -0.404763 0
    outer loop
      vertex 38.3525 55.9866 100
      vertex 38.601 55.4252 99.2
      vertex 38.601 55.4252 100
    endloop
  endfacet
  facet normal -0.800498 -0.599336 0
    outer loop
      vertex 38.3525 55.9866 99.2
      vertex 38.006 56.4494 100
      vertex 38.006 56.4494 99.2
    endloop
  endfacet
  facet normal -0.800498 -0.599336 0
    outer loop
      vertex 38.006 56.4494 100
      vertex 38.3525 55.9866 99.2
      vertex 38.3525 55.9866 100
    endloop
  endfacet
  facet normal -0.633692 -0.773585 0
    outer loop
      vertex 37.5614 56.8136 99.2
      vertex 38.006 56.4494 100
      vertex 37.5614 56.8136 100
    endloop
  endfacet
  facet normal -0.633692 -0.773585 -0
    outer loop
      vertex 38.006 56.4494 100
      vertex 37.5614 56.8136 99.2
      vertex 38.006 56.4494 99.2
    endloop
  endfacet
  facet normal -0.435622 -0.90013 0
    outer loop
      vertex 37.0192 57.076 99.2
      vertex 37.5614 56.8136 100
      vertex 37.0192 57.076 100
    endloop
  endfacet
  facet normal -0.435622 -0.90013 -0
    outer loop
      vertex 37.5614 56.8136 100
      vertex 37.0192 57.076 99.2
      vertex 37.5614 56.8136 99.2
    endloop
  endfacet
  facet normal -0.239211 -0.970968 0
    outer loop
      vertex 36.3799 57.2335 99.2
      vertex 37.0192 57.076 100
      vertex 36.3799 57.2335 100
    endloop
  endfacet
  facet normal -0.239211 -0.970968 -0
    outer loop
      vertex 37.0192 57.076 100
      vertex 36.3799 57.2335 99.2
      vertex 37.0192 57.076 99.2
    endloop
  endfacet
  facet normal -0.0711219 -0.997468 0
    outer loop
      vertex 35.6436 57.286 99.2
      vertex 36.3799 57.2335 100
      vertex 35.6436 57.286 100
    endloop
  endfacet
  facet normal -0.0711219 -0.997468 -0
    outer loop
      vertex 36.3799 57.2335 100
      vertex 35.6436 57.286 99.2
      vertex 36.3799 57.2335 99.2
    endloop
  endfacet
  facet normal 0.0985094 -0.995136 0
    outer loop
      vertex 34.6526 57.1879 99.2
      vertex 35.6436 57.286 100
      vertex 34.6526 57.1879 100
    endloop
  endfacet
  facet normal 0.0985094 -0.995136 0
    outer loop
      vertex 35.6436 57.286 100
      vertex 34.6526 57.1879 99.2
      vertex 35.6436 57.286 99.2
    endloop
  endfacet
  facet normal 0.337367 -0.941373 0
    outer loop
      vertex 33.8314 56.8936 99.2
      vertex 34.6526 57.1879 100
      vertex 33.8314 56.8936 100
    endloop
  endfacet
  facet normal 0.337367 -0.941373 0
    outer loop
      vertex 34.6526 57.1879 100
      vertex 33.8314 56.8936 99.2
      vertex 34.6526 57.1879 99.2
    endloop
  endfacet
  facet normal 0.601529 -0.798851 0
    outer loop
      vertex 33.18 56.4031 99.2
      vertex 33.8314 56.8936 100
      vertex 33.18 56.4031 100
    endloop
  endfacet
  facet normal 0.601529 -0.798851 0
    outer loop
      vertex 33.8314 56.8936 100
      vertex 33.18 56.4031 99.2
      vertex 33.8314 56.8936 99.2
    endloop
  endfacet
  facet normal 0.818958 -0.573854 0
    outer loop
      vertex 32.708 55.7295 100
      vertex 33.18 56.4031 99.2
      vertex 33.18 56.4031 100
    endloop
  endfacet
  facet normal 0.818958 -0.573854 0
    outer loop
      vertex 33.18 56.4031 99.2
      vertex 32.708 55.7295 100
      vertex 32.708 55.7295 99.2
    endloop
  endfacet
  facet normal 0.947939 -0.318453 0
    outer loop
      vertex 32.4247 54.8862 100
      vertex 32.708 55.7295 99.2
      vertex 32.708 55.7295 100
    endloop
  endfacet
  facet normal 0.947939 -0.318453 0
    outer loop
      vertex 32.708 55.7295 99.2
      vertex 32.4247 54.8862 100
      vertex 32.4247 54.8862 99.2
    endloop
  endfacet
  facet normal 0.995688 -0.0927684 0
    outer loop
      vertex 32.3303 53.873 100
      vertex 32.4247 54.8862 99.2
      vertex 32.4247 54.8862 100
    endloop
  endfacet
  facet normal 0.995688 -0.0927684 0
    outer loop
      vertex 32.4247 54.8862 99.2
      vertex 32.3303 53.873 100
      vertex 32.3303 53.873 99.2
    endloop
  endfacet
  facet normal 0.995372 0.0961015 0
    outer loop
      vertex 32.4282 52.859 100
      vertex 32.3303 53.873 99.2
      vertex 32.3303 53.873 100
    endloop
  endfacet
  facet normal 0.995372 0.0961015 0
    outer loop
      vertex 32.3303 53.873 99.2
      vertex 32.4282 52.859 100
      vertex 32.4282 52.859 99.2
    endloop
  endfacet
  facet normal 0.945473 0.3257 0
    outer loop
      vertex 32.7217 52.007 100
      vertex 32.4282 52.859 99.2
      vertex 32.4282 52.859 100
    endloop
  endfacet
  facet normal 0.945473 0.3257 0
    outer loop
      vertex 32.4282 52.859 99.2
      vertex 32.7217 52.007 100
      vertex 32.7217 52.007 99.2
    endloop
  endfacet
  facet normal 0.815853 0.57826 0
    outer loop
      vertex 33.2109 51.3168 100
      vertex 32.7217 52.007 99.2
      vertex 32.7217 52.007 100
    endloop
  endfacet
  facet normal 0.815853 0.57826 0
    outer loop
      vertex 32.7217 52.007 99.2
      vertex 33.2109 51.3168 100
      vertex 33.2109 51.3168 99.2
    endloop
  endfacet
  facet normal 0.604736 0.796426 -0
    outer loop
      vertex 33.8794 50.8092 99.2
      vertex 33.2109 51.3168 100
      vertex 33.8794 50.8092 100
    endloop
  endfacet
  facet normal 0.604736 0.796426 0
    outer loop
      vertex 33.2109 51.3168 100
      vertex 33.8794 50.8092 99.2
      vertex 33.2109 51.3168 99.2
    endloop
  endfacet
  facet normal 0.343973 0.93898 -0
    outer loop
      vertex 34.7109 50.5046 99.2
      vertex 33.8794 50.8092 100
      vertex 34.7109 50.5046 100
    endloop
  endfacet
  facet normal 0.343973 0.93898 0
    outer loop
      vertex 33.8794 50.8092 100
      vertex 34.7109 50.5046 99.2
      vertex 33.8794 50.8092 99.2
    endloop
  endfacet
  facet normal 0.101633 0.994822 -0
    outer loop
      vertex 35.7054 50.403 99.2
      vertex 34.7109 50.5046 100
      vertex 35.7054 50.403 100
    endloop
  endfacet
  facet normal 0.101633 0.994822 0
    outer loop
      vertex 34.7109 50.5046 100
      vertex 35.7054 50.403 99.2
      vertex 34.7109 50.5046 99.2
    endloop
  endfacet
  facet normal -0.0774979 0.996993 0
    outer loop
      vertex 36.3808 50.4555 99.2
      vertex 35.7054 50.403 100
      vertex 36.3808 50.4555 100
    endloop
  endfacet
  facet normal -0.0774979 0.996993 0
    outer loop
      vertex 35.7054 50.403 100
      vertex 36.3808 50.4555 99.2
      vertex 35.7054 50.403 99.2
    endloop
  endfacet
  facet normal 0 1 -0
    outer loop
      vertex 44.1426 51.8603 99.2
      vertex 43.2502 51.8603 100
      vertex 44.1426 51.8603 100
    endloop
  endfacet
  facet normal 0 1 0
    outer loop
      vertex 43.2502 51.8603 100
      vertex 44.1426 51.8603 99.2
      vertex 43.2502 51.8603 99.2
    endloop
  endfacet
  facet normal -1 0 0
    outer loop
      vertex 44.1426 51.8603 99.2
      vertex 44.1426 52.8524 100
      vertex 44.1426 52.8524 99.2
    endloop
  endfacet
  facet normal -1 -0 0
    outer loop
      vertex 44.1426 52.8524 100
      vertex 44.1426 51.8603 99.2
      vertex 44.1426 51.8603 100
    endloop
  endfacet
  facet normal 0 -1 0
    outer loop
      vertex 43.2502 52.8524 99.2
      vertex 44.1426 52.8524 100
      vertex 43.2502 52.8524 100
    endloop
  endfacet
  facet normal 0 -1 -0
    outer loop
      vertex 44.1426 52.8524 100
      vertex 43.2502 52.8524 99.2
      vertex 44.1426 52.8524 99.2
    endloop
  endfacet
  facet normal -1 0 0
    outer loop
      vertex 43.2502 52.8524 99.2
      vertex 43.2502 57.1863 100
      vertex 43.2502 57.1863 99.2
    endloop
  endfacet
  facet normal -1 -0 0
    outer loop
      vertex 43.2502 57.1863 100
      vertex 43.2502 52.8524 99.2
      vertex 43.2502 52.8524 100
    endloop
  endfacet
  facet normal 0 -1 0
    outer loop
      vertex 41.7597 57.1863 99.2
      vertex 43.2502 57.1863 100
      vertex 41.7597 57.1863 100
    endloop
  endfacet
  facet normal 0 -1 -0
    outer loop
      vertex 43.2502 57.1863 100
      vertex 41.7597 57.1863 99.2
      vertex 43.2502 57.1863 99.2
    endloop
  endfacet
  facet normal 0.837235 -0.546843 0
    outer loop
      vertex 38.9352 52.8619 100
      vertex 41.7597 57.1863 99.2
      vertex 41.7597 57.1863 100
    endloop
  endfacet
  facet normal 0.837235 -0.546843 0
    outer loop
      vertex 41.7597 57.1863 99.2
      vertex 38.9352 52.8619 100
      vertex 38.9352 52.8619 99.2
    endloop
  endfacet
  facet normal 1 -0 0
    outer loop
      vertex 38.9352 51.8603 100
      vertex 38.9352 52.8619 99.2
      vertex 38.9352 52.8619 100
    endloop
  endfacet
  facet normal 1 0 0
    outer loop
      vertex 38.9352 52.8619 99.2
      vertex 38.9352 51.8603 100
      vertex 38.9352 51.8603 99.2
    endloop
  endfacet
  facet normal 0 1 -0
    outer loop
      vertex 41.978 51.8603 99.2
      vertex 38.9352 51.8603 100
      vertex 41.978 51.8603 100
    endloop
  endfacet
  facet normal 0 1 0
    outer loop
      vertex 38.9352 51.8603 100
      vertex 41.978 51.8603 99.2
      vertex 38.9352 51.8603 99.2
    endloop
  endfacet
  facet normal 1 -0 0
    outer loop
      vertex 41.978 50.498 100
      vertex 41.978 51.8603 99.2
      vertex 41.978 51.8603 100
    endloop
  endfacet
  facet normal 1 0 0
    outer loop
      vertex 41.978 51.8603 99.2
      vertex 41.978 50.498 100
      vertex 41.978 50.498 99.2
    endloop
  endfacet
  facet normal 0 1 -0
    outer loop
      vertex 43.2502 50.498 99.2
      vertex 41.978 50.498 100
      vertex 43.2502 50.498 100
    endloop
  endfacet
  facet normal 0 1 0
    outer loop
      vertex 41.978 50.498 100
      vertex 43.2502 50.498 99.2
      vertex 41.978 50.498 99.2
    endloop
  endfacet
  facet normal -1 0 0
    outer loop
      vertex 43.2502 50.498 99.2
      vertex 43.2502 51.8603 100
      vertex 43.2502 51.8603 99.2
    endloop
  endfacet
  facet normal -1 -0 0
    outer loop
      vertex 43.2502 51.8603 100
      vertex 43.2502 50.498 99.2
      vertex 43.2502 50.498 100
    endloop
  endfacet
  facet normal -0.835402 0.54964 0
    outer loop
      vertex 40.0223 52.8524 99.2
      vertex 41.5745 55.2116 100
      vertex 41.5745 55.2116 99.2
    endloop
  endfacet
  facet normal -0.835402 0.54964 0
    outer loop
      vertex 41.5745 55.2116 100
      vertex 40.0223 52.8524 99.2
      vertex 40.0223 52.8524 100
    endloop
  endfacet
  facet normal -0.848106 0.529826 0
    outer loop
      vertex 41.5745 55.2116 99.2
      vertex 41.7676 55.5207 100
      vertex 41.7676 55.5207 99.2
    endloop
  endfacet
  facet normal -0.848106 0.529826 0
    outer loop
      vertex 41.7676 55.5207 100
      vertex 41.5745 55.2116 99.2
      vertex 41.5745 55.2116 100
    endloop
  endfacet
  facet normal -0.864964 0.501834 0
    outer loop
      vertex 41.7676 55.5207 99.2
      vertex 41.9163 55.777 100
      vertex 41.9163 55.777 99.2
    endloop
  endfacet
  facet normal -0.864964 0.501834 0
    outer loop
      vertex 41.9163 55.777 100
      vertex 41.7676 55.5207 99.2
      vertex 41.7676 55.5207 100
    endloop
  endfacet
  facet normal -0.889745 0.456459 0
    outer loop
      vertex 41.9163 55.777 99.2
      vertex 42.0207 55.9805 100
      vertex 42.0207 55.9805 99.2
    endloop
  endfacet
  facet normal -0.889745 0.456459 0
    outer loop
      vertex 42.0207 55.9805 100
      vertex 41.9163 55.777 99.2
      vertex 41.9163 55.777 100
    endloop
  endfacet
  facet normal 0.996143 -0.0877495 0
    outer loop
      vertex 42.0136 55.8999 100
      vertex 42.0207 55.9805 99.2
      vertex 42.0207 55.9805 100
    endloop
  endfacet
  facet normal 0.996143 -0.0877495 0
    outer loop
      vertex 42.0207 55.9805 99.2
      vertex 42.0136 55.8999 100
      vertex 42.0136 55.8999 99.2
    endloop
  endfacet
  facet normal 0.997705 -0.067707 0
    outer loop
      vertex 42.0049 55.7717 100
      vertex 42.0136 55.8999 99.2
      vertex 42.0136 55.8999 100
    endloop
  endfacet
  facet normal 0.997705 -0.067707 0
    outer loop
      vertex 42.0136 55.8999 99.2
      vertex 42.0049 55.7717 100
      vertex 42.0049 55.7717 99.2
    endloop
  endfacet
  facet normal 0.998286 -0.0585222 0
    outer loop
      vertex 41.9946 55.596 100
      vertex 42.0049 55.7717 99.2
      vertex 42.0049 55.7717 100
    endloop
  endfacet
  facet normal 0.998286 -0.0585222 0
    outer loop
      vertex 42.0049 55.7717 99.2
      vertex 41.9946 55.596 100
      vertex 41.9946 55.596 99.2
    endloop
  endfacet
  facet normal 0.998884 -0.0472237 0
    outer loop
      vertex 41.9854 55.4014 100
      vertex 41.9946 55.596 99.2
      vertex 41.9946 55.596 100
    endloop
  endfacet
  facet normal 0.998884 -0.0472237 0
    outer loop
      vertex 41.9946 55.596 99.2
      vertex 41.9854 55.4014 100
      vertex 41.9854 55.4014 99.2
    endloop
  endfacet
  facet normal 0.999559 -0.0297006 0
    outer loop
      vertex 41.9799 55.2163 100
      vertex 41.9854 55.4014 99.2
      vertex 41.9854 55.4014 100
    endloop
  endfacet
  facet normal 0.999559 -0.0297006 0
    outer loop
      vertex 41.9854 55.4014 99.2
      vertex 41.9799 55.2163 100
      vertex 41.9799 55.2163 99.2
    endloop
  endfacet
  facet normal 0.999941 -0.0108194 0
    outer loop
      vertex 41.978 55.0407 100
      vertex 41.9799 55.2163 99.2
      vertex 41.9799 55.2163 100
    endloop
  endfacet
  facet normal 0.999941 -0.0108194 0
    outer loop
      vertex 41.9799 55.2163 99.2
      vertex 41.978 55.0407 100
      vertex 41.978 55.0407 99.2
    endloop
  endfacet
  facet normal 1 -0 0
    outer loop
      vertex 41.978 52.8524 100
      vertex 41.978 55.0407 99.2
      vertex 41.978 55.0407 100
    endloop
  endfacet
  facet normal 1 0 0
    outer loop
      vertex 41.978 55.0407 99.2
      vertex 41.978 52.8524 100
      vertex 41.978 52.8524 99.2
    endloop
  endfacet
  facet normal 0 -1 0
    outer loop
      vertex 40.0223 52.8524 99.2
      vertex 41.978 52.8524 100
      vertex 40.0223 52.8524 100
    endloop
  endfacet
  facet normal 0 -1 -0
    outer loop
      vertex 41.978 52.8524 100
      vertex 40.0223 52.8524 99.2
      vertex 41.978 52.8524 99.2
    endloop
  endfacet
  facet normal -0 0 1
    outer loop
      vertex 69.072 148.638 99.2
      vertex 70.544 147.976 99.2
      vertex 70.4411 148.954 99.2
    endloop
  endfacet
  facet normal 0 0 1
    outer loop
      vertex 70.544 147.976 99.2
      vertex 69.1342 147.976 99.2
      vertex 70.4989 147.315 99.2
    endloop
  endfacet
  facet normal 0 0 1
    outer loop
      vertex 69.0751 147.314 99.2
      vertex 70.4989 147.315 99.2
      vertex 69.1342 147.976 99.2
    endloop
  endfacet
  facet normal 0 0 1
    outer loop
      vertex 69.072 148.638 99.2
      vertex 70.4411 148.954 99.2
      vertex 70.1326 149.768 99.2
    endloop
  endfacet
  facet normal 0 0 1
    outer loop
      vertex 70.4989 147.315 99.2
      vertex 69.0751 147.314 99.2
      vertex 70.3636 146.713 99.2
    endloop
  endfacet
  facet normal 0 0 1
    outer loop
      vertex 68.8853 149.186 99.2
      vertex 70.1326 149.768 99.2
      vertex 69.6183 150.418 99.2
    endloop
  endfacet
  facet normal -0 0 1
    outer loop
      vertex 68.8979 146.75 99.2
      vertex 70.3636 146.713 99.2
      vertex 69.0751 147.314 99.2
    endloop
  endfacet
  facet normal 0 0 1
    outer loop
      vertex 70.3636 146.713 99.2
      vertex 68.8979 146.75 99.2
      vertex 70.1381 146.17 99.2
    endloop
  endfacet
  facet normal 0 0 1
    outer loop
      vertex 70.544 147.976 99.2
      vertex 69.072 148.638 99.2
      vertex 69.1342 147.976 99.2
    endloop
  endfacet
  facet normal 0 0 1
    outer loop
      vertex 68.5741 149.621 99.2
      vertex 69.6183 150.418 99.2
      vertex 68.9164 150.892 99.2
    endloop
  endfacet
  facet normal 0 0 1
    outer loop
      vertex 70.1326 149.768 99.2
      vertex 68.8853 149.186 99.2
      vertex 69.072 148.638 99.2
    endloop
  endfacet
  facet normal 0 0 1
    outer loop
      vertex 69.6183 150.418 99.2
      vertex 68.5741 149.621 99.2
      vertex 68.8853 149.186 99.2
    endloop
  endfacet
  facet normal 0 0 1
    outer loop
      vertex 68.9164 150.892 99.2
      vertex 68.1474 149.936 99.2
      vertex 68.5741 149.621 99.2
    endloop
  endfacet
  facet normal 0 0 1
    outer loop
      vertex 68.0445 151.176 99.2
      vertex 68.1474 149.936 99.2
      vertex 68.9164 150.892 99.2
    endloop
  endfacet
  facet normal 0 0 1
    outer loop
      vertex 68.0445 151.176 99.2
      vertex 67.6142 150.125 99.2
      vertex 68.1474 149.936 99.2
    endloop
  endfacet
  facet normal 0 0 1
    outer loop
      vertex 67.0029 151.27 99.2
      vertex 67.6142 150.125 99.2
      vertex 68.0445 151.176 99.2
    endloop
  endfacet
  facet normal 0 0 1
    outer loop
      vertex 67.0029 151.27 99.2
      vertex 66.9744 150.188 99.2
      vertex 67.6142 150.125 99.2
    endloop
  endfacet
  facet normal 0 0 1
    outer loop
      vertex 67.0029 151.27 99.2
      vertex 65.9823 150.188 99.2
      vertex 66.9744 150.188 99.2
    endloop
  endfacet
  facet normal 0 0 1
    outer loop
      vertex 65.9823 150.188 99.2
      vertex 64.5819 151.27 99.2
      vertex 65.9823 145.664 99.2
    endloop
  endfacet
  facet normal -0 0 1
    outer loop
      vertex 64.5819 151.27 99.2
      vertex 65.9823 150.188 99.2
      vertex 67.0029 151.27 99.2
    endloop
  endfacet
  facet normal 0 0 1
    outer loop
      vertex 70.1381 146.17 99.2
      vertex 68.8979 146.75 99.2
      vertex 69.8301 145.696 99.2
    endloop
  endfacet
  facet normal -0 0 1
    outer loop
      vertex 68.6026 146.286 99.2
      vertex 69.8301 145.696 99.2
      vertex 68.8979 146.75 99.2
    endloop
  endfacet
  facet normal 0 0 1
    outer loop
      vertex 69.8301 145.696 99.2
      vertex 68.6026 146.286 99.2
      vertex 69.4472 145.303 99.2
    endloop
  endfacet
  facet normal 0 0 1
    outer loop
      vertex 69.4472 145.303 99.2
      vertex 68.6026 146.286 99.2
      vertex 68.9894 144.99 99.2
    endloop
  endfacet
  facet normal -0 0 1
    outer loop
      vertex 68.207 145.941 99.2
      vertex 68.9894 144.99 99.2
      vertex 68.6026 146.286 99.2
    endloop
  endfacet
  facet normal 0 0 1
    outer loop
      vertex 68.9894 144.99 99.2
      vertex 68.207 145.941 99.2
      vertex 68.4702 144.764 99.2
    endloop
  endfacet
  facet normal -0 0 1
    outer loop
      vertex 67.7291 145.733 99.2
      vertex 68.4702 144.764 99.2
      vertex 68.207 145.941 99.2
    endloop
  endfacet
  facet normal 0 0 1
    outer loop
      vertex 68.4702 144.764 99.2
      vertex 67.7291 145.733 99.2
      vertex 67.9029 144.627 99.2
    endloop
  endfacet
  facet normal 0 0 1
    outer loop
      vertex 67.7291 145.733 99.2
      vertex 67.2876 144.582 99.2
      vertex 67.9029 144.627 99.2
    endloop
  endfacet
  facet normal -0 0 1
    outer loop
      vertex 67.169 145.664 99.2
      vertex 67.2876 144.582 99.2
      vertex 67.7291 145.733 99.2
    endloop
  endfacet
  facet normal -0 0 1
    outer loop
      vertex 65.9823 145.664 99.2
      vertex 67.2876 144.582 99.2
      vertex 67.169 145.664 99.2
    endloop
  endfacet
  facet normal 0 0 1
    outer loop
      vertex 65.9823 145.664 99.2
      vertex 64.5819 144.582 99.2
      vertex 67.2876 144.582 99.2
    endloop
  endfacet
  facet normal 0 0 1
    outer loop
      vertex 64.5819 144.582 99.2
      vertex 65.9823 145.664 99.2
      vertex 64.5819 151.27 99.2
    endloop
  endfacet
  facet normal -0 0 1
    outer loop
      vertex 72.0223 146.937 99.2
      vertex 73.978 145.944 99.2
      vertex 73.978 146.937 99.2
    endloop
  endfacet
  facet normal 0 0 1
    outer loop
      vertex 70.9352 145.944 99.2
      vertex 72.0223 146.937 99.2
      vertex 70.9352 146.946 99.2
    endloop
  endfacet
  facet normal 0 0 1
    outer loop
      vertex 72.0223 146.937 99.2
      vertex 70.9352 145.944 99.2
      vertex 73.978 145.944 99.2
    endloop
  endfacet
  facet normal -0 0 1
    outer loop
      vertex 73.978 149.125 99.2
      vertex 75.2502 146.937 99.2
      vertex 75.2502 151.27 99.2
    endloop
  endfacet
  facet normal 0 0 1
    outer loop
      vertex 73.978 146.937 99.2
      vertex 75.2502 146.937 99.2
      vertex 73.978 149.125 99.2
    endloop
  endfacet
  facet normal 0 0 1
    outer loop
      vertex 74.0136 149.984 99.2
      vertex 75.2502 151.27 99.2
      vertex 74.0207 150.065 99.2
    endloop
  endfacet
  facet normal 0 0 1
    outer loop
      vertex 73.7597 151.27 99.2
      vertex 73.9163 149.861 99.2
      vertex 74.0207 150.065 99.2
    endloop
  endfacet
  facet normal -0 0 1
    outer loop
      vertex 73.7597 151.27 99.2
      vertex 74.0207 150.065 99.2
      vertex 75.2502 151.27 99.2
    endloop
  endfacet
  facet normal 0 0 1
    outer loop
      vertex 73.9163 149.861 99.2
      vertex 73.7597 151.27 99.2
      vertex 73.7676 149.605 99.2
    endloop
  endfacet
  facet normal 0 0 1
    outer loop
      vertex 73.7597 151.27 99.2
      vertex 73.5745 149.296 99.2
      vertex 73.7676 149.605 99.2
    endloop
  endfacet
  facet normal 0 0 1
    outer loop
      vertex 70.9352 146.946 99.2
      vertex 73.5745 149.296 99.2
      vertex 73.7597 151.27 99.2
    endloop
  endfacet
  facet normal 0 0 1
    outer loop
      vertex 73.5745 149.296 99.2
      vertex 70.9352 146.946 99.2
      vertex 72.0223 146.937 99.2
    endloop
  endfacet
  facet normal -0 0 1
    outer loop
      vertex 75.2502 146.937 99.2
      vertex 76.1426 145.944 99.2
      vertex 76.1426 146.937 99.2
    endloop
  endfacet
  facet normal 0 0 1
    outer loop
      vertex 76.1426 145.944 99.2
      vertex 75.2502 146.937 99.2
      vertex 75.2502 145.944 99.2
    endloop
  endfacet
  facet normal 0 0 1
    outer loop
      vertex 74.0049 149.856 99.2
      vertex 75.2502 151.27 99.2
      vertex 74.0136 149.984 99.2
    endloop
  endfacet
  facet normal 0 0 1
    outer loop
      vertex 73.9946 149.68 99.2
      vertex 75.2502 151.27 99.2
      vertex 74.0049 149.856 99.2
    endloop
  endfacet
  facet normal 0 0 1
    outer loop
      vertex 73.9854 149.486 99.2
      vertex 75.2502 151.27 99.2
      vertex 73.9946 149.68 99.2
    endloop
  endfacet
  facet normal 0 0 1
    outer loop
      vertex 73.9799 149.3 99.2
      vertex 75.2502 151.27 99.2
      vertex 73.9854 149.486 99.2
    endloop
  endfacet
  facet normal 0 0 1
    outer loop
      vertex 73.978 149.125 99.2
      vertex 75.2502 151.27 99.2
      vertex 73.9799 149.3 99.2
    endloop
  endfacet
  facet normal 0 0 1
    outer loop
      vertex 75.2502 146.937 99.2
      vertex 73.978 146.937 99.2
      vertex 75.2502 145.944 99.2
    endloop
  endfacet
  facet normal 0 0 1
    outer loop
      vertex 73.978 145.944 99.2
      vertex 75.2502 145.944 99.2
      vertex 73.978 146.937 99.2
    endloop
  endfacet
  facet normal 0 0 1
    outer loop
      vertex 75.2502 145.944 99.2
      vertex 73.978 145.944 99.2
      vertex 75.2502 144.582 99.2
    endloop
  endfacet
  facet normal 0 0 1
    outer loop
      vertex 75.2502 144.582 99.2
      vertex 73.978 145.944 99.2
      vertex 73.978 144.582 99.2
    endloop
  endfacet
  facet normal -0.234747 0.972057 0
    outer loop
      vertex 68.4702 144.764 99.2
      vertex 67.9029 144.627 100
      vertex 68.4702 144.764 100
    endloop
  endfacet
  facet normal -0.234747 0.972057 0
    outer loop
      vertex 67.9029 144.627 100
      vertex 68.4702 144.764 99.2
      vertex 67.9029 144.627 99.2
    endloop
  endfacet
  facet normal -0.399114 0.916902 0
    outer loop
      vertex 68.9894 144.99 99.2
      vertex 68.4702 144.764 100
      vertex 68.9894 144.99 100
    endloop
  endfacet
  facet normal -0.399114 0.916902 0
    outer loop
      vertex 68.4702 144.764 100
      vertex 68.9894 144.99 99.2
      vertex 68.4702 144.764 99.2
    endloop
  endfacet
  facet normal -0.564399 0.825502 0
    outer loop
      vertex 69.4472 145.303 99.2
      vertex 68.9894 144.99 100
      vertex 69.4472 145.303 100
    endloop
  endfacet
  facet normal -0.564399 0.825502 0
    outer loop
      vertex 68.9894 144.99 100
      vertex 69.4472 145.303 99.2
      vertex 68.9894 144.99 99.2
    endloop
  endfacet
  facet normal -0.716251 0.697843 0
    outer loop
      vertex 69.4472 145.303 99.2
      vertex 69.8301 145.696 100
      vertex 69.8301 145.696 99.2
    endloop
  endfacet
  facet normal -0.716251 0.697843 0
    outer loop
      vertex 69.8301 145.696 100
      vertex 69.4472 145.303 99.2
      vertex 69.4472 145.303 100
    endloop
  endfacet
  facet normal -0.838524 0.544864 0
    outer loop
      vertex 69.8301 145.696 99.2
      vertex 70.1381 146.17 100
      vertex 70.1381 146.17 99.2
    endloop
  endfacet
  facet normal -0.838524 0.544864 0
    outer loop
      vertex 70.1381 146.17 100
      vertex 69.8301 145.696 99.2
      vertex 69.8301 145.696 100
    endloop
  endfacet
  facet normal -0.923529 0.383528 0
    outer loop
      vertex 70.1381 146.17 99.2
      vertex 70.3636 146.713 100
      vertex 70.3636 146.713 99.2
    endloop
  endfacet
  facet normal -0.923529 0.383528 0
    outer loop
      vertex 70.3636 146.713 100
      vertex 70.1381 146.17 99.2
      vertex 70.1381 146.17 100
    endloop
  endfacet
  facet normal -0.975662 0.219281 0
    outer loop
      vertex 70.3636 146.713 99.2
      vertex 70.4989 147.315 100
      vertex 70.4989 147.315 99.2
    endloop
  endfacet
  facet normal -0.975662 0.219281 0
    outer loop
      vertex 70.4989 147.315 100
      vertex 70.3636 146.713 99.2
      vertex 70.3636 146.713 100
    endloop
  endfacet
  facet normal -0.99768 0.0680717 0
    outer loop
      vertex 70.4989 147.315 99.2
      vertex 70.544 147.976 100
      vertex 70.544 147.976 99.2
    endloop
  endfacet
  facet normal -0.99768 0.0680717 0
    outer loop
      vertex 70.544 147.976 100
      vertex 70.4989 147.315 99.2
      vertex 70.4989 147.315 100
    endloop
  endfacet
  facet normal -0.99451 -0.104637 0
    outer loop
      vertex 70.544 147.976 99.2
      vertex 70.4411 148.954 100
      vertex 70.4411 148.954 99.2
    endloop
  endfacet
  facet normal -0.99451 -0.104637 0
    outer loop
      vertex 70.4411 148.954 100
      vertex 70.544 147.976 99.2
      vertex 70.544 147.976 100
    endloop
  endfacet
  facet normal -0.935096 -0.354394 0
    outer loop
      vertex 70.4411 148.954 99.2
      vertex 70.1326 149.768 100
      vertex 70.1326 149.768 99.2
    endloop
  endfacet
  facet normal -0.935096 -0.354394 0
    outer loop
      vertex 70.1326 149.768 100
      vertex 70.4411 148.954 99.2
      vertex 70.4411 148.954 100
    endloop
  endfacet
  facet normal -0.784212 -0.620493 0
    outer loop
      vertex 70.1326 149.768 99.2
      vertex 69.6183 150.418 100
      vertex 69.6183 150.418 99.2
    endloop
  endfacet
  facet normal -0.784212 -0.620493 0
    outer loop
      vertex 69.6183 150.418 100
      vertex 70.1326 149.768 99.2
      vertex 70.1326 149.768 100
    endloop
  endfacet
  facet normal -0.559649 -0.82873 0
    outer loop
      vertex 68.9164 150.892 99.2
      vertex 69.6183 150.418 100
      vertex 68.9164 150.892 100
    endloop
  endfacet
  facet normal -0.559649 -0.82873 -0
    outer loop
      vertex 69.6183 150.418 100
      vertex 68.9164 150.892 99.2
      vertex 69.6183 150.418 99.2
    endloop
  endfacet
  facet normal -0.30971 -0.950831 0
    outer loop
      vertex 68.0445 151.176 99.2
      vertex 68.9164 150.892 100
      vertex 68.0445 151.176 100
    endloop
  endfacet
  facet normal -0.30971 -0.950831 -0
    outer loop
      vertex 68.9164 150.892 100
      vertex 68.0445 151.176 99.2
      vertex 68.9164 150.892 99.2
    endloop
  endfacet
  facet normal -0.0898805 -0.995953 0
    outer loop
      vertex 67.0029 151.27 99.2
      vertex 68.0445 151.176 100
      vertex 67.0029 151.27 100
    endloop
  endfacet
  facet normal -0.0898805 -0.995953 -0
    outer loop
      vertex 68.0445 151.176 100
      vertex 67.0029 151.27 99.2
      vertex 68.0445 151.176 99.2
    endloop
  endfacet
  facet normal 0 -1 0
    outer loop
      vertex 64.5819 151.27 99.2
      vertex 67.0029 151.27 100
      vertex 64.5819 151.27 100
    endloop
  endfacet
  facet normal 0 -1 -0
    outer loop
      vertex 67.0029 151.27 100
      vertex 64.5819 151.27 99.2
      vertex 67.0029 151.27 99.2
    endloop
  endfacet
  facet normal 1 -0 0
    outer loop
      vertex 64.5819 144.582 100
      vertex 64.5819 151.27 99.2
      vertex 64.5819 151.27 100
    endloop
  endfacet
  facet normal 1 0 0
    outer loop
      vertex 64.5819 151.27 99.2
      vertex 64.5819 144.582 100
      vertex 64.5819 144.582 99.2
    endloop
  endfacet
  facet normal 0 1 -0
    outer loop
      vertex 67.2876 144.582 99.2
      vertex 64.5819 144.582 100
      vertex 67.2876 144.582 100
    endloop
  endfacet
  facet normal 0 1 0
    outer loop
      vertex 64.5819 144.582 100
      vertex 67.2876 144.582 99.2
      vertex 64.5819 144.582 99.2
    endloop
  endfacet
  facet normal -0.0729402 0.997336 0
    outer loop
      vertex 67.9029 144.627 99.2
      vertex 67.2876 144.582 100
      vertex 67.9029 144.627 100
    endloop
  endfacet
  facet normal -0.0729402 0.997336 0
    outer loop
      vertex 67.2876 144.582 100
      vertex 67.9029 144.627 99.2
      vertex 67.2876 144.582 99.2
    endloop
  endfacet
  facet normal -1 0 0
    outer loop
      vertex 65.9823 145.664 99.2
      vertex 65.9823 150.188 100
      vertex 65.9823 150.188 99.2
    endloop
  endfacet
  facet normal -1 -0 0
    outer loop
      vertex 65.9823 150.188 100
      vertex 65.9823 145.664 99.2
      vertex 65.9823 145.664 100
    endloop
  endfacet
  facet normal 0 1 -0
    outer loop
      vertex 66.9744 150.188 99.2
      vertex 65.9823 150.188 100
      vertex 66.9744 150.188 100
    endloop
  endfacet
  facet normal 0 1 0
    outer loop
      vertex 65.9823 150.188 100
      vertex 66.9744 150.188 99.2
      vertex 65.9823 150.188 99.2
    endloop
  endfacet
  facet normal 0.0979943 0.995187 -0
    outer loop
      vertex 67.6142 150.125 99.2
      vertex 66.9744 150.188 100
      vertex 67.6142 150.125 100
    endloop
  endfacet
  facet normal 0.0979943 0.995187 0
    outer loop
      vertex 66.9744 150.188 100
      vertex 67.6142 150.125 99.2
      vertex 66.9744 150.188 99.2
    endloop
  endfacet
  facet normal 0.334096 0.942539 -0
    outer loop
      vertex 68.1474 149.936 99.2
      vertex 67.6142 150.125 100
      vertex 68.1474 149.936 100
    endloop
  endfacet
  facet normal 0.334096 0.942539 0
    outer loop
      vertex 67.6142 150.125 100
      vertex 68.1474 149.936 99.2
      vertex 67.6142 150.125 99.2
    endloop
  endfacet
  facet normal 0.593919 0.804525 -0
    outer loop
      vertex 68.5741 149.621 99.2
      vertex 68.1474 149.936 100
      vertex 68.5741 149.621 100
    endloop
  endfacet
  facet normal 0.593919 0.804525 0
    outer loop
      vertex 68.1474 149.936 100
      vertex 68.5741 149.621 99.2
      vertex 68.1474 149.936 99.2
    endloop
  endfacet
  facet normal 0.813304 0.581839 0
    outer loop
      vertex 68.8853 149.186 100
      vertex 68.5741 149.621 99.2
      vertex 68.5741 149.621 100
    endloop
  endfacet
  facet normal 0.813304 0.581839 0
    outer loop
      vertex 68.5741 149.621 99.2
      vertex 68.8853 149.186 100
      vertex 68.8853 149.186 99.2
    endloop
  endfacet
  facet normal 0.946573 0.322491 0
    outer loop
      vertex 69.072 148.638 100
      vertex 68.8853 149.186 99.2
      vertex 68.8853 149.186 100
    endloop
  endfacet
  facet normal 0.946573 0.322491 0
    outer loop
      vertex 68.8853 149.186 99.2
      vertex 69.072 148.638 100
      vertex 69.072 148.638 99.2
    endloop
  endfacet
  facet normal 0.995615 0.0935457 0
    outer loop
      vertex 69.1342 147.976 100
      vertex 69.072 148.638 99.2
      vertex 69.072 148.638 100
    endloop
  endfacet
  facet normal 0.995615 0.0935457 0
    outer loop
      vertex 69.072 148.638 99.2
      vertex 69.1342 147.976 100
      vertex 69.1342 147.976 99.2
    endloop
  endfacet
  facet normal 0.996039 -0.0889213 0
    outer loop
      vertex 69.0751 147.314 100
      vertex 69.1342 147.976 99.2
      vertex 69.1342 147.976 100
    endloop
  endfacet
  facet normal 0.996039 -0.0889213 0
    outer loop
      vertex 69.1342 147.976 99.2
      vertex 69.0751 147.314 100
      vertex 69.0751 147.314 99.2
    endloop
  endfacet
  facet normal 0.954021 -0.299739 0
    outer loop
      vertex 68.8979 146.75 100
      vertex 69.0751 147.314 99.2
      vertex 69.0751 147.314 100
    endloop
  endfacet
  facet normal 0.954021 -0.299739 0
    outer loop
      vertex 69.0751 147.314 99.2
      vertex 68.8979 146.75 100
      vertex 68.8979 146.75 99.2
    endloop
  endfacet
  facet normal 0.843639 -0.536911 0
    outer loop
      vertex 68.6026 146.286 100
      vertex 68.8979 146.75 99.2
      vertex 68.8979 146.75 100
    endloop
  endfacet
  facet normal 0.843639 -0.536911 0
    outer loop
      vertex 68.8979 146.75 99.2
      vertex 68.6026 146.286 100
      vertex 68.6026 146.286 99.2
    endloop
  endfacet
  facet normal 0.657263 -0.753661 0
    outer loop
      vertex 68.207 145.941 99.2
      vertex 68.6026 146.286 100
      vertex 68.207 145.941 100
    endloop
  endfacet
  facet normal 0.657263 -0.753661 0
    outer loop
      vertex 68.6026 146.286 100
      vertex 68.207 145.941 99.2
      vertex 68.6026 146.286 99.2
    endloop
  endfacet
  facet normal 0.399077 -0.916917 0
    outer loop
      vertex 67.7291 145.733 99.2
      vertex 68.207 145.941 100
      vertex 67.7291 145.733 100
    endloop
  endfacet
  facet normal 0.399077 -0.916917 0
    outer loop
      vertex 68.207 145.941 100
      vertex 67.7291 145.733 99.2
      vertex 68.207 145.941 99.2
    endloop
  endfacet
  facet normal 0.122268 -0.992497 0
    outer loop
      vertex 67.169 145.664 99.2
      vertex 67.7291 145.733 100
      vertex 67.169 145.664 100
    endloop
  endfacet
  facet normal 0.122268 -0.992497 0
    outer loop
      vertex 67.7291 145.733 100
      vertex 67.169 145.664 99.2
      vertex 67.7291 145.733 99.2
    endloop
  endfacet
  facet normal 0 -1 0
    outer loop
      vertex 65.9823 145.664 99.2
      vertex 67.169 145.664 100
      vertex 65.9823 145.664 100
    endloop
  endfacet
  facet normal 0 -1 -0
    outer loop
      vertex 67.169 145.664 100
      vertex 65.9823 145.664 99.2
      vertex 67.169 145.664 99.2
    endloop
  endfacet
  facet normal 0 1 -0
    outer loop
      vertex 76.1426 145.944 99.2
      vertex 75.2502 145.944 100
      vertex 76.1426 145.944 100
    endloop
  endfacet
  facet normal 0 1 0
    outer loop
      vertex 75.2502 145.944 100
      vertex 76.1426 145.944 99.2
      vertex 75.2502 145.944 99.2
    endloop
  endfacet
  facet normal -1 0 0
    outer loop
      vertex 76.1426 145.944 99.2
      vertex 76.1426 146.937 100
      vertex 76.1426 146.937 99.2
    endloop
  endfacet
  facet normal -1 -0 0
    outer loop
      vertex 76.1426 146.937 100
      vertex 76.1426 145.944 99.2
      vertex 76.1426 145.944 100
    endloop
  endfacet
  facet normal 0 -1 0
    outer loop
      vertex 75.2502 146.937 99.2
      vertex 76.1426 146.937 100
      vertex 75.2502 146.937 100
    endloop
  endfacet
  facet normal 0 -1 -0
    outer loop
      vertex 76.1426 146.937 100
      vertex 75.2502 146.937 99.2
      vertex 76.1426 146.937 99.2
    endloop
  endfacet
  facet normal -1 0 0
    outer loop
      vertex 75.2502 146.937 99.2
      vertex 75.2502 151.27 100
      vertex 75.2502 151.27 99.2
    endloop
  endfacet
  facet normal -1 -0 0
    outer loop
      vertex 75.2502 151.27 100
      vertex 75.2502 146.937 99.2
      vertex 75.2502 146.937 100
    endloop
  endfacet
  facet normal 0 -1 0
    outer loop
      vertex 73.7597 151.27 99.2
      vertex 75.2502 151.27 100
      vertex 73.7597 151.27 100
    endloop
  endfacet
  facet normal 0 -1 -0
    outer loop
      vertex 75.2502 151.27 100
      vertex 73.7597 151.27 99.2
      vertex 75.2502 151.27 99.2
    endloop
  endfacet
  facet normal 0.837212 -0.546879 0
    outer loop
      vertex 70.9352 146.946 100
      vertex 73.7597 151.27 99.2
      vertex 73.7597 151.27 100
    endloop
  endfacet
  facet normal 0.837212 -0.546879 0
    outer loop
      vertex 73.7597 151.27 99.2
      vertex 70.9352 146.946 100
      vertex 70.9352 146.946 99.2
    endloop
  endfacet
  facet normal 1 -0 0
    outer loop
      vertex 70.9352 145.944 100
      vertex 70.9352 146.946 99.2
      vertex 70.9352 146.946 100
    endloop
  endfacet
  facet normal 1 0 0
    outer loop
      vertex 70.9352 146.946 99.2
      vertex 70.9352 145.944 100
      vertex 70.9352 145.944 99.2
    endloop
  endfacet
  facet normal 0 1 -0
    outer loop
      vertex 73.978 145.944 99.2
      vertex 70.9352 145.944 100
      vertex 73.978 145.944 100
    endloop
  endfacet
  facet normal 0 1 0
    outer loop
      vertex 70.9352 145.944 100
      vertex 73.978 145.944 99.2
      vertex 70.9352 145.944 99.2
    endloop
  endfacet
  facet normal 1 -0 0
    outer loop
      vertex 73.978 144.582 100
      vertex 73.978 145.944 99.2
      vertex 73.978 145.944 100
    endloop
  endfacet
  facet normal 1 0 0
    outer loop
      vertex 73.978 145.944 99.2
      vertex 73.978 144.582 100
      vertex 73.978 144.582 99.2
    endloop
  endfacet
  facet normal 0 1 -0
    outer loop
      vertex 75.2502 144.582 99.2
      vertex 73.978 144.582 100
      vertex 75.2502 144.582 100
    endloop
  endfacet
  facet normal 0 1 0
    outer loop
      vertex 73.978 144.582 100
      vertex 75.2502 144.582 99.2
      vertex 73.978 144.582 99.2
    endloop
  endfacet
  facet normal -1 0 0
    outer loop
      vertex 75.2502 144.582 99.2
      vertex 75.2502 145.944 100
      vertex 75.2502 145.944 99.2
    endloop
  endfacet
  facet normal -1 -0 0
    outer loop
      vertex 75.2502 145.944 100
      vertex 75.2502 144.582 99.2
      vertex 75.2502 144.582 100
    endloop
  endfacet
  facet normal -0.83538 0.549672 0
    outer loop
      vertex 72.0223 146.937 99.2
      vertex 73.5745 149.296 100
      vertex 73.5745 149.296 99.2
    endloop
  endfacet
  facet normal -0.83538 0.549672 0
    outer loop
      vertex 73.5745 149.296 100
      vertex 72.0223 146.937 99.2
      vertex 72.0223 146.937 100
    endloop
  endfacet
  facet normal -0.848029 0.52995 0
    outer loop
      vertex 73.5745 149.296 99.2
      vertex 73.7676 149.605 100
      vertex 73.7676 149.605 99.2
    endloop
  endfacet
  facet normal -0.848029 0.52995 0
    outer loop
      vertex 73.7676 149.605 100
      vertex 73.5745 149.296 99.2
      vertex 73.5745 149.296 100
    endloop
  endfacet
  facet normal -0.864708 0.502274 0
    outer loop
      vertex 73.7676 149.605 99.2
      vertex 73.9163 149.861 100
      vertex 73.9163 149.861 99.2
    endloop
  endfacet
  facet normal -0.864708 0.502274 0
    outer loop
      vertex 73.9163 149.861 100
      vertex 73.7676 149.605 99.2
      vertex 73.7676 149.605 100
    endloop
  endfacet
  facet normal -0.890199 0.455572 0
    outer loop
      vertex 73.9163 149.861 99.2
      vertex 74.0207 150.065 100
      vertex 74.0207 150.065 99.2
    endloop
  endfacet
  facet normal -0.890199 0.455572 0
    outer loop
      vertex 74.0207 150.065 100
      vertex 73.9163 149.861 99.2
      vertex 73.9163 149.861 100
    endloop
  endfacet
  facet normal 0.99618 -0.0873195 0
    outer loop
      vertex 74.0136 149.984 100
      vertex 74.0207 150.065 99.2
      vertex 74.0207 150.065 100
    endloop
  endfacet
  facet normal 0.99618 -0.0873195 0
    outer loop
      vertex 74.0207 150.065 99.2
      vertex 74.0136 149.984 100
      vertex 74.0136 149.984 99.2
    endloop
  endfacet
  facet normal 0.997698 -0.0678123 0
    outer loop
      vertex 74.0049 149.856 100
      vertex 74.0136 149.984 99.2
      vertex 74.0136 149.984 100
    endloop
  endfacet
  facet normal 0.997698 -0.0678123 0
    outer loop
      vertex 74.0136 149.984 99.2
      vertex 74.0049 149.856 100
      vertex 74.0049 149.856 99.2
    endloop
  endfacet
  facet normal 0.998292 -0.0584228 0
    outer loop
      vertex 73.9946 149.68 100
      vertex 74.0049 149.856 99.2
      vertex 74.0049 149.856 100
    endloop
  endfacet
  facet normal 0.998292 -0.0584228 0
    outer loop
      vertex 74.0049 149.856 99.2
      vertex 73.9946 149.68 100
      vertex 73.9946 149.68 99.2
    endloop
  endfacet
  facet normal 0.998877 -0.0473694 0
    outer loop
      vertex 73.9854 149.486 100
      vertex 73.9946 149.68 99.2
      vertex 73.9946 149.68 100
    endloop
  endfacet
  facet normal 0.998877 -0.0473694 0
    outer loop
      vertex 73.9946 149.68 99.2
      vertex 73.9854 149.486 100
      vertex 73.9854 149.486 99.2
    endloop
  endfacet
  facet normal 0.999563 -0.029557 0
    outer loop
      vertex 73.9799 149.3 100
      vertex 73.9854 149.486 99.2
      vertex 73.9854 149.486 100
    endloop
  endfacet
  facet normal 0.999563 -0.029557 0
    outer loop
      vertex 73.9854 149.486 99.2
      vertex 73.9799 149.3 100
      vertex 73.9799 149.3 99.2
    endloop
  endfacet
  facet normal 0.999941 -0.0108565 0
    outer loop
      vertex 73.978 149.125 100
      vertex 73.9799 149.3 99.2
      vertex 73.9799 149.3 100
    endloop
  endfacet
  facet normal 0.999941 -0.0108565 0
    outer loop
      vertex 73.9799 149.3 99.2
      vertex 73.978 149.125 100
      vertex 73.978 149.125 99.2
    endloop
  endfacet
  facet normal 1 -0 0
    outer loop
      vertex 73.978 146.937 100
      vertex 73.978 149.125 99.2
      vertex 73.978 149.125 100
    endloop
  endfacet
  facet normal 1 0 0
    outer loop
      vertex 73.978 149.125 99.2
      vertex 73.978 146.937 100
      vertex 73.978 146.937 99.2
    endloop
  endfacet
  facet normal 0 -1 0
    outer loop
      vertex 72.0223 146.937 99.2
      vertex 73.978 146.937 100
      vertex 72.0223 146.937 100
    endloop
  endfacet
  facet normal 0 -1 -0
    outer loop
      vertex 73.978 146.937 100
      vertex 72.0223 146.937 99.2
      vertex 73.978 146.937 99.2
    endloop
  endfacet
  facet normal 0 0 1
    outer loop
      vertex 102.103 54.0502 99.2
      vertex 98.2442 52.9679 99.2
      vertex 102.103 52.9679 99.2
    endloop
  endfacet
  facet normal 0 0 1
    outer loop
      vertex 96.8438 54.0502 99.2
      vertex 98.2442 51.2875 99.2
      vertex 98.2442 52.9679 99.2
    endloop
  endfacet
  facet normal 0 0 1
    outer loop
      vertex 98.2442 51.2875 99.2
      vertex 96.8438 54.0502 99.2
      vertex 98.2442 50.2052 99.2
    endloop
  endfacet
  facet normal 0 0 1
    outer loop
      vertex 96.8438 47.3618 99.2
      vertex 98.2442 50.2052 99.2
      vertex 96.8438 54.0502 99.2
    endloop
  endfacet
  facet normal -0 0 1
    outer loop
      vertex 96.8438 54.0502 99.2
      vertex 98.2442 52.9679 99.2
      vertex 102.103 54.0502 99.2
    endloop
  endfacet
  facet normal -0 0 1
    outer loop
      vertex 98.2442 51.2875 99.2
      vertex 101.814 50.2052 99.2
      vertex 101.814 51.2875 99.2
    endloop
  endfacet
  facet normal 0 0 1
    outer loop
      vertex 101.814 50.2052 99.2
      vertex 98.2442 51.2875 99.2
      vertex 98.2442 50.2052 99.2
    endloop
  endfacet
  facet normal -0 0 1
    outer loop
      vertex 98.2442 48.4441 99.2
      vertex 102.298 47.3618 99.2
      vertex 102.298 48.4441 99.2
    endloop
  endfacet
  facet normal 0 0 1
    outer loop
      vertex 98.2442 48.4441 99.2
      vertex 96.8438 47.3618 99.2
      vertex 102.298 47.3618 99.2
    endloop
  endfacet
  facet normal 0 0 1
    outer loop
      vertex 98.2442 50.2052 99.2
      vertex 96.8438 47.3618 99.2
      vertex 98.2442 48.4441 99.2
    endloop
  endfacet
  facet normal -0 0 1
    outer loop
      vertex 103.76 49.7163 99.2
      vertex 105.716 48.7242 99.2
      vertex 105.716 49.7163 99.2
    endloop
  endfacet
  facet normal 0 0 1
    outer loop
      vertex 102.673 48.7242 99.2
      vertex 103.76 49.7163 99.2
      vertex 102.673 49.7258 99.2
    endloop
  endfacet
  facet normal 0 0 1
    outer loop
      vertex 103.76 49.7163 99.2
      vertex 102.673 48.7242 99.2
      vertex 105.716 48.7242 99.2
    endloop
  endfacet
  facet normal -0 0 1
    outer loop
      vertex 105.716 51.9046 99.2
      vertex 106.988 49.7163 99.2
      vertex 106.988 54.0502 99.2
    endloop
  endfacet
  facet normal 0 0 1
    outer loop
      vertex 105.716 49.7163 99.2
      vertex 106.988 49.7163 99.2
      vertex 105.716 51.9046 99.2
    endloop
  endfacet
  facet normal 0 0 1
    outer loop
      vertex 105.752 52.7638 99.2
      vertex 106.988 54.0502 99.2
      vertex 105.759 52.8444 99.2
    endloop
  endfacet
  facet normal 0 0 1
    outer loop
      vertex 105.498 54.0502 99.2
      vertex 105.654 52.6409 99.2
      vertex 105.759 52.8444 99.2
    endloop
  endfacet
  facet normal -0 0 1
    outer loop
      vertex 105.498 54.0502 99.2
      vertex 105.759 52.8444 99.2
      vertex 106.988 54.0502 99.2
    endloop
  endfacet
  facet normal 0 0 1
    outer loop
      vertex 105.654 52.6409 99.2
      vertex 105.498 54.0502 99.2
      vertex 105.506 52.3845 99.2
    endloop
  endfacet
  facet normal 0 0 1
    outer loop
      vertex 105.498 54.0502 99.2
      vertex 105.313 52.0755 99.2
      vertex 105.506 52.3845 99.2
    endloop
  endfacet
  facet normal 0 0 1
    outer loop
      vertex 102.673 49.7258 99.2
      vertex 105.313 52.0755 99.2
      vertex 105.498 54.0502 99.2
    endloop
  endfacet
  facet normal 0 0 1
    outer loop
      vertex 105.313 52.0755 99.2
      vertex 102.673 49.7258 99.2
      vertex 103.76 49.7163 99.2
    endloop
  endfacet
  facet normal -0 0 1
    outer loop
      vertex 106.988 49.7163 99.2
      vertex 107.881 48.7242 99.2
      vertex 107.881 49.7163 99.2
    endloop
  endfacet
  facet normal 0 0 1
    outer loop
      vertex 107.881 48.7242 99.2
      vertex 106.988 49.7163 99.2
      vertex 106.988 48.7242 99.2
    endloop
  endfacet
  facet normal 0 0 1
    outer loop
      vertex 105.743 52.6356 99.2
      vertex 106.988 54.0502 99.2
      vertex 105.752 52.7638 99.2
    endloop
  endfacet
  facet normal 0 0 1
    outer loop
      vertex 105.733 52.4599 99.2
      vertex 106.988 54.0502 99.2
      vertex 105.743 52.6356 99.2
    endloop
  endfacet
  facet normal 0 0 1
    outer loop
      vertex 105.723 52.2653 99.2
      vertex 106.988 54.0502 99.2
      vertex 105.733 52.4599 99.2
    endloop
  endfacet
  facet normal 0 0 1
    outer loop
      vertex 105.718 52.0802 99.2
      vertex 106.988 54.0502 99.2
      vertex 105.723 52.2653 99.2
    endloop
  endfacet
  facet normal 0 0 1
    outer loop
      vertex 105.716 51.9046 99.2
      vertex 106.988 54.0502 99.2
      vertex 105.718 52.0802 99.2
    endloop
  endfacet
  facet normal 0 0 1
    outer loop
      vertex 106.988 49.7163 99.2
      vertex 105.716 49.7163 99.2
      vertex 106.988 48.7242 99.2
    endloop
  endfacet
  facet normal 0 0 1
    outer loop
      vertex 105.716 48.7242 99.2
      vertex 106.988 48.7242 99.2
      vertex 105.716 49.7163 99.2
    endloop
  endfacet
  facet normal 0 0 1
    outer loop
      vertex 106.988 48.7242 99.2
      vertex 105.716 48.7242 99.2
      vertex 106.988 47.3618 99.2
    endloop
  endfacet
  facet normal 0 0 1
    outer loop
      vertex 106.988 47.3618 99.2
      vertex 105.716 48.7242 99.2
      vertex 105.716 47.3618 99.2
    endloop
  endfacet
  facet normal 0 -1 0
    outer loop
      vertex 98.2442 48.4441 99.2
      vertex 102.298 48.4441 100
      vertex 98.2442 48.4441 100
    endloop
  endfacet
  facet normal 0 -1 -0
    outer loop
      vertex 102.298 48.4441 100
      vertex 98.2442 48.4441 99.2
      vertex 102.298 48.4441 99.2
    endloop
  endfacet
  facet normal -1 0 0
    outer loop
      vertex 98.2442 48.4441 99.2
      vertex 98.2442 50.2052 100
      vertex 98.2442 50.2052 99.2
    endloop
  endfacet
  facet normal -1 -0 0
    outer loop
      vertex 98.2442 50.2052 100
      vertex 98.2442 48.4441 99.2
      vertex 98.2442 48.4441 100
    endloop
  endfacet
  facet normal 0 1 -0
    outer loop
      vertex 101.814 50.2052 99.2
      vertex 98.2442 50.2052 100
      vertex 101.814 50.2052 100
    endloop
  endfacet
  facet normal 0 1 0
    outer loop
      vertex 98.2442 50.2052 100
      vertex 101.814 50.2052 99.2
      vertex 98.2442 50.2052 99.2
    endloop
  endfacet
  facet normal -1 0 0
    outer loop
      vertex 101.814 50.2052 99.2
      vertex 101.814 51.2875 100
      vertex 101.814 51.2875 99.2
    endloop
  endfacet
  facet normal -1 -0 0
    outer loop
      vertex 101.814 51.2875 100
      vertex 101.814 50.2052 99.2
      vertex 101.814 50.2052 100
    endloop
  endfacet
  facet normal 0 -1 0
    outer loop
      vertex 98.2442 51.2875 99.2
      vertex 101.814 51.2875 100
      vertex 98.2442 51.2875 100
    endloop
  endfacet
  facet normal 0 -1 -0
    outer loop
      vertex 101.814 51.2875 100
      vertex 98.2442 51.2875 99.2
      vertex 101.814 51.2875 99.2
    endloop
  endfacet
  facet normal -1 0 0
    outer loop
      vertex 98.2442 51.2875 99.2
      vertex 98.2442 52.9679 100
      vertex 98.2442 52.9679 99.2
    endloop
  endfacet
  facet normal -1 -0 0
    outer loop
      vertex 98.2442 52.9679 100
      vertex 98.2442 51.2875 99.2
      vertex 98.2442 51.2875 100
    endloop
  endfacet
  facet normal 0 1 -0
    outer loop
      vertex 102.103 52.9679 99.2
      vertex 98.2442 52.9679 100
      vertex 102.103 52.9679 100
    endloop
  endfacet
  facet normal 0 1 0
    outer loop
      vertex 98.2442 52.9679 100
      vertex 102.103 52.9679 99.2
      vertex 98.2442 52.9679 99.2
    endloop
  endfacet
  facet normal -1 0 0
    outer loop
      vertex 102.103 52.9679 99.2
      vertex 102.103 54.0502 100
      vertex 102.103 54.0502 99.2
    endloop
  endfacet
  facet normal -1 -0 0
    outer loop
      vertex 102.103 54.0502 100
      vertex 102.103 52.9679 99.2
      vertex 102.103 52.9679 100
    endloop
  endfacet
  facet normal 0 -1 0
    outer loop
      vertex 96.8438 54.0502 99.2
      vertex 102.103 54.0502 100
      vertex 96.8438 54.0502 100
    endloop
  endfacet
  facet normal 0 -1 -0
    outer loop
      vertex 102.103 54.0502 100
      vertex 96.8438 54.0502 99.2
      vertex 102.103 54.0502 99.2
    endloop
  endfacet
  facet normal 1 -0 0
    outer loop
      vertex 96.8438 47.3618 100
      vertex 96.8438 54.0502 99.2
      vertex 96.8438 54.0502 100
    endloop
  endfacet
  facet normal 1 0 0
    outer loop
      vertex 96.8438 54.0502 99.2
      vertex 96.8438 47.3618 100
      vertex 96.8438 47.3618 99.2
    endloop
  endfacet
  facet normal 0 1 -0
    outer loop
      vertex 102.298 47.3618 99.2
      vertex 96.8438 47.3618 100
      vertex 102.298 47.3618 100
    endloop
  endfacet
  facet normal 0 1 0
    outer loop
      vertex 96.8438 47.3618 100
      vertex 102.298 47.3618 99.2
      vertex 96.8438 47.3618 99.2
    endloop
  endfacet
  facet normal -1 0 0
    outer loop
      vertex 102.298 47.3618 99.2
      vertex 102.298 48.4441 100
      vertex 102.298 48.4441 99.2
    endloop
  endfacet
  facet normal -1 -0 0
    outer loop
      vertex 102.298 48.4441 100
      vertex 102.298 47.3618 99.2
      vertex 102.298 47.3618 100
    endloop
  endfacet
  facet normal 0 1 -0
    outer loop
      vertex 107.881 48.7242 99.2
      vertex 106.988 48.7242 100
      vertex 107.881 48.7242 100
    endloop
  endfacet
  facet normal 0 1 0
    outer loop
      vertex 106.988 48.7242 100
      vertex 107.881 48.7242 99.2
      vertex 106.988 48.7242 99.2
    endloop
  endfacet
  facet normal -1 0 0
    outer loop
      vertex 107.881 48.7242 99.2
      vertex 107.881 49.7163 100
      vertex 107.881 49.7163 99.2
    endloop
  endfacet
  facet normal -1 -0 0
    outer loop
      vertex 107.881 49.7163 100
      vertex 107.881 48.7242 99.2
      vertex 107.881 48.7242 100
    endloop
  endfacet
  facet normal 0 -1 0
    outer loop
      vertex 106.988 49.7163 99.2
      vertex 107.881 49.7163 100
      vertex 106.988 49.7163 100
    endloop
  endfacet
  facet normal 0 -1 -0
    outer loop
      vertex 107.881 49.7163 100
      vertex 106.988 49.7163 99.2
      vertex 107.881 49.7163 99.2
    endloop
  endfacet
  facet normal -1 0 0
    outer loop
      vertex 106.988 49.7163 99.2
      vertex 106.988 54.0502 100
      vertex 106.988 54.0502 99.2
    endloop
  endfacet
  facet normal -1 -0 0
    outer loop
      vertex 106.988 54.0502 100
      vertex 106.988 49.7163 99.2
      vertex 106.988 49.7163 100
    endloop
  endfacet
  facet normal 0 -1 0
    outer loop
      vertex 105.498 54.0502 99.2
      vertex 106.988 54.0502 100
      vertex 105.498 54.0502 100
    endloop
  endfacet
  facet normal 0 -1 -0
    outer loop
      vertex 106.988 54.0502 100
      vertex 105.498 54.0502 99.2
      vertex 106.988 54.0502 99.2
    endloop
  endfacet
  facet normal 0.837191 -0.546911 0
    outer loop
      vertex 102.673 49.7258 100
      vertex 105.498 54.0502 99.2
      vertex 105.498 54.0502 100
    endloop
  endfacet
  facet normal 0.837191 -0.546911 0
    outer loop
      vertex 105.498 54.0502 99.2
      vertex 102.673 49.7258 100
      vertex 102.673 49.7258 99.2
    endloop
  endfacet
  facet normal 1 -0 0
    outer loop
      vertex 102.673 48.7242 100
      vertex 102.673 49.7258 99.2
      vertex 102.673 49.7258 100
    endloop
  endfacet
  facet normal 1 0 0
    outer loop
      vertex 102.673 49.7258 99.2
      vertex 102.673 48.7242 100
      vertex 102.673 48.7242 99.2
    endloop
  endfacet
  facet normal 0 1 -0
    outer loop
      vertex 105.716 48.7242 99.2
      vertex 102.673 48.7242 100
      vertex 105.716 48.7242 100
    endloop
  endfacet
  facet normal 0 1 0
    outer loop
      vertex 102.673 48.7242 100
      vertex 105.716 48.7242 99.2
      vertex 102.673 48.7242 99.2
    endloop
  endfacet
  facet normal 1 -0 0
    outer loop
      vertex 105.716 47.3618 100
      vertex 105.716 48.7242 99.2
      vertex 105.716 48.7242 100
    endloop
  endfacet
  facet normal 1 0 0
    outer loop
      vertex 105.716 48.7242 99.2
      vertex 105.716 47.3618 100
      vertex 105.716 47.3618 99.2
    endloop
  endfacet
  facet normal 0 1 -0
    outer loop
      vertex 106.988 47.3618 99.2
      vertex 105.716 47.3618 100
      vertex 106.988 47.3618 100
    endloop
  endfacet
  facet normal 0 1 0
    outer loop
      vertex 105.716 47.3618 100
      vertex 106.988 47.3618 99.2
      vertex 105.716 47.3618 99.2
    endloop
  endfacet
  facet normal -1 0 0
    outer loop
      vertex 106.988 47.3618 99.2
      vertex 106.988 48.7242 100
      vertex 106.988 48.7242 99.2
    endloop
  endfacet
  facet normal -1 -0 0
    outer loop
      vertex 106.988 48.7242 100
      vertex 106.988 47.3618 99.2
      vertex 106.988 47.3618 100
    endloop
  endfacet
  facet normal -0.835272 0.549838 0
    outer loop
      vertex 103.76 49.7163 99.2
      vertex 105.313 52.0755 100
      vertex 105.313 52.0755 99.2
    endloop
  endfacet
  facet normal -0.835272 0.549838 0
    outer loop
      vertex 105.313 52.0755 100
      vertex 103.76 49.7163 99.2
      vertex 103.76 49.7163 100
    endloop
  endfacet
  facet normal -0.848152 0.529752 0
    outer loop
      vertex 105.313 52.0755 99.2
      vertex 105.506 52.3845 100
      vertex 105.506 52.3845 99.2
    endloop
  endfacet
  facet normal -0.848152 0.529752 0
    outer loop
      vertex 105.506 52.3845 100
      vertex 105.313 52.0755 99.2
      vertex 105.313 52.0755 100
    endloop
  endfacet
  facet normal -0.866073 0.499917 0
    outer loop
      vertex 105.506 52.3845 99.2
      vertex 105.654 52.6409 100
      vertex 105.654 52.6409 99.2
    endloop
  endfacet
  facet normal -0.866073 0.499917 0
    outer loop
      vertex 105.654 52.6409 100
      vertex 105.506 52.3845 99.2
      vertex 105.506 52.3845 100
    endloop
  endfacet
  facet normal -0.888678 0.458532 0
    outer loop
      vertex 105.654 52.6409 99.2
      vertex 105.759 52.8444 100
      vertex 105.759 52.8444 99.2
    endloop
  endfacet
  facet normal -0.888678 0.458532 0
    outer loop
      vertex 105.759 52.8444 100
      vertex 105.654 52.6409 99.2
      vertex 105.654 52.6409 100
    endloop
  endfacet
  facet normal 0.99625 -0.0865229 0
    outer loop
      vertex 105.752 52.7638 100
      vertex 105.759 52.8444 99.2
      vertex 105.759 52.8444 100
    endloop
  endfacet
  facet normal 0.99625 -0.0865229 0
    outer loop
      vertex 105.759 52.8444 99.2
      vertex 105.752 52.7638 100
      vertex 105.752 52.7638 99.2
    endloop
  endfacet
  facet normal 0.997545 -0.0700304 0
    outer loop
      vertex 105.743 52.6356 100
      vertex 105.752 52.7638 99.2
      vertex 105.752 52.7638 100
    endloop
  endfacet
  facet normal 0.997545 -0.0700304 0
    outer loop
      vertex 105.752 52.7638 99.2
      vertex 105.743 52.6356 100
      vertex 105.743 52.6356 99.2
    endloop
  endfacet
  facet normal 0.998384 -0.0568232 0
    outer loop
      vertex 105.733 52.4599 100
      vertex 105.743 52.6356 99.2
      vertex 105.743 52.6356 100
    endloop
  endfacet
  facet normal 0.998384 -0.0568232 0
    outer loop
      vertex 105.743 52.6356 99.2
      vertex 105.733 52.4599 100
      vertex 105.733 52.4599 99.2
    endloop
  endfacet
  facet normal 0.998682 -0.0513197 0
    outer loop
      vertex 105.723 52.2653 100
      vertex 105.733 52.4599 99.2
      vertex 105.733 52.4599 100
    endloop
  endfacet
  facet normal 0.998682 -0.0513197 0
    outer loop
      vertex 105.733 52.4599 99.2
      vertex 105.723 52.2653 100
      vertex 105.723 52.2653 99.2
    endloop
  endfacet
  facet normal 0.999635 -0.0270026 0
    outer loop
      vertex 105.718 52.0802 100
      vertex 105.723 52.2653 99.2
      vertex 105.723 52.2653 100
    endloop
  endfacet
  facet normal 0.999635 -0.0270026 0
    outer loop
      vertex 105.723 52.2653 99.2
      vertex 105.718 52.0802 100
      vertex 105.718 52.0802 99.2
    endloop
  endfacet
  facet normal 0.999935 -0.0113888 0
    outer loop
      vertex 105.716 51.9046 100
      vertex 105.718 52.0802 99.2
      vertex 105.718 52.0802 100
    endloop
  endfacet
  facet normal 0.999935 -0.0113888 0
    outer loop
      vertex 105.718 52.0802 99.2
      vertex 105.716 51.9046 100
      vertex 105.716 51.9046 99.2
    endloop
  endfacet
  facet normal 1 -0 0
    outer loop
      vertex 105.716 49.7163 100
      vertex 105.716 51.9046 99.2
      vertex 105.716 51.9046 100
    endloop
  endfacet
  facet normal 1 0 0
    outer loop
      vertex 105.716 51.9046 99.2
      vertex 105.716 49.7163 100
      vertex 105.716 49.7163 99.2
    endloop
  endfacet
  facet normal 0 -1 0
    outer loop
      vertex 103.76 49.7163 99.2
      vertex 105.716 49.7163 100
      vertex 103.76 49.7163 100
    endloop
  endfacet
  facet normal 0 -1 -0
    outer loop
      vertex 105.716 49.7163 100
      vertex 103.76 49.7163 99.2
      vertex 105.716 49.7163 99.2
    endloop
  endfacet
  facet normal 0 0 1
    outer loop
      vertex 133.027 153.199 99.2
      vertex 134.484 153.277 99.2
      vertex 133.866 154.245 99.2
    endloop
  endfacet
  facet normal 0 0 1
    outer loop
      vertex 134.484 153.277 99.2
      vertex 133.027 153.199 99.2
      vertex 133.193 152.888 99.2
    endloop
  endfacet
  facet normal 0 0 1
    outer loop
      vertex 132.809 153.455 99.2
      vertex 133.866 154.245 99.2
      vertex 132.868 154.826 99.2
    endloop
  endfacet
  facet normal 0 0 1
    outer loop
      vertex 133.866 154.245 99.2
      vertex 132.809 153.455 99.2
      vertex 133.027 153.199 99.2
    endloop
  endfacet
  facet normal 0 0 1
    outer loop
      vertex 132.868 154.826 99.2
      vertex 132.538 153.657 99.2
      vertex 132.809 153.455 99.2
    endloop
  endfacet
  facet normal 0 0 1
    outer loop
      vertex 132.868 154.826 99.2
      vertex 132.223 153.802 99.2
      vertex 132.538 153.657 99.2
    endloop
  endfacet
  facet normal 0 0 1
    outer loop
      vertex 132.868 154.826 99.2
      vertex 131.873 153.889 99.2
      vertex 132.223 153.802 99.2
    endloop
  endfacet
  facet normal 0 0 1
    outer loop
      vertex 131.489 155.019 99.2
      vertex 131.873 153.889 99.2
      vertex 132.868 154.826 99.2
    endloop
  endfacet
  facet normal 0 0 1
    outer loop
      vertex 131.489 155.019 99.2
      vertex 131.489 153.918 99.2
      vertex 131.873 153.889 99.2
    endloop
  endfacet
  facet normal 0 0 1
    outer loop
      vertex 131.489 155.019 99.2
      vertex 130.883 153.851 99.2
      vertex 131.489 153.918 99.2
    endloop
  endfacet
  facet normal -0 0 1
    outer loop
      vertex 130.47 154.921 99.2
      vertex 130.883 153.851 99.2
      vertex 131.489 155.019 99.2
    endloop
  endfacet
  facet normal 0 0 1
    outer loop
      vertex 130.47 154.921 99.2
      vertex 130.383 153.652 99.2
      vertex 130.883 153.851 99.2
    endloop
  endfacet
  facet normal -0 0 1
    outer loop
      vertex 129.624 154.628 99.2
      vertex 130.383 153.652 99.2
      vertex 130.47 154.921 99.2
    endloop
  endfacet
  facet normal 0 0 1
    outer loop
      vertex 130.383 153.652 99.2
      vertex 129.624 154.628 99.2
      vertex 129.989 153.32 99.2
    endloop
  endfacet
  facet normal -0 0 1
    outer loop
      vertex 128.949 154.139 99.2
      vertex 129.989 153.32 99.2
      vertex 129.624 154.628 99.2
    endloop
  endfacet
  facet normal 0 0 1
    outer loop
      vertex 129.989 153.32 99.2
      vertex 128.949 154.139 99.2
      vertex 129.704 152.864 99.2
    endloop
  endfacet
  facet normal -0 0 1
    outer loop
      vertex 128.458 153.466 99.2
      vertex 129.704 152.864 99.2
      vertex 128.949 154.139 99.2
    endloop
  endfacet
  facet normal 0 0 1
    outer loop
      vertex 128.164 152.622 99.2
      vertex 129.704 152.864 99.2
      vertex 128.458 153.466 99.2
    endloop
  endfacet
  facet normal -0 0 1
    outer loop
      vertex 133.345 150.723 99.2
      vertex 134.626 149.299 99.2
      vertex 134.626 151.758 99.2
    endloop
  endfacet
  facet normal -0 0 1
    outer loop
      vertex 133.345 149.798 99.2
      vertex 134.626 149.299 99.2
      vertex 133.345 150.723 99.2
    endloop
  endfacet
  facet normal 0 0 1
    outer loop
      vertex 134.626 149.299 99.2
      vertex 133.345 149.798 99.2
      vertex 134.236 148.962 99.2
    endloop
  endfacet
  facet normal -0 0 1
    outer loop
      vertex 131.712 151.758 99.2
      vertex 133.345 150.723 99.2
      vertex 134.626 151.758 99.2
    endloop
  endfacet
  facet normal 0 0 1
    outer loop
      vertex 133.345 150.723 99.2
      vertex 131.712 151.758 99.2
      vertex 131.712 150.723 99.2
    endloop
  endfacet
  facet normal 0 0 1
    outer loop
      vertex 134.236 148.962 99.2
      vertex 133.345 149.798 99.2
      vertex 133.775 148.677 99.2
    endloop
  endfacet
  facet normal -0 0 1
    outer loop
      vertex 133.132 149.643 99.2
      vertex 133.775 148.677 99.2
      vertex 133.345 149.798 99.2
    endloop
  endfacet
  facet normal 0 0 1
    outer loop
      vertex 133.775 148.677 99.2
      vertex 133.132 149.643 99.2
      vertex 133.243 148.445 99.2
    endloop
  endfacet
  facet normal -0 0 1
    outer loop
      vertex 132.868 149.508 99.2
      vertex 133.243 148.445 99.2
      vertex 133.132 149.643 99.2
    endloop
  endfacet
  facet normal -0 0 1
    outer loop
      vertex 132.552 149.392 99.2
      vertex 133.243 148.445 99.2
      vertex 132.868 149.508 99.2
    endloop
  endfacet
  facet normal 0 0 1
    outer loop
      vertex 133.243 148.445 99.2
      vertex 132.552 149.392 99.2
      vertex 132.665 148.273 99.2
    endloop
  endfacet
  facet normal -0 0 1
    outer loop
      vertex 132.206 149.303 99.2
      vertex 132.665 148.273 99.2
      vertex 132.552 149.392 99.2
    endloop
  endfacet
  facet normal 0 0 1
    outer loop
      vertex 132.206 149.303 99.2
      vertex 132.07 148.171 99.2
      vertex 132.665 148.273 99.2
    endloop
  endfacet
  facet normal -0 0 1
    outer loop
      vertex 131.854 149.25 99.2
      vertex 132.07 148.171 99.2
      vertex 132.206 149.303 99.2
    endloop
  endfacet
  facet normal 0 0 1
    outer loop
      vertex 131.455 148.136 99.2
      vertex 131.854 149.25 99.2
      vertex 131.493 149.233 99.2
    endloop
  endfacet
  facet normal 0 0 1
    outer loop
      vertex 131.854 149.25 99.2
      vertex 131.455 148.136 99.2
      vertex 132.07 148.171 99.2
    endloop
  endfacet
  facet normal 0 0 1
    outer loop
      vertex 130.902 149.302 99.2
      vertex 131.455 148.136 99.2
      vertex 131.493 149.233 99.2
    endloop
  endfacet
  facet normal 0 0 1
    outer loop
      vertex 130.902 149.302 99.2
      vertex 130.451 148.237 99.2
      vertex 131.455 148.136 99.2
    endloop
  endfacet
  facet normal 0 0 1
    outer loop
      vertex 130.406 149.508 99.2
      vertex 130.451 148.237 99.2
      vertex 130.902 149.302 99.2
    endloop
  endfacet
  facet normal 0 0 1
    outer loop
      vertex 129.614 148.538 99.2
      vertex 130.406 149.508 99.2
      vertex 130.005 149.852 99.2
    endloop
  endfacet
  facet normal 0 0 1
    outer loop
      vertex 128.944 149.041 99.2
      vertex 130.005 149.852 99.2
      vertex 129.711 150.322 99.2
    endloop
  endfacet
  facet normal 0 0 1
    outer loop
      vertex 130.406 149.508 99.2
      vertex 129.614 148.538 99.2
      vertex 130.451 148.237 99.2
    endloop
  endfacet
  facet normal -0 0 1
    outer loop
      vertex 128.164 150.583 99.2
      vertex 129.711 150.322 99.2
      vertex 129.535 150.907 99.2
    endloop
  endfacet
  facet normal -0 0 1
    outer loop
      vertex 128.066 151.606 99.2
      vertex 129.535 150.907 99.2
      vertex 129.476 151.606 99.2
    endloop
  endfacet
  facet normal 0 0 1
    outer loop
      vertex 129.704 152.864 99.2
      vertex 128.164 152.622 99.2
      vertex 129.533 152.292 99.2
    endloop
  endfacet
  facet normal 0 0 1
    outer loop
      vertex 129.535 150.907 99.2
      vertex 128.066 151.606 99.2
      vertex 128.164 150.583 99.2
    endloop
  endfacet
  facet normal 0 0 1
    outer loop
      vertex 128.066 151.606 99.2
      vertex 129.533 152.292 99.2
      vertex 128.164 152.622 99.2
    endloop
  endfacet
  facet normal 0 0 1
    outer loop
      vertex 129.711 150.322 99.2
      vertex 128.164 150.583 99.2
      vertex 128.456 149.727 99.2
    endloop
  endfacet
  facet normal 0 0 1
    outer loop
      vertex 129.533 152.292 99.2
      vertex 128.066 151.606 99.2
      vertex 129.476 151.606 99.2
    endloop
  endfacet
  facet normal 0 0 1
    outer loop
      vertex 129.711 150.322 99.2
      vertex 128.456 149.727 99.2
      vertex 128.944 149.041 99.2
    endloop
  endfacet
  facet normal 0 0 1
    outer loop
      vertex 130.005 149.852 99.2
      vertex 128.944 149.041 99.2
      vertex 129.614 148.538 99.2
    endloop
  endfacet
  facet normal -0 0 1
    outer loop
      vertex 136.287 150.586 99.2
      vertex 138.242 149.594 99.2
      vertex 138.242 150.586 99.2
    endloop
  endfacet
  facet normal 0 0 1
    outer loop
      vertex 135.199 149.594 99.2
      vertex 136.287 150.586 99.2
      vertex 135.199 150.595 99.2
    endloop
  endfacet
  facet normal 0 0 1
    outer loop
      vertex 136.287 150.586 99.2
      vertex 135.199 149.594 99.2
      vertex 138.242 149.594 99.2
    endloop
  endfacet
  facet normal -0 0 1
    outer loop
      vertex 138.242 152.774 99.2
      vertex 139.514 150.586 99.2
      vertex 139.514 154.92 99.2
    endloop
  endfacet
  facet normal 0 0 1
    outer loop
      vertex 138.242 150.586 99.2
      vertex 139.514 150.586 99.2
      vertex 138.242 152.774 99.2
    endloop
  endfacet
  facet normal 0 0 1
    outer loop
      vertex 138.278 153.633 99.2
      vertex 139.514 154.92 99.2
      vertex 138.285 153.714 99.2
    endloop
  endfacet
  facet normal 0 0 1
    outer loop
      vertex 138.024 154.92 99.2
      vertex 138.181 153.51 99.2
      vertex 138.285 153.714 99.2
    endloop
  endfacet
  facet normal -0 0 1
    outer loop
      vertex 138.024 154.92 99.2
      vertex 138.285 153.714 99.2
      vertex 139.514 154.92 99.2
    endloop
  endfacet
  facet normal 0 0 1
    outer loop
      vertex 138.181 153.51 99.2
      vertex 138.024 154.92 99.2
      vertex 138.032 153.254 99.2
    endloop
  endfacet
  facet normal 0 0 1
    outer loop
      vertex 138.024 154.92 99.2
      vertex 137.839 152.945 99.2
      vertex 138.032 153.254 99.2
    endloop
  endfacet
  facet normal 0 0 1
    outer loop
      vertex 135.199 150.595 99.2
      vertex 137.839 152.945 99.2
      vertex 138.024 154.92 99.2
    endloop
  endfacet
  facet normal 0 0 1
    outer loop
      vertex 137.839 152.945 99.2
      vertex 135.199 150.595 99.2
      vertex 136.287 150.586 99.2
    endloop
  endfacet
  facet normal -0 0 1
    outer loop
      vertex 139.514 150.586 99.2
      vertex 140.407 149.594 99.2
      vertex 140.407 150.586 99.2
    endloop
  endfacet
  facet normal 0 0 1
    outer loop
      vertex 140.407 149.594 99.2
      vertex 139.514 150.586 99.2
      vertex 139.514 149.594 99.2
    endloop
  endfacet
  facet normal 0 0 1
    outer loop
      vertex 138.269 153.505 99.2
      vertex 139.514 154.92 99.2
      vertex 138.278 153.633 99.2
    endloop
  endfacet
  facet normal 0 0 1
    outer loop
      vertex 138.259 153.329 99.2
      vertex 139.514 154.92 99.2
      vertex 138.269 153.505 99.2
    endloop
  endfacet
  facet normal 0 0 1
    outer loop
      vertex 138.25 153.135 99.2
      vertex 139.514 154.92 99.2
      vertex 138.259 153.329 99.2
    endloop
  endfacet
  facet normal 0 0 1
    outer loop
      vertex 138.244 152.95 99.2
      vertex 139.514 154.92 99.2
      vertex 138.25 153.135 99.2
    endloop
  endfacet
  facet normal 0 0 1
    outer loop
      vertex 138.242 152.774 99.2
      vertex 139.514 154.92 99.2
      vertex 138.244 152.95 99.2
    endloop
  endfacet
  facet normal 0 0 1
    outer loop
      vertex 139.514 150.586 99.2
      vertex 138.242 150.586 99.2
      vertex 139.514 149.594 99.2
    endloop
  endfacet
  facet normal 0 0 1
    outer loop
      vertex 138.242 149.594 99.2
      vertex 139.514 149.594 99.2
      vertex 138.242 150.586 99.2
    endloop
  endfacet
  facet normal 0 0 1
    outer loop
      vertex 139.514 149.594 99.2
      vertex 138.242 149.594 99.2
      vertex 139.514 148.231 99.2
    endloop
  endfacet
  facet normal 0 0 1
    outer loop
      vertex 139.514 148.231 99.2
      vertex 138.242 149.594 99.2
      vertex 138.242 148.231 99.2
    endloop
  endfacet
  facet normal -0.168964 0.985622 0
    outer loop
      vertex 132.665 148.273 99.2
      vertex 132.07 148.171 100
      vertex 132.665 148.273 100
    endloop
  endfacet
  facet normal -0.168964 0.985622 0
    outer loop
      vertex 132.07 148.171 100
      vertex 132.665 148.273 99.2
      vertex 132.07 148.171 99.2
    endloop
  endfacet
  facet normal -0.285217 0.958463 0
    outer loop
      vertex 133.243 148.445 99.2
      vertex 132.665 148.273 100
      vertex 133.243 148.445 100
    endloop
  endfacet
  facet normal -0.285217 0.958463 0
    outer loop
      vertex 132.665 148.273 100
      vertex 133.243 148.445 99.2
      vertex 132.665 148.273 99.2
    endloop
  endfacet
  facet normal -0.399734 0.916631 0
    outer loop
      vertex 133.775 148.677 99.2
      vertex 133.243 148.445 100
      vertex 133.775 148.677 100
    endloop
  endfacet
  facet normal -0.399734 0.916631 0
    outer loop
      vertex 133.243 148.445 100
      vertex 133.775 148.677 99.2
      vertex 133.243 148.445 99.2
    endloop
  endfacet
  facet normal -0.525846 0.85058 0
    outer loop
      vertex 134.236 148.962 99.2
      vertex 133.775 148.677 100
      vertex 134.236 148.962 100
    endloop
  endfacet
  facet normal -0.525846 0.85058 0
    outer loop
      vertex 133.775 148.677 100
      vertex 134.236 148.962 99.2
      vertex 133.775 148.677 99.2
    endloop
  endfacet
  facet normal -0.653822 0.756648 0
    outer loop
      vertex 134.626 149.299 99.2
      vertex 134.236 148.962 100
      vertex 134.626 149.299 100
    endloop
  endfacet
  facet normal -0.653822 0.756648 0
    outer loop
      vertex 134.236 148.962 100
      vertex 134.626 149.299 99.2
      vertex 134.236 148.962 99.2
    endloop
  endfacet
  facet normal -1 0 0
    outer loop
      vertex 134.626 149.299 99.2
      vertex 134.626 151.758 100
      vertex 134.626 151.758 99.2
    endloop
  endfacet
  facet normal -1 -0 0
    outer loop
      vertex 134.626 151.758 100
      vertex 134.626 149.299 99.2
      vertex 134.626 149.299 100
    endloop
  endfacet
  facet normal 0 -1 0
    outer loop
      vertex 131.712 151.758 99.2
      vertex 134.626 151.758 100
      vertex 131.712 151.758 100
    endloop
  endfacet
  facet normal 0 -1 -0
    outer loop
      vertex 134.626 151.758 100
      vertex 131.712 151.758 99.2
      vertex 134.626 151.758 99.2
    endloop
  endfacet
  facet normal 1 -0 0
    outer loop
      vertex 131.712 150.723 100
      vertex 131.712 151.758 99.2
      vertex 131.712 151.758 100
    endloop
  endfacet
  facet normal 1 0 0
    outer loop
      vertex 131.712 151.758 99.2
      vertex 131.712 150.723 100
      vertex 131.712 150.723 99.2
    endloop
  endfacet
  facet normal 0 1 -0
    outer loop
      vertex 133.345 150.723 99.2
      vertex 131.712 150.723 100
      vertex 133.345 150.723 100
    endloop
  endfacet
  facet normal 0 1 0
    outer loop
      vertex 131.712 150.723 100
      vertex 133.345 150.723 99.2
      vertex 131.712 150.723 99.2
    endloop
  endfacet
  facet normal 1 -0 0
    outer loop
      vertex 133.345 149.798 100
      vertex 133.345 150.723 99.2
      vertex 133.345 150.723 100
    endloop
  endfacet
  facet normal 1 0 0
    outer loop
      vertex 133.345 150.723 99.2
      vertex 133.345 149.798 100
      vertex 133.345 149.798 99.2
    endloop
  endfacet
  facet normal 0.588397 -0.808572 0
    outer loop
      vertex 133.132 149.643 99.2
      vertex 133.345 149.798 100
      vertex 133.132 149.643 100
    endloop
  endfacet
  facet normal 0.588397 -0.808572 0
    outer loop
      vertex 133.345 149.798 100
      vertex 133.132 149.643 99.2
      vertex 133.345 149.798 99.2
    endloop
  endfacet
  facet normal 0.455289 -0.890344 0
    outer loop
      vertex 132.868 149.508 99.2
      vertex 133.132 149.643 100
      vertex 132.868 149.508 100
    endloop
  endfacet
  facet normal 0.455289 -0.890344 0
    outer loop
      vertex 133.132 149.643 100
      vertex 132.868 149.508 99.2
      vertex 133.132 149.643 99.2
    endloop
  endfacet
  facet normal 0.344604 -0.938748 0
    outer loop
      vertex 132.552 149.392 99.2
      vertex 132.868 149.508 100
      vertex 132.552 149.392 100
    endloop
  endfacet
  facet normal 0.344604 -0.938748 0
    outer loop
      vertex 132.868 149.508 100
      vertex 132.552 149.392 99.2
      vertex 132.868 149.508 99.2
    endloop
  endfacet
  facet normal 0.249116 -0.968474 0
    outer loop
      vertex 132.206 149.303 99.2
      vertex 132.552 149.392 100
      vertex 132.206 149.303 100
    endloop
  endfacet
  facet normal 0.249116 -0.968474 0
    outer loop
      vertex 132.552 149.392 100
      vertex 132.206 149.303 99.2
      vertex 132.552 149.392 99.2
    endloop
  endfacet
  facet normal 0.14889 -0.988854 0
    outer loop
      vertex 131.854 149.25 99.2
      vertex 132.206 149.303 100
      vertex 131.854 149.25 100
    endloop
  endfacet
  facet normal 0.14889 -0.988854 0
    outer loop
      vertex 132.206 149.303 100
      vertex 131.854 149.25 99.2
      vertex 132.206 149.303 99.2
    endloop
  endfacet
  facet normal 0.0470393 -0.998893 0
    outer loop
      vertex 131.493 149.233 99.2
      vertex 131.854 149.25 100
      vertex 131.493 149.233 100
    endloop
  endfacet
  facet normal 0.0470393 -0.998893 0
    outer loop
      vertex 131.854 149.25 100
      vertex 131.493 149.233 99.2
      vertex 131.854 149.25 99.2
    endloop
  endfacet
  facet normal -0.115964 -0.993253 0
    outer loop
      vertex 130.902 149.302 99.2
      vertex 131.493 149.233 100
      vertex 130.902 149.302 100
    endloop
  endfacet
  facet normal -0.115964 -0.993253 -0
    outer loop
      vertex 131.493 149.233 100
      vertex 130.902 149.302 99.2
      vertex 131.493 149.233 99.2
    endloop
  endfacet
  facet normal -0.383557 -0.923517 0
    outer loop
      vertex 130.406 149.508 99.2
      vertex 130.902 149.302 100
      vertex 130.406 149.508 100
    endloop
  endfacet
  facet normal -0.383557 -0.923517 -0
    outer loop
      vertex 130.902 149.302 100
      vertex 130.406 149.508 99.2
      vertex 130.902 149.302 99.2
    endloop
  endfacet
  facet normal -0.651103 -0.758989 0
    outer loop
      vertex 130.005 149.852 99.2
      vertex 130.406 149.508 100
      vertex 130.005 149.852 100
    endloop
  endfacet
  facet normal -0.651103 -0.758989 -0
    outer loop
      vertex 130.406 149.508 100
      vertex 130.005 149.852 99.2
      vertex 130.406 149.508 99.2
    endloop
  endfacet
  facet normal -0.847796 -0.530323 0
    outer loop
      vertex 130.005 149.852 99.2
      vertex 129.711 150.322 100
      vertex 129.711 150.322 99.2
    endloop
  endfacet
  facet normal -0.847796 -0.530323 0
    outer loop
      vertex 129.711 150.322 100
      vertex 130.005 149.852 99.2
      vertex 130.005 149.852 100
    endloop
  endfacet
  facet normal -0.957601 -0.288099 0
    outer loop
      vertex 129.711 150.322 99.2
      vertex 129.535 150.907 100
      vertex 129.535 150.907 99.2
    endloop
  endfacet
  facet normal -0.957601 -0.288099 0
    outer loop
      vertex 129.535 150.907 100
      vertex 129.711 150.322 99.2
      vertex 129.711 150.322 100
    endloop
  endfacet
  facet normal -0.996457 -0.0841072 0
    outer loop
      vertex 129.535 150.907 99.2
      vertex 129.476 151.606 100
      vertex 129.476 151.606 99.2
    endloop
  endfacet
  facet normal -0.996457 -0.0841072 0
    outer loop
      vertex 129.476 151.606 100
      vertex 129.535 150.907 99.2
      vertex 129.535 150.907 100
    endloop
  endfacet
  facet normal -0.996566 0.082805 0
    outer loop
      vertex 129.476 151.606 99.2
      vertex 129.533 152.292 100
      vertex 129.533 152.292 99.2
    endloop
  endfacet
  facet normal -0.996566 0.082805 0
    outer loop
      vertex 129.533 152.292 100
      vertex 129.476 151.606 99.2
      vertex 129.476 151.606 100
    endloop
  endfacet
  facet normal -0.958102 0.286426 0
    outer loop
      vertex 129.533 152.292 99.2
      vertex 129.704 152.864 100
      vertex 129.704 152.864 99.2
    endloop
  endfacet
  facet normal -0.958102 0.286426 0
    outer loop
      vertex 129.704 152.864 100
      vertex 129.533 152.292 99.2
      vertex 129.533 152.292 100
    endloop
  endfacet
  facet normal -0.847998 0.529999 0
    outer loop
      vertex 129.704 152.864 99.2
      vertex 129.989 153.32 100
      vertex 129.989 153.32 99.2
    endloop
  endfacet
  facet normal -0.847998 0.529999 0
    outer loop
      vertex 129.989 153.32 100
      vertex 129.704 152.864 99.2
      vertex 129.704 152.864 100
    endloop
  endfacet
  facet normal -0.644375 0.76471 0
    outer loop
      vertex 130.383 153.652 99.2
      vertex 129.989 153.32 100
      vertex 130.383 153.652 100
    endloop
  endfacet
  facet normal -0.644375 0.76471 0
    outer loop
      vertex 129.989 153.32 100
      vertex 130.383 153.652 99.2
      vertex 129.989 153.32 99.2
    endloop
  endfacet
  facet normal -0.369788 0.929116 0
    outer loop
      vertex 130.883 153.851 99.2
      vertex 130.383 153.652 100
      vertex 130.883 153.851 100
    endloop
  endfacet
  facet normal -0.369788 0.929116 0
    outer loop
      vertex 130.383 153.652 100
      vertex 130.883 153.851 99.2
      vertex 130.383 153.652 99.2
    endloop
  endfacet
  facet normal -0.109891 0.993944 0
    outer loop
      vertex 131.489 153.918 99.2
      vertex 130.883 153.851 100
      vertex 131.489 153.918 100
    endloop
  endfacet
  facet normal -0.109891 0.993944 0
    outer loop
      vertex 130.883 153.851 100
      vertex 131.489 153.918 99.2
      vertex 130.883 153.851 99.2
    endloop
  endfacet
  facet normal 0.0753064 0.99716 -0
    outer loop
      vertex 131.873 153.889 99.2
      vertex 131.489 153.918 100
      vertex 131.873 153.889 100
    endloop
  endfacet
  facet normal 0.0753064 0.99716 0
    outer loop
      vertex 131.489 153.918 100
      vertex 131.873 153.889 99.2
      vertex 131.489 153.918 99.2
    endloop
  endfacet
  facet normal 0.241231 0.970468 -0
    outer loop
      vertex 132.223 153.802 99.2
      vertex 131.873 153.889 100
      vertex 132.223 153.802 100
    endloop
  endfacet
  facet normal 0.241231 0.970468 0
    outer loop
      vertex 131.873 153.889 100
      vertex 132.223 153.802 99.2
      vertex 131.873 153.889 99.2
    endloop
  endfacet
  facet normal 0.418144 0.908381 -0
    outer loop
      vertex 132.538 153.657 99.2
      vertex 132.223 153.802 100
      vertex 132.538 153.657 100
    endloop
  endfacet
  facet normal 0.418144 0.908381 0
    outer loop
      vertex 132.223 153.802 100
      vertex 132.538 153.657 99.2
      vertex 132.223 153.802 99.2
    endloop
  endfacet
  facet normal 0.597631 0.801772 -0
    outer loop
      vertex 132.809 153.455 99.2
      vertex 132.538 153.657 100
      vertex 132.809 153.455 100
    endloop
  endfacet
  facet normal 0.597631 0.801772 0
    outer loop
      vertex 132.538 153.657 100
      vertex 132.809 153.455 99.2
      vertex 132.538 153.657 99.2
    endloop
  endfacet
  facet normal 0.761352 0.648339 0
    outer loop
      vertex 133.027 153.199 100
      vertex 132.809 153.455 99.2
      vertex 132.809 153.455 100
    endloop
  endfacet
  facet normal 0.761352 0.648339 0
    outer loop
      vertex 132.809 153.455 99.2
      vertex 133.027 153.199 100
      vertex 133.027 153.199 99.2
    endloop
  endfacet
  facet normal 0.882196 0.470883 0
    outer loop
      vertex 133.193 152.888 100
      vertex 133.027 153.199 99.2
      vertex 133.027 153.199 100
    endloop
  endfacet
  facet normal 0.882196 0.470883 0
    outer loop
      vertex 133.027 153.199 99.2
      vertex 133.193 152.888 100
      vertex 133.193 152.888 99.2
    endloop
  endfacet
  facet normal -0.288504 0.957479 0
    outer loop
      vertex 134.484 153.277 99.2
      vertex 133.193 152.888 100
      vertex 134.484 153.277 100
    endloop
  endfacet
  facet normal -0.288504 0.957479 0
    outer loop
      vertex 133.193 152.888 100
      vertex 134.484 153.277 99.2
      vertex 133.193 152.888 99.2
    endloop
  endfacet
  facet normal -0.842872 -0.538114 0
    outer loop
      vertex 134.484 153.277 99.2
      vertex 133.866 154.245 100
      vertex 133.866 154.245 99.2
    endloop
  endfacet
  facet normal -0.842872 -0.538114 0
    outer loop
      vertex 133.866 154.245 100
      vertex 134.484 153.277 99.2
      vertex 134.484 153.277 100
    endloop
  endfacet
  facet normal -0.503117 -0.864218 0
    outer loop
      vertex 132.868 154.826 99.2
      vertex 133.866 154.245 100
      vertex 132.868 154.826 100
    endloop
  endfacet
  facet normal -0.503117 -0.864218 -0
    outer loop
      vertex 133.866 154.245 100
      vertex 132.868 154.826 99.2
      vertex 133.866 154.245 99.2
    endloop
  endfacet
  facet normal -0.138606 -0.990348 0
    outer loop
      vertex 131.489 155.019 99.2
      vertex 132.868 154.826 100
      vertex 131.489 155.019 100
    endloop
  endfacet
  facet normal -0.138606 -0.990348 -0
    outer loop
      vertex 132.868 154.826 100
      vertex 131.489 155.019 99.2
      vertex 132.868 154.826 99.2
    endloop
  endfacet
  facet normal 0.095731 -0.995407 0
    outer loop
      vertex 130.47 154.921 99.2
      vertex 131.489 155.019 100
      vertex 130.47 154.921 100
    endloop
  endfacet
  facet normal 0.095731 -0.995407 0
    outer loop
      vertex 131.489 155.019 100
      vertex 130.47 154.921 99.2
      vertex 131.489 155.019 99.2
    endloop
  endfacet
  facet normal 0.327264 -0.944933 0
    outer loop
      vertex 129.624 154.628 99.2
      vertex 130.47 154.921 100
      vertex 129.624 154.628 100
    endloop
  endfacet
  facet normal 0.327264 -0.944933 0
    outer loop
      vertex 130.47 154.921 100
      vertex 129.624 154.628 99.2
      vertex 130.47 154.921 99.2
    endloop
  endfacet
  facet normal 0.586673 -0.809824 0
    outer loop
      vertex 128.949 154.139 99.2
      vertex 129.624 154.628 100
      vertex 128.949 154.139 100
    endloop
  endfacet
  facet normal 0.586673 -0.809824 0
    outer loop
      vertex 129.624 154.628 100
      vertex 128.949 154.139 99.2
      vertex 129.624 154.628 99.2
    endloop
  endfacet
  facet normal 0.807853 -0.589384 0
    outer loop
      vertex 128.458 153.466 100
      vertex 128.949 154.139 99.2
      vertex 128.949 154.139 100
    endloop
  endfacet
  facet normal 0.807853 -0.589384 0
    outer loop
      vertex 128.949 154.139 99.2
      vertex 128.458 153.466 100
      vertex 128.458 153.466 99.2
    endloop
  endfacet
  facet normal 0.944346 -0.328955 0
    outer loop
      vertex 128.164 152.622 100
      vertex 128.458 153.466 99.2
      vertex 128.458 153.466 100
    endloop
  endfacet
  facet normal 0.944346 -0.328955 0
    outer loop
      vertex 128.458 153.466 99.2
      vertex 128.164 152.622 100
      vertex 128.164 152.622 99.2
    endloop
  endfacet
  facet normal 0.99538 -0.0960111 0
    outer loop
      vertex 128.066 151.606 100
      vertex 128.164 152.622 99.2
      vertex 128.164 152.622 100
    endloop
  endfacet
  facet normal 0.99538 -0.0960111 0
    outer loop
      vertex 128.164 152.622 99.2
      vertex 128.066 151.606 100
      vertex 128.066 151.606 99.2
    endloop
  endfacet
  facet normal 0.995443 0.0953601 0
    outer loop
      vertex 128.164 150.583 100
      vertex 128.066 151.606 99.2
      vertex 128.066 151.606 100
    endloop
  endfacet
  facet normal 0.995443 0.0953601 0
    outer loop
      vertex 128.066 151.606 99.2
      vertex 128.164 150.583 100
      vertex 128.164 150.583 99.2
    endloop
  endfacet
  facet normal 0.946449 0.322854 0
    outer loop
      vertex 128.456 149.727 100
      vertex 128.164 150.583 99.2
      vertex 128.164 150.583 100
    endloop
  endfacet
  facet normal 0.946449 0.322854 0
    outer loop
      vertex 128.164 150.583 99.2
      vertex 128.456 149.727 100
      vertex 128.456 149.727 99.2
    endloop
  endfacet
  facet normal 0.814856 0.579664 0
    outer loop
      vertex 128.944 149.041 100
      vertex 128.456 149.727 99.2
      vertex 128.456 149.727 100
    endloop
  endfacet
  facet normal 0.814856 0.579664 0
    outer loop
      vertex 128.456 149.727 99.2
      vertex 128.944 149.041 100
      vertex 128.944 149.041 99.2
    endloop
  endfacet
  facet normal 0.600382 0.799713 -0
    outer loop
      vertex 129.614 148.538 99.2
      vertex 128.944 149.041 100
      vertex 129.614 148.538 100
    endloop
  endfacet
  facet normal 0.600382 0.799713 0
    outer loop
      vertex 128.944 149.041 100
      vertex 129.614 148.538 99.2
      vertex 128.944 149.041 99.2
    endloop
  endfacet
  facet normal 0.338401 0.941002 -0
    outer loop
      vertex 130.451 148.237 99.2
      vertex 129.614 148.538 100
      vertex 130.451 148.237 100
    endloop
  endfacet
  facet normal 0.338401 0.941002 0
    outer loop
      vertex 129.614 148.538 100
      vertex 130.451 148.237 99.2
      vertex 129.614 148.538 99.2
    endloop
  endfacet
  facet normal 0.100092 0.994978 -0
    outer loop
      vertex 131.455 148.136 99.2
      vertex 130.451 148.237 100
      vertex 131.455 148.136 100
    endloop
  endfacet
  facet normal 0.100092 0.994978 0
    outer loop
      vertex 130.451 148.237 100
      vertex 131.455 148.136 99.2
      vertex 130.451 148.237 99.2
    endloop
  endfacet
  facet normal -0.0568186 0.998385 0
    outer loop
      vertex 132.07 148.171 99.2
      vertex 131.455 148.136 100
      vertex 132.07 148.171 100
    endloop
  endfacet
  facet normal -0.0568186 0.998385 0
    outer loop
      vertex 131.455 148.136 100
      vertex 132.07 148.171 99.2
      vertex 131.455 148.136 99.2
    endloop
  endfacet
  facet normal 0 1 -0
    outer loop
      vertex 140.407 149.594 99.2
      vertex 139.514 149.594 100
      vertex 140.407 149.594 100
    endloop
  endfacet
  facet normal 0 1 0
    outer loop
      vertex 139.514 149.594 100
      vertex 140.407 149.594 99.2
      vertex 139.514 149.594 99.2
    endloop
  endfacet
  facet normal -1 0 0
    outer loop
      vertex 140.407 149.594 99.2
      vertex 140.407 150.586 100
      vertex 140.407 150.586 99.2
    endloop
  endfacet
  facet normal -1 -0 0
    outer loop
      vertex 140.407 150.586 100
      vertex 140.407 149.594 99.2
      vertex 140.407 149.594 100
    endloop
  endfacet
  facet normal 0 -1 0
    outer loop
      vertex 139.514 150.586 99.2
      vertex 140.407 150.586 100
      vertex 139.514 150.586 100
    endloop
  endfacet
  facet normal 0 -1 -0
    outer loop
      vertex 140.407 150.586 100
      vertex 139.514 150.586 99.2
      vertex 140.407 150.586 99.2
    endloop
  endfacet
  facet normal -1 0 0
    outer loop
      vertex 139.514 150.586 99.2
      vertex 139.514 154.92 100
      vertex 139.514 154.92 99.2
    endloop
  endfacet
  facet normal -1 -0 0
    outer loop
      vertex 139.514 154.92 100
      vertex 139.514 150.586 99.2
      vertex 139.514 150.586 100
    endloop
  endfacet
  facet normal 0 -1 0
    outer loop
      vertex 138.024 154.92 99.2
      vertex 139.514 154.92 100
      vertex 138.024 154.92 100
    endloop
  endfacet
  facet normal 0 -1 -0
    outer loop
      vertex 139.514 154.92 100
      vertex 138.024 154.92 99.2
      vertex 139.514 154.92 99.2
    endloop
  endfacet
  facet normal 0.837225 -0.546858 0
    outer loop
      vertex 135.199 150.595 100
      vertex 138.024 154.92 99.2
      vertex 138.024 154.92 100
    endloop
  endfacet
  facet normal 0.837225 -0.546858 0
    outer loop
      vertex 138.024 154.92 99.2
      vertex 135.199 150.595 100
      vertex 135.199 150.595 99.2
    endloop
  endfacet
  facet normal 1 -0 0
    outer loop
      vertex 135.199 149.594 100
      vertex 135.199 150.595 99.2
      vertex 135.199 150.595 100
    endloop
  endfacet
  facet normal 1 0 0
    outer loop
      vertex 135.199 150.595 99.2
      vertex 135.199 149.594 100
      vertex 135.199 149.594 99.2
    endloop
  endfacet
  facet normal 0 1 -0
    outer loop
      vertex 138.242 149.594 99.2
      vertex 135.199 149.594 100
      vertex 138.242 149.594 100
    endloop
  endfacet
  facet normal 0 1 0
    outer loop
      vertex 135.199 149.594 100
      vertex 138.242 149.594 99.2
      vertex 135.199 149.594 99.2
    endloop
  endfacet
  facet normal 1 -0 0
    outer loop
      vertex 138.242 148.231 100
      vertex 138.242 149.594 99.2
      vertex 138.242 149.594 100
    endloop
  endfacet
  facet normal 1 0 0
    outer loop
      vertex 138.242 149.594 99.2
      vertex 138.242 148.231 100
      vertex 138.242 148.231 99.2
    endloop
  endfacet
  facet normal 0 1 -0
    outer loop
      vertex 139.514 148.231 99.2
      vertex 138.242 148.231 100
      vertex 139.514 148.231 100
    endloop
  endfacet
  facet normal 0 1 0
    outer loop
      vertex 138.242 148.231 100
      vertex 139.514 148.231 99.2
      vertex 138.242 148.231 99.2
    endloop
  endfacet
  facet normal -1 0 0
    outer loop
      vertex 139.514 148.231 99.2
      vertex 139.514 149.594 100
      vertex 139.514 149.594 99.2
    endloop
  endfacet
  facet normal -1 -0 0
    outer loop
      vertex 139.514 149.594 100
      vertex 139.514 148.231 99.2
      vertex 139.514 148.231 100
    endloop
  endfacet
  facet normal -0.835413 0.549623 0
    outer loop
      vertex 136.287 150.586 99.2
      vertex 137.839 152.945 100
      vertex 137.839 152.945 99.2
    endloop
  endfacet
  facet normal -0.835413 0.549623 0
    outer loop
      vertex 137.839 152.945 100
      vertex 136.287 150.586 99.2
      vertex 136.287 150.586 100
    endloop
  endfacet
  facet normal -0.848152 0.529752 0
    outer loop
      vertex 137.839 152.945 99.2
      vertex 138.032 153.254 100
      vertex 138.032 153.254 99.2
    endloop
  endfacet
  facet normal -0.848152 0.529752 0
    outer loop
      vertex 138.032 153.254 100
      vertex 137.839 152.945 99.2
      vertex 137.839 152.945 100
    endloop
  endfacet
  facet normal -0.864268 0.503031 0
    outer loop
      vertex 138.032 153.254 99.2
      vertex 138.181 153.51 100
      vertex 138.181 153.51 99.2
    endloop
  endfacet
  facet normal -0.864268 0.503031 0
    outer loop
      vertex 138.181 153.51 100
      vertex 138.032 153.254 99.2
      vertex 138.032 153.254 100
    endloop
  endfacet
  facet normal -0.890906 0.454187 0
    outer loop
      vertex 138.181 153.51 99.2
      vertex 138.285 153.714 100
      vertex 138.285 153.714 99.2
    endloop
  endfacet
  facet normal -0.890906 0.454187 0
    outer loop
      vertex 138.285 153.714 100
      vertex 138.181 153.51 99.2
      vertex 138.181 153.51 100
    endloop
  endfacet
  facet normal 0.996287 -0.0860988 0
    outer loop
      vertex 138.278 153.633 100
      vertex 138.285 153.714 99.2
      vertex 138.285 153.714 100
    endloop
  endfacet
  facet normal 0.996287 -0.0860988 0
    outer loop
      vertex 138.285 153.714 99.2
      vertex 138.278 153.633 100
      vertex 138.278 153.633 99.2
    endloop
  endfacet
  facet normal 0.997537 -0.0701393 0
    outer loop
      vertex 138.269 153.505 100
      vertex 138.278 153.633 99.2
      vertex 138.278 153.633 100
    endloop
  endfacet
  facet normal 0.997537 -0.0701393 0
    outer loop
      vertex 138.278 153.633 99.2
      vertex 138.269 153.505 100
      vertex 138.269 153.505 99.2
    endloop
  endfacet
  facet normal 0.99839 -0.0567267 0
    outer loop
      vertex 138.259 153.329 100
      vertex 138.269 153.505 99.2
      vertex 138.269 153.505 100
    endloop
  endfacet
  facet normal 0.99839 -0.0567267 0
    outer loop
      vertex 138.269 153.505 99.2
      vertex 138.259 153.329 100
      vertex 138.259 153.329 99.2
    endloop
  endfacet
  facet normal 0.998926 -0.0463419 0
    outer loop
      vertex 138.25 153.135 100
      vertex 138.259 153.329 99.2
      vertex 138.259 153.329 100
    endloop
  endfacet
  facet normal 0.998926 -0.0463419 0
    outer loop
      vertex 138.259 153.329 99.2
      vertex 138.25 153.135 100
      vertex 138.25 153.135 99.2
    endloop
  endfacet
  facet normal 0.999474 -0.0324154 0
    outer loop
      vertex 138.244 152.95 100
      vertex 138.25 153.135 99.2
      vertex 138.25 153.135 100
    endloop
  endfacet
  facet normal 0.999474 -0.0324154 0
    outer loop
      vertex 138.25 153.135 99.2
      vertex 138.244 152.95 100
      vertex 138.244 152.95 99.2
    endloop
  endfacet
  facet normal 0.999935 -0.0113629 0
    outer loop
      vertex 138.242 152.774 100
      vertex 138.244 152.95 99.2
      vertex 138.244 152.95 100
    endloop
  endfacet
  facet normal 0.999935 -0.0113629 0
    outer loop
      vertex 138.244 152.95 99.2
      vertex 138.242 152.774 100
      vertex 138.242 152.774 99.2
    endloop
  endfacet
  facet normal 1 -0 0
    outer loop
      vertex 138.242 150.586 100
      vertex 138.242 152.774 99.2
      vertex 138.242 152.774 100
    endloop
  endfacet
  facet normal 1 0 0
    outer loop
      vertex 138.242 152.774 99.2
      vertex 138.242 150.586 100
      vertex 138.242 150.586 99.2
    endloop
  endfacet
  facet normal 0 -1 0
    outer loop
      vertex 136.287 150.586 99.2
      vertex 138.242 150.586 100
      vertex 136.287 150.586 100
    endloop
  endfacet
  facet normal 0 -1 -0
    outer loop
      vertex 138.242 150.586 100
      vertex 136.287 150.586 99.2
      vertex 138.242 150.586 99.2
    endloop
  endfacet
  facet normal 0 0 1
    outer loop
      vertex 166.696 43.9159 99.2
      vertex 164.716 45.6248 99.2
      vertex 165.31 43.9159 99.2
    endloop
  endfacet
  facet normal 0 0 1
    outer loop
      vertex 166.696 43.9159 99.2
      vertex 164.403 46.6786 99.2
      vertex 164.716 45.6248 99.2
    endloop
  endfacet
  facet normal 0 0 1
    outer loop
      vertex 164.266 50.6043 99.2
      vertex 164.403 46.6786 99.2
      vertex 166.696 43.9159 99.2
    endloop
  endfacet
  facet normal 0 0 1
    outer loop
      vertex 164.266 50.6043 99.2
      vertex 163.743 48.6011 99.2
      vertex 164.403 46.6786 99.2
    endloop
  endfacet
  facet normal 0 0 1
    outer loop
      vertex 164.266 50.6043 99.2
      vertex 163.539 49.2466 99.2
      vertex 163.743 48.6011 99.2
    endloop
  endfacet
  facet normal 0 0 1
    outer loop
      vertex 164.266 50.6043 99.2
      vertex 163.44 49.5742 99.2
      vertex 163.539 49.2466 99.2
    endloop
  endfacet
  facet normal 0 0 1
    outer loop
      vertex 162.614 50.6043 99.2
      vertex 163.411 49.4698 99.2
      vertex 163.44 49.5742 99.2
    endloop
  endfacet
  facet normal 0 0 1
    outer loop
      vertex 163.411 49.4698 99.2
      vertex 162.614 50.6043 99.2
      vertex 163.377 49.3506 99.2
    endloop
  endfacet
  facet normal 0 0 1
    outer loop
      vertex 163.377 49.3506 99.2
      vertex 162.614 50.6043 99.2
      vertex 163.339 49.2208 99.2
    endloop
  endfacet
  facet normal 0 0 1
    outer loop
      vertex 163.339 49.2208 99.2
      vertex 162.614 50.6043 99.2
      vertex 163.297 49.0805 99.2
    endloop
  endfacet
  facet normal 0 0 1
    outer loop
      vertex 163.297 49.0805 99.2
      vertex 162.614 50.6043 99.2
      vertex 163.177 48.7166 99.2
    endloop
  endfacet
  facet normal -0 0 1
    outer loop
      vertex 162.614 50.6043 99.2
      vertex 163.44 49.5742 99.2
      vertex 164.266 50.6043 99.2
    endloop
  endfacet
  facet normal 0 0 1
    outer loop
      vertex 163.177 48.7166 99.2
      vertex 162.614 50.6043 99.2
      vertex 162.905 47.916 99.2
    endloop
  endfacet
  facet normal 0 0 1
    outer loop
      vertex 162.614 50.6043 99.2
      vertex 162.481 46.6786 99.2
      vertex 162.905 47.916 99.2
    endloop
  endfacet
  facet normal 0 0 1
    outer loop
      vertex 160.174 43.9159 99.2
      vertex 162.481 46.6786 99.2
      vertex 162.614 50.6043 99.2
    endloop
  endfacet
  facet normal 0 0 1
    outer loop
      vertex 162.481 46.6786 99.2
      vertex 160.174 43.9159 99.2
      vertex 162.167 45.6248 99.2
    endloop
  endfacet
  facet normal 0 0 1
    outer loop
      vertex 162.167 45.6248 99.2
      vertex 160.174 43.9159 99.2
      vertex 161.574 43.9159 99.2
    endloop
  endfacet
  facet normal -0 0 1
    outer loop
      vertex 162.481 46.6786 99.2
      vertex 164.716 45.6248 99.2
      vertex 164.403 46.6786 99.2
    endloop
  endfacet
  facet normal 0 0 1
    outer loop
      vertex 164.716 45.6248 99.2
      vertex 162.481 46.6786 99.2
      vertex 162.167 45.6248 99.2
    endloop
  endfacet
  facet normal -0 0 1
    outer loop
      vertex 168.022 46.2704 99.2
      vertex 169.978 45.2783 99.2
      vertex 169.978 46.2704 99.2
    endloop
  endfacet
  facet normal 0 0 1
    outer loop
      vertex 166.935 45.2783 99.2
      vertex 168.022 46.2704 99.2
      vertex 166.935 46.2799 99.2
    endloop
  endfacet
  facet normal 0 0 1
    outer loop
      vertex 168.022 46.2704 99.2
      vertex 166.935 45.2783 99.2
      vertex 169.978 45.2783 99.2
    endloop
  endfacet
  facet normal -0 0 1
    outer loop
      vertex 169.978 48.4587 99.2
      vertex 171.25 46.2704 99.2
      vertex 171.25 50.6043 99.2
    endloop
  endfacet
  facet normal 0 0 1
    outer loop
      vertex 169.978 46.2704 99.2
      vertex 171.25 46.2704 99.2
      vertex 169.978 48.4587 99.2
    endloop
  endfacet
  facet normal 0 0 1
    outer loop
      vertex 170.014 49.3178 99.2
      vertex 171.25 50.6043 99.2
      vertex 170.021 49.3985 99.2
    endloop
  endfacet
  facet normal 0 0 1
    outer loop
      vertex 169.76 50.6043 99.2
      vertex 169.916 49.195 99.2
      vertex 170.021 49.3985 99.2
    endloop
  endfacet
  facet normal -0 0 1
    outer loop
      vertex 169.76 50.6043 99.2
      vertex 170.021 49.3985 99.2
      vertex 171.25 50.6043 99.2
    endloop
  endfacet
  facet normal 0 0 1
    outer loop
      vertex 169.916 49.195 99.2
      vertex 169.76 50.6043 99.2
      vertex 169.768 48.9386 99.2
    endloop
  endfacet
  facet normal 0 0 1
    outer loop
      vertex 169.76 50.6043 99.2
      vertex 169.575 48.6296 99.2
      vertex 169.768 48.9386 99.2
    endloop
  endfacet
  facet normal 0 0 1
    outer loop
      vertex 166.935 46.2799 99.2
      vertex 169.575 48.6296 99.2
      vertex 169.76 50.6043 99.2
    endloop
  endfacet
  facet normal 0 0 1
    outer loop
      vertex 169.575 48.6296 99.2
      vertex 166.935 46.2799 99.2
      vertex 168.022 46.2704 99.2
    endloop
  endfacet
  facet normal -0 0 1
    outer loop
      vertex 171.25 46.2704 99.2
      vertex 172.143 45.2783 99.2
      vertex 172.143 46.2704 99.2
    endloop
  endfacet
  facet normal 0 0 1
    outer loop
      vertex 172.143 45.2783 99.2
      vertex 171.25 46.2704 99.2
      vertex 171.25 45.2783 99.2
    endloop
  endfacet
  facet normal 0 0 1
    outer loop
      vertex 170.005 49.1897 99.2
      vertex 171.25 50.6043 99.2
      vertex 170.014 49.3178 99.2
    endloop
  endfacet
  facet normal 0 0 1
    outer loop
      vertex 169.995 49.014 99.2
      vertex 171.25 50.6043 99.2
      vertex 170.005 49.1897 99.2
    endloop
  endfacet
  facet normal 0 0 1
    outer loop
      vertex 169.985 48.8194 99.2
      vertex 171.25 50.6043 99.2
      vertex 169.995 49.014 99.2
    endloop
  endfacet
  facet normal 0 0 1
    outer loop
      vertex 169.98 48.6343 99.2
      vertex 171.25 50.6043 99.2
      vertex 169.985 48.8194 99.2
    endloop
  endfacet
  facet normal 0 0 1
    outer loop
      vertex 169.978 48.4587 99.2
      vertex 171.25 50.6043 99.2
      vertex 169.98 48.6343 99.2
    endloop
  endfacet
  facet normal 0 0 1
    outer loop
      vertex 171.25 46.2704 99.2
      vertex 169.978 46.2704 99.2
      vertex 171.25 45.2783 99.2
    endloop
  endfacet
  facet normal 0 0 1
    outer loop
      vertex 169.978 45.2783 99.2
      vertex 171.25 45.2783 99.2
      vertex 169.978 46.2704 99.2
    endloop
  endfacet
  facet normal 0 0 1
    outer loop
      vertex 171.25 45.2783 99.2
      vertex 169.978 45.2783 99.2
      vertex 171.25 43.9159 99.2
    endloop
  endfacet
  facet normal 0 0 1
    outer loop
      vertex 171.25 43.9159 99.2
      vertex 169.978 45.2783 99.2
      vertex 169.978 43.9159 99.2
    endloop
  endfacet
  facet normal 0 1 -0
    outer loop
      vertex 164.716 45.6248 99.2
      vertex 162.167 45.6248 100
      vertex 164.716 45.6248 100
    endloop
  endfacet
  facet normal 0 1 0
    outer loop
      vertex 162.167 45.6248 100
      vertex 164.716 45.6248 99.2
      vertex 162.167 45.6248 99.2
    endloop
  endfacet
  facet normal 0.944565 0.328323 0
    outer loop
      vertex 165.31 43.9159 100
      vertex 164.716 45.6248 99.2
      vertex 164.716 45.6248 100
    endloop
  endfacet
  facet normal 0.944565 0.328323 0
    outer loop
      vertex 164.716 45.6248 99.2
      vertex 165.31 43.9159 100
      vertex 165.31 43.9159 99.2
    endloop
  endfacet
  facet normal 0 1 -0
    outer loop
      vertex 166.696 43.9159 99.2
      vertex 165.31 43.9159 100
      vertex 166.696 43.9159 100
    endloop
  endfacet
  facet normal 0 1 0
    outer loop
      vertex 165.31 43.9159 100
      vertex 166.696 43.9159 99.2
      vertex 165.31 43.9159 99.2
    endloop
  endfacet
  facet normal -0.93989 -0.341477 0
    outer loop
      vertex 166.696 43.9159 99.2
      vertex 164.266 50.6043 100
      vertex 164.266 50.6043 99.2
    endloop
  endfacet
  facet normal -0.93989 -0.341477 0
    outer loop
      vertex 164.266 50.6043 100
      vertex 166.696 43.9159 99.2
      vertex 166.696 43.9159 100
    endloop
  endfacet
  facet normal 0 -1 0
    outer loop
      vertex 162.614 50.6043 99.2
      vertex 164.266 50.6043 100
      vertex 162.614 50.6043 100
    endloop
  endfacet
  facet normal 0 -1 -0
    outer loop
      vertex 164.266 50.6043 100
      vertex 162.614 50.6043 99.2
      vertex 164.266 50.6043 99.2
    endloop
  endfacet
  facet normal 0.939439 -0.342717 0
    outer loop
      vertex 160.174 43.9159 100
      vertex 162.614 50.6043 99.2
      vertex 162.614 50.6043 100
    endloop
  endfacet
  facet normal 0.939439 -0.342717 0
    outer loop
      vertex 162.614 50.6043 99.2
      vertex 160.174 43.9159 100
      vertex 160.174 43.9159 99.2
    endloop
  endfacet
  facet normal 0 1 -0
    outer loop
      vertex 161.574 43.9159 99.2
      vertex 160.174 43.9159 100
      vertex 161.574 43.9159 100
    endloop
  endfacet
  facet normal 0 1 0
    outer loop
      vertex 160.174 43.9159 100
      vertex 161.574 43.9159 99.2
      vertex 160.174 43.9159 99.2
    endloop
  endfacet
  facet normal -0.944737 0.32783 0
    outer loop
      vertex 161.574 43.9159 99.2
      vertex 162.167 45.6248 100
      vertex 162.167 45.6248 99.2
    endloop
  endfacet
  facet normal -0.944737 0.32783 0
    outer loop
      vertex 162.167 45.6248 100
      vertex 161.574 43.9159 99.2
      vertex 161.574 43.9159 100
    endloop
  endfacet
  facet normal -0.946005 0.324152 0
    outer loop
      vertex 162.481 46.6786 99.2
      vertex 162.905 47.916 100
      vertex 162.905 47.916 99.2
    endloop
  endfacet
  facet normal -0.946005 0.324152 0
    outer loop
      vertex 162.905 47.916 100
      vertex 162.481 46.6786 99.2
      vertex 162.481 46.6786 100
    endloop
  endfacet
  facet normal -0.946846 0.321686 0
    outer loop
      vertex 162.905 47.916 99.2
      vertex 163.177 48.7166 100
      vertex 163.177 48.7166 99.2
    endloop
  endfacet
  facet normal -0.946846 0.321686 0
    outer loop
      vertex 163.177 48.7166 100
      vertex 162.905 47.916 99.2
      vertex 162.905 47.916 100
    endloop
  endfacet
  facet normal -0.949696 0.313173 0
    outer loop
      vertex 163.177 48.7166 99.2
      vertex 163.297 49.0805 100
      vertex 163.297 49.0805 99.2
    endloop
  endfacet
  facet normal -0.949696 0.313173 0
    outer loop
      vertex 163.297 49.0805 100
      vertex 163.177 48.7166 99.2
      vertex 163.177 48.7166 100
    endloop
  endfacet
  facet normal -0.957995 0.286784 0
    outer loop
      vertex 163.297 49.0805 99.2
      vertex 163.339 49.2208 100
      vertex 163.339 49.2208 99.2
    endloop
  endfacet
  facet normal -0.957995 0.286784 0
    outer loop
      vertex 163.339 49.2208 100
      vertex 163.297 49.0805 99.2
      vertex 163.297 49.0805 100
    endloop
  endfacet
  facet normal -0.959718 0.280965 0
    outer loop
      vertex 163.339 49.2208 99.2
      vertex 163.377 49.3506 100
      vertex 163.377 49.3506 99.2
    endloop
  endfacet
  facet normal -0.959718 0.280965 0
    outer loop
      vertex 163.377 49.3506 100
      vertex 163.339 49.2208 99.2
      vertex 163.339 49.2208 100
    endloop
  endfacet
  facet normal -0.961646 0.274295 0
    outer loop
      vertex 163.377 49.3506 99.2
      vertex 163.411 49.4698 100
      vertex 163.411 49.4698 99.2
    endloop
  endfacet
  facet normal -0.961646 0.274295 0
    outer loop
      vertex 163.411 49.4698 100
      vertex 163.377 49.3506 99.2
      vertex 163.377 49.3506 100
    endloop
  endfacet
  facet normal -0.963518 0.267644 0
    outer loop
      vertex 163.411 49.4698 99.2
      vertex 163.44 49.5742 100
      vertex 163.44 49.5742 99.2
    endloop
  endfacet
  facet normal -0.963518 0.267644 0
    outer loop
      vertex 163.44 49.5742 100
      vertex 163.411 49.4698 99.2
      vertex 163.411 49.4698 100
    endloop
  endfacet
  facet normal 0.957245 0.289277 0
    outer loop
      vertex 163.539 49.2466 100
      vertex 163.44 49.5742 99.2
      vertex 163.44 49.5742 100
    endloop
  endfacet
  facet normal 0.957245 0.289277 0
    outer loop
      vertex 163.44 49.5742 99.2
      vertex 163.539 49.2466 100
      vertex 163.539 49.2466 99.2
    endloop
  endfacet
  facet normal 0.953516 0.301343 0
    outer loop
      vertex 163.743 48.6011 100
      vertex 163.539 49.2466 99.2
      vertex 163.539 49.2466 100
    endloop
  endfacet
  facet normal 0.953516 0.301343 0
    outer loop
      vertex 163.539 49.2466 99.2
      vertex 163.743 48.6011 100
      vertex 163.743 48.6011 99.2
    endloop
  endfacet
  facet normal 0.945816 0.324702 0
    outer loop
      vertex 164.403 46.6786 100
      vertex 163.743 48.6011 99.2
      vertex 163.743 48.6011 100
    endloop
  endfacet
  facet normal 0.945816 0.324702 0
    outer loop
      vertex 163.743 48.6011 99.2
      vertex 164.403 46.6786 100
      vertex 164.403 46.6786 99.2
    endloop
  endfacet
  facet normal 0 -1 0
    outer loop
      vertex 162.481 46.6786 99.2
      vertex 164.403 46.6786 100
      vertex 162.481 46.6786 100
    endloop
  endfacet
  facet normal 0 -1 -0
    outer loop
      vertex 164.403 46.6786 100
      vertex 162.481 46.6786 99.2
      vertex 164.403 46.6786 99.2
    endloop
  endfacet
  facet normal 0 1 -0
    outer loop
      vertex 172.143 45.2783 99.2
      vertex 171.25 45.2783 100
      vertex 172.143 45.2783 100
    endloop
  endfacet
  facet normal 0 1 0
    outer loop
      vertex 171.25 45.2783 100
      vertex 172.143 45.2783 99.2
      vertex 171.25 45.2783 99.2
    endloop
  endfacet
  facet normal -1 0 0
    outer loop
      vertex 172.143 45.2783 99.2
      vertex 172.143 46.2704 100
      vertex 172.143 46.2704 99.2
    endloop
  endfacet
  facet normal -1 -0 0
    outer loop
      vertex 172.143 46.2704 100
      vertex 172.143 45.2783 99.2
      vertex 172.143 45.2783 100
    endloop
  endfacet
  facet normal 0 -1 0
    outer loop
      vertex 171.25 46.2704 99.2
      vertex 172.143 46.2704 100
      vertex 171.25 46.2704 100
    endloop
  endfacet
  facet normal 0 -1 -0
    outer loop
      vertex 172.143 46.2704 100
      vertex 171.25 46.2704 99.2
      vertex 172.143 46.2704 99.2
    endloop
  endfacet
  facet normal -1 0 0
    outer loop
      vertex 171.25 46.2704 99.2
      vertex 171.25 50.6043 100
      vertex 171.25 50.6043 99.2
    endloop
  endfacet
  facet normal -1 -0 0
    outer loop
      vertex 171.25 50.6043 100
      vertex 171.25 46.2704 99.2
      vertex 171.25 46.2704 100
    endloop
  endfacet
  facet normal 0 -1 0
    outer loop
      vertex 169.76 50.6043 99.2
      vertex 171.25 50.6043 100
      vertex 169.76 50.6043 100
    endloop
  endfacet
  facet normal 0 -1 -0
    outer loop
      vertex 171.25 50.6043 100
      vertex 169.76 50.6043 99.2
      vertex 171.25 50.6043 99.2
    endloop
  endfacet
  facet normal 0.837191 -0.546911 0
    outer loop
      vertex 166.935 46.2799 100
      vertex 169.76 50.6043 99.2
      vertex 169.76 50.6043 100
    endloop
  endfacet
  facet normal 0.837191 -0.546911 0
    outer loop
      vertex 169.76 50.6043 99.2
      vertex 166.935 46.2799 100
      vertex 166.935 46.2799 99.2
    endloop
  endfacet
  facet normal 1 -0 0
    outer loop
      vertex 166.935 45.2783 100
      vertex 166.935 46.2799 99.2
      vertex 166.935 46.2799 100
    endloop
  endfacet
  facet normal 1 0 0
    outer loop
      vertex 166.935 46.2799 99.2
      vertex 166.935 45.2783 100
      vertex 166.935 45.2783 99.2
    endloop
  endfacet
  facet normal 0 1 -0
    outer loop
      vertex 169.978 45.2783 99.2
      vertex 166.935 45.2783 100
      vertex 169.978 45.2783 100
    endloop
  endfacet
  facet normal 0 1 0
    outer loop
      vertex 166.935 45.2783 100
      vertex 169.978 45.2783 99.2
      vertex 166.935 45.2783 99.2
    endloop
  endfacet
  facet normal 1 -0 0
    outer loop
      vertex 169.978 43.9159 100
      vertex 169.978 45.2783 99.2
      vertex 169.978 45.2783 100
    endloop
  endfacet
  facet normal 1 0 0
    outer loop
      vertex 169.978 45.2783 99.2
      vertex 169.978 43.9159 100
      vertex 169.978 43.9159 99.2
    endloop
  endfacet
  facet normal 0 1 -0
    outer loop
      vertex 171.25 43.9159 99.2
      vertex 169.978 43.9159 100
      vertex 171.25 43.9159 100
    endloop
  endfacet
  facet normal 0 1 0
    outer loop
      vertex 169.978 43.9159 100
      vertex 171.25 43.9159 99.2
      vertex 169.978 43.9159 99.2
    endloop
  endfacet
  facet normal -1 0 0
    outer loop
      vertex 171.25 43.9159 99.2
      vertex 171.25 45.2783 100
      vertex 171.25 45.2783 99.2
    endloop
  endfacet
  facet normal -1 -0 0
    outer loop
      vertex 171.25 45.2783 100
      vertex 171.25 43.9159 99.2
      vertex 171.25 43.9159 100
    endloop
  endfacet
  facet normal -0.835272 0.549838 0
    outer loop
      vertex 168.022 46.2704 99.2
      vertex 169.575 48.6296 100
      vertex 169.575 48.6296 99.2
    endloop
  endfacet
  facet normal -0.835272 0.549838 0
    outer loop
      vertex 169.575 48.6296 100
      vertex 168.022 46.2704 99.2
      vertex 168.022 46.2704 100
    endloop
  endfacet
  facet normal -0.848152 0.529752 0
    outer loop
      vertex 169.575 48.6296 99.2
      vertex 169.768 48.9386 100
      vertex 169.768 48.9386 99.2
    endloop
  endfacet
  facet normal -0.848152 0.529752 0
    outer loop
      vertex 169.768 48.9386 100
      vertex 169.575 48.6296 99.2
      vertex 169.575 48.6296 100
    endloop
  endfacet
  facet normal -0.866073 0.499917 0
    outer loop
      vertex 169.768 48.9386 99.2
      vertex 169.916 49.195 100
      vertex 169.916 49.195 99.2
    endloop
  endfacet
  facet normal -0.866073 0.499917 0
    outer loop
      vertex 169.916 49.195 100
      vertex 169.768 48.9386 99.2
      vertex 169.768 48.9386 100
    endloop
  endfacet
  facet normal -0.888678 0.458532 0
    outer loop
      vertex 169.916 49.195 99.2
      vertex 170.021 49.3985 100
      vertex 170.021 49.3985 99.2
    endloop
  endfacet
  facet normal -0.888678 0.458532 0
    outer loop
      vertex 170.021 49.3985 100
      vertex 169.916 49.195 99.2
      vertex 169.916 49.195 100
    endloop
  endfacet
  facet normal 0.996259 -0.0864165 0
    outer loop
      vertex 170.014 49.3178 100
      vertex 170.021 49.3985 99.2
      vertex 170.021 49.3985 100
    endloop
  endfacet
  facet normal 0.996259 -0.0864165 0
    outer loop
      vertex 170.021 49.3985 99.2
      vertex 170.014 49.3178 100
      vertex 170.014 49.3178 99.2
    endloop
  endfacet
  facet normal 0.997541 -0.0700849 0
    outer loop
      vertex 170.005 49.1897 100
      vertex 170.014 49.3178 99.2
      vertex 170.014 49.3178 100
    endloop
  endfacet
  facet normal 0.997541 -0.0700849 0
    outer loop
      vertex 170.014 49.3178 99.2
      vertex 170.005 49.1897 100
      vertex 170.005 49.1897 99.2
    endloop
  endfacet
  facet normal 0.998384 -0.0568232 0
    outer loop
      vertex 169.995 49.014 100
      vertex 170.005 49.1897 99.2
      vertex 170.005 49.1897 100
    endloop
  endfacet
  facet normal 0.998384 -0.0568232 0
    outer loop
      vertex 170.005 49.1897 99.2
      vertex 169.995 49.014 100
      vertex 169.995 49.014 99.2
    endloop
  endfacet
  facet normal 0.998682 -0.0513197 0
    outer loop
      vertex 169.985 48.8194 100
      vertex 169.995 49.014 99.2
      vertex 169.995 49.014 100
    endloop
  endfacet
  facet normal 0.998682 -0.0513197 0
    outer loop
      vertex 169.995 49.014 99.2
      vertex 169.985 48.8194 100
      vertex 169.985 48.8194 99.2
    endloop
  endfacet
  facet normal 0.999635 -0.0270026 0
    outer loop
      vertex 169.98 48.6343 100
      vertex 169.985 48.8194 99.2
      vertex 169.985 48.8194 100
    endloop
  endfacet
  facet normal 0.999635 -0.0270026 0
    outer loop
      vertex 169.985 48.8194 99.2
      vertex 169.98 48.6343 100
      vertex 169.98 48.6343 99.2
    endloop
  endfacet
  facet normal 0.999935 -0.0113888 0
    outer loop
      vertex 169.978 48.4587 100
      vertex 169.98 48.6343 99.2
      vertex 169.98 48.6343 100
    endloop
  endfacet
  facet normal 0.999935 -0.0113888 0
    outer loop
      vertex 169.98 48.6343 99.2
      vertex 169.978 48.4587 100
      vertex 169.978 48.4587 99.2
    endloop
  endfacet
  facet normal 1 -0 0
    outer loop
      vertex 169.978 46.2704 100
      vertex 169.978 48.4587 99.2
      vertex 169.978 48.4587 100
    endloop
  endfacet
  facet normal 1 0 0
    outer loop
      vertex 169.978 48.4587 99.2
      vertex 169.978 46.2704 100
      vertex 169.978 46.2704 99.2
    endloop
  endfacet
  facet normal 0 -1 0
    outer loop
      vertex 168.022 46.2704 99.2
      vertex 169.978 46.2704 100
      vertex 168.022 46.2704 100
    endloop
  endfacet
  facet normal 0 -1 -0
    outer loop
      vertex 169.978 46.2704 100
      vertex 168.022 46.2704 99.2
      vertex 169.978 46.2704 99.2
    endloop
  endfacet
  facet normal 0 0 1
    outer loop
      vertex 197.229 156.294 99.2
      vertex 198.353 156.88 99.2
      vertex 198.006 157.342 99.2
    endloop
  endfacet
  facet normal 0 0 1
    outer loop
      vertex 197.024 156.56 99.2
      vertex 198.006 157.342 99.2
      vertex 197.561 157.707 99.2
    endloop
  endfacet
  facet normal 0 -0 1
    outer loop
      vertex 197.367 155.981 99.2
      vertex 198.353 156.88 99.2
      vertex 197.229 156.294 99.2
    endloop
  endfacet
  facet normal 0 0 1
    outer loop
      vertex 198.353 156.88 99.2
      vertex 197.367 155.981 99.2
      vertex 198.601 156.318 99.2
    endloop
  endfacet
  facet normal 0 0 1
    outer loop
      vertex 198.006 157.342 99.2
      vertex 197.024 156.56 99.2
      vertex 197.229 156.294 99.2
    endloop
  endfacet
  facet normal 0 0 1
    outer loop
      vertex 196.752 156.781 99.2
      vertex 197.561 157.707 99.2
      vertex 197.019 157.969 99.2
    endloop
  endfacet
  facet normal 0 0 1
    outer loop
      vertex 197.561 157.707 99.2
      vertex 196.752 156.781 99.2
      vertex 197.024 156.56 99.2
    endloop
  endfacet
  facet normal 0 0 1
    outer loop
      vertex 197.019 157.969 99.2
      vertex 196.428 156.946 99.2
      vertex 196.752 156.781 99.2
    endloop
  endfacet
  facet normal 0 0 1
    outer loop
      vertex 196.38 158.127 99.2
      vertex 196.428 156.946 99.2
      vertex 197.019 157.969 99.2
    endloop
  endfacet
  facet normal 0 0 1
    outer loop
      vertex 196.38 158.127 99.2
      vertex 196.069 157.045 99.2
      vertex 196.428 156.946 99.2
    endloop
  endfacet
  facet normal 0 0 1
    outer loop
      vertex 195.644 158.179 99.2
      vertex 196.069 157.045 99.2
      vertex 196.38 158.127 99.2
    endloop
  endfacet
  facet normal 0 0 1
    outer loop
      vertex 196.069 157.045 99.2
      vertex 195.644 158.179 99.2
      vertex 195.672 157.078 99.2
    endloop
  endfacet
  facet normal 0 0 1
    outer loop
      vertex 195.644 158.179 99.2
      vertex 195.09 157.012 99.2
      vertex 195.672 157.078 99.2
    endloop
  endfacet
  facet normal -0 0 1
    outer loop
      vertex 194.653 158.081 99.2
      vertex 195.09 157.012 99.2
      vertex 195.644 158.179 99.2
    endloop
  endfacet
  facet normal 0 0 1
    outer loop
      vertex 194.653 158.081 99.2
      vertex 194.61 156.816 99.2
      vertex 195.09 157.012 99.2
    endloop
  endfacet
  facet normal -0 0 1
    outer loop
      vertex 193.831 157.787 99.2
      vertex 194.61 156.816 99.2
      vertex 194.653 158.081 99.2
    endloop
  endfacet
  facet normal 0 0 1
    outer loop
      vertex 194.61 156.816 99.2
      vertex 193.831 157.787 99.2
      vertex 194.231 156.489 99.2
    endloop
  endfacet
  facet normal -0 0 1
    outer loop
      vertex 193.18 157.296 99.2
      vertex 194.231 156.489 99.2
      vertex 193.831 157.787 99.2
    endloop
  endfacet
  facet normal 0 0 1
    outer loop
      vertex 194.231 156.489 99.2
      vertex 193.18 157.296 99.2
      vertex 193.959 156.036 99.2
    endloop
  endfacet
  facet normal -0 0 1
    outer loop
      vertex 192.708 156.623 99.2
      vertex 193.959 156.036 99.2
      vertex 193.18 157.296 99.2
    endloop
  endfacet
  facet normal 0 0 1
    outer loop
      vertex 192.425 155.779 99.2
      vertex 193.959 156.036 99.2
      vertex 192.708 156.623 99.2
    endloop
  endfacet
  facet normal 0 0 1
    outer loop
      vertex 193.959 156.036 99.2
      vertex 192.425 155.779 99.2
      vertex 193.795 155.462 99.2
    endloop
  endfacet
  facet normal 0 -0 1
    outer loop
      vertex 192.428 153.752 99.2
      vertex 193.74 154.766 99.2
      vertex 192.33 154.766 99.2
    endloop
  endfacet
  facet normal 0 0 1
    outer loop
      vertex 192.33 154.766 99.2
      vertex 193.795 155.462 99.2
      vertex 192.425 155.779 99.2
    endloop
  endfacet
  facet normal 0 -0 1
    outer loop
      vertex 192.722 152.9 99.2
      vertex 193.74 154.766 99.2
      vertex 192.428 153.752 99.2
    endloop
  endfacet
  facet normal 0 0 1
    outer loop
      vertex 193.795 155.462 99.2
      vertex 192.33 154.766 99.2
      vertex 193.74 154.766 99.2
    endloop
  endfacet
  facet normal 0 0 1
    outer loop
      vertex 193.74 154.766 99.2
      vertex 192.722 152.9 99.2
      vertex 193.211 152.21 99.2
    endloop
  endfacet
  facet normal 0 0 1
    outer loop
      vertex 197.466 153.669 99.2
      vertex 198.383 152.619 99.2
      vertex 198.686 153.209 99.2
    endloop
  endfacet
  facet normal -0 0 1
    outer loop
      vertex 197.051 152.963 99.2
      vertex 198.383 152.619 99.2
      vertex 197.466 153.669 99.2
    endloop
  endfacet
  facet normal 0 0 1
    outer loop
      vertex 198.383 152.619 99.2
      vertex 197.051 152.963 99.2
      vertex 197.998 152.138 99.2
    endloop
  endfacet
  facet normal 0 0 1
    outer loop
      vertex 197.998 152.138 99.2
      vertex 197.051 152.963 99.2
      vertex 197.531 151.768 99.2
    endloop
  endfacet
  facet normal -0 0 1
    outer loop
      vertex 196.464 152.539 99.2
      vertex 197.531 151.768 99.2
      vertex 197.051 152.963 99.2
    endloop
  endfacet
  facet normal 0 0 1
    outer loop
      vertex 197.531 151.768 99.2
      vertex 196.464 152.539 99.2
      vertex 196.989 151.506 99.2
    endloop
  endfacet
  facet normal 0 0 1
    outer loop
      vertex 196.464 152.539 99.2
      vertex 196.381 151.349 99.2
      vertex 196.989 151.506 99.2
    endloop
  endfacet
  facet normal -0 0 1
    outer loop
      vertex 195.705 152.397 99.2
      vertex 196.381 151.349 99.2
      vertex 196.464 152.539 99.2
    endloop
  endfacet
  facet normal 0 0 1
    outer loop
      vertex 195.705 152.397 99.2
      vertex 195.705 151.296 99.2
      vertex 196.381 151.349 99.2
    endloop
  endfacet
  facet normal 0 0 1
    outer loop
      vertex 195.119 152.465 99.2
      vertex 195.705 151.296 99.2
      vertex 195.705 152.397 99.2
    endloop
  endfacet
  facet normal 0 0 1
    outer loop
      vertex 195.119 152.465 99.2
      vertex 194.711 151.398 99.2
      vertex 195.705 151.296 99.2
    endloop
  endfacet
  facet normal 0 0 1
    outer loop
      vertex 194.633 152.667 99.2
      vertex 194.711 151.398 99.2
      vertex 195.119 152.465 99.2
    endloop
  endfacet
  facet normal 0 0 1
    outer loop
      vertex 193.879 151.702 99.2
      vertex 194.633 152.667 99.2
      vertex 194.246 153.005 99.2
    endloop
  endfacet
  facet normal 0 0 1
    outer loop
      vertex 193.211 152.21 99.2
      vertex 194.246 153.005 99.2
      vertex 193.965 153.471 99.2
    endloop
  endfacet
  facet normal 0 0 1
    outer loop
      vertex 194.633 152.667 99.2
      vertex 193.879 151.702 99.2
      vertex 194.711 151.398 99.2
    endloop
  endfacet
  facet normal 0 0 1
    outer loop
      vertex 193.211 152.21 99.2
      vertex 193.965 153.471 99.2
      vertex 193.796 154.058 99.2
    endloop
  endfacet
  facet normal 0 0 1
    outer loop
      vertex 193.211 152.21 99.2
      vertex 193.796 154.058 99.2
      vertex 193.74 154.766 99.2
    endloop
  endfacet
  facet normal 0 0 1
    outer loop
      vertex 194.246 153.005 99.2
      vertex 193.211 152.21 99.2
      vertex 193.879 151.702 99.2
    endloop
  endfacet
  facet normal 0 0 1
    outer loop
      vertex 203.535 158.079 99.2
      vertex 200.725 157.087 99.2
      vertex 203.535 157.087 99.2
    endloop
  endfacet
  facet normal -0 0 1
    outer loop
      vertex 199.514 158.079 99.2
      vertex 200.725 157.087 99.2
      vertex 203.535 158.079 99.2
    endloop
  endfacet
  facet normal 0 0 1
    outer loop
      vertex 199.514 158.079 99.2
      vertex 200.616 155.397 99.2
      vertex 200.725 157.087 99.2
    endloop
  endfacet
  facet normal 0 0 1
    outer loop
      vertex 199.282 154.315 99.2
      vertex 200.616 155.397 99.2
      vertex 199.514 158.079 99.2
    endloop
  endfacet
  facet normal 0 0 1
    outer loop
      vertex 200.616 155.397 99.2
      vertex 199.282 154.315 99.2
      vertex 200.582 154.315 99.2
    endloop
  endfacet
  facet normal -0 0 1
    outer loop
      vertex 202.521 153.917 99.2
      vertex 203.924 153.617 99.2
      vertex 203.861 154.25 99.2
    endloop
  endfacet
  facet normal 0 0 1
    outer loop
      vertex 202.428 154.197 99.2
      vertex 203.861 154.25 99.2
      vertex 203.67 154.788 99.2
    endloop
  endfacet
  facet normal 0 0 1
    outer loop
      vertex 203.924 153.617 99.2
      vertex 202.552 153.589 99.2
      vertex 203.851 152.957 99.2
    endloop
  endfacet
  facet normal 0 0 1
    outer loop
      vertex 202.428 154.197 99.2
      vertex 203.67 154.788 99.2
      vertex 203.352 155.231 99.2
    endloop
  endfacet
  facet normal -0 0 1
    outer loop
      vertex 202.519 153.221 99.2
      vertex 203.851 152.957 99.2
      vertex 202.552 153.589 99.2
    endloop
  endfacet
  facet normal 0 0 1
    outer loop
      vertex 202.272 154.431 99.2
      vertex 203.352 155.231 99.2
      vertex 202.928 155.561 99.2
    endloop
  endfacet
  facet normal 0 0 1
    outer loop
      vertex 203.851 152.957 99.2
      vertex 202.519 153.221 99.2
      vertex 203.63 152.393 99.2
    endloop
  endfacet
  facet normal -0 0 1
    outer loop
      vertex 202.421 152.916 99.2
      vertex 203.63 152.393 99.2
      vertex 202.519 153.221 99.2
    endloop
  endfacet
  facet normal 0 0 1
    outer loop
      vertex 203.924 153.617 99.2
      vertex 202.521 153.917 99.2
      vertex 202.552 153.589 99.2
    endloop
  endfacet
  facet normal 0 0 1
    outer loop
      vertex 203.861 154.25 99.2
      vertex 202.428 154.197 99.2
      vertex 202.521 153.917 99.2
    endloop
  endfacet
  facet normal 0 0 1
    outer loop
      vertex 202.061 154.607 99.2
      vertex 202.928 155.561 99.2
      vertex 202.42 155.759 99.2
    endloop
  endfacet
  facet normal 0 0 1
    outer loop
      vertex 203.352 155.231 99.2
      vertex 202.272 154.431 99.2
      vertex 202.428 154.197 99.2
    endloop
  endfacet
  facet normal 0 0 1
    outer loop
      vertex 202.928 155.561 99.2
      vertex 202.061 154.607 99.2
      vertex 202.272 154.431 99.2
    endloop
  endfacet
  facet normal 0 0 1
    outer loop
      vertex 201.8 154.712 99.2
      vertex 202.42 155.759 99.2
      vertex 201.826 155.825 99.2
    endloop
  endfacet
  facet normal 0 0 1
    outer loop
      vertex 202.42 155.759 99.2
      vertex 201.8 154.712 99.2
      vertex 202.061 154.607 99.2
    endloop
  endfacet
  facet normal 0 0 1
    outer loop
      vertex 201.826 155.825 99.2
      vertex 201.489 154.747 99.2
      vertex 201.8 154.712 99.2
    endloop
  endfacet
  facet normal -0 0 1
    outer loop
      vertex 201.369 155.777 99.2
      vertex 201.489 154.747 99.2
      vertex 201.826 155.825 99.2
    endloop
  endfacet
  facet normal -0 0 1
    outer loop
      vertex 200.965 155.635 99.2
      vertex 201.489 154.747 99.2
      vertex 201.369 155.777 99.2
    endloop
  endfacet
  facet normal 0 0 1
    outer loop
      vertex 201.489 154.747 99.2
      vertex 200.965 155.635 99.2
      vertex 201.141 154.699 99.2
    endloop
  endfacet
  facet normal -0 0 1
    outer loop
      vertex 200.616 155.397 99.2
      vertex 201.141 154.699 99.2
      vertex 200.965 155.635 99.2
    endloop
  endfacet
  facet normal 0 0 1
    outer loop
      vertex 201.141 154.699 99.2
      vertex 200.616 155.397 99.2
      vertex 200.839 154.555 99.2
    endloop
  endfacet
  facet normal 0 0 1
    outer loop
      vertex 200.839 154.555 99.2
      vertex 200.616 155.397 99.2
      vertex 200.582 154.315 99.2
    endloop
  endfacet
  facet normal 0 0 1
    outer loop
      vertex 203.63 152.393 99.2
      vertex 202.421 152.916 99.2
      vertex 203.262 151.925 99.2
    endloop
  endfacet
  facet normal -0 0 1
    outer loop
      vertex 202.256 152.673 99.2
      vertex 203.262 151.925 99.2
      vertex 202.421 152.916 99.2
    endloop
  endfacet
  facet normal 0 0 1
    outer loop
      vertex 203.262 151.925 99.2
      vertex 202.256 152.673 99.2
      vertex 202.766 151.576 99.2
    endloop
  endfacet
  facet normal -0 0 1
    outer loop
      vertex 202.036 152.496 99.2
      vertex 202.766 151.576 99.2
      vertex 202.256 152.673 99.2
    endloop
  endfacet
  facet normal 0 0 1
    outer loop
      vertex 202.766 151.576 99.2
      vertex 202.036 152.496 99.2
      vertex 202.161 151.366 99.2
    endloop
  endfacet
  facet normal -0 0 1
    outer loop
      vertex 201.77 152.39 99.2
      vertex 202.161 151.366 99.2
      vertex 202.036 152.496 99.2
    endloop
  endfacet
  facet normal 0 0 1
    outer loop
      vertex 201.446 151.296 99.2
      vertex 201.77 152.39 99.2
      vertex 201.461 152.355 99.2
    endloop
  endfacet
  facet normal 0 0 1
    outer loop
      vertex 201.77 152.39 99.2
      vertex 201.446 151.296 99.2
      vertex 202.161 151.366 99.2
    endloop
  endfacet
  facet normal 0 0 1
    outer loop
      vertex 201.207 152.376 99.2
      vertex 201.446 151.296 99.2
      vertex 201.461 152.355 99.2
    endloop
  endfacet
  facet normal 0 0 1
    outer loop
      vertex 200.82 151.346 99.2
      vertex 201.207 152.376 99.2
      vertex 200.984 152.441 99.2
    endloop
  endfacet
  facet normal 0 0 1
    outer loop
      vertex 201.207 152.376 99.2
      vertex 200.82 151.346 99.2
      vertex 201.446 151.296 99.2
    endloop
  endfacet
  facet normal 0 0 1
    outer loop
      vertex 200.283 151.498 99.2
      vertex 200.984 152.441 99.2
      vertex 200.791 152.549 99.2
    endloop
  endfacet
  facet normal 0 0 1
    outer loop
      vertex 199.835 151.749 99.2
      vertex 200.791 152.549 99.2
      vertex 200.632 152.705 99.2
    endloop
  endfacet
  facet normal 0 0 1
    outer loop
      vertex 199.483 152.097 99.2
      vertex 200.632 152.705 99.2
      vertex 200.509 152.912 99.2
    endloop
  endfacet
  facet normal 0 0 1
    outer loop
      vertex 199.234 152.534 99.2
      vertex 200.509 152.912 99.2
      vertex 200.421 153.171 99.2
    endloop
  endfacet
  facet normal 0 0 1
    outer loop
      vertex 200.984 152.441 99.2
      vertex 200.283 151.498 99.2
      vertex 200.82 151.346 99.2
    endloop
  endfacet
  facet normal 0 0 1
    outer loop
      vertex 200.791 152.549 99.2
      vertex 199.835 151.749 99.2
      vertex 200.283 151.498 99.2
    endloop
  endfacet
  facet normal 0 0 1
    outer loop
      vertex 200.632 152.705 99.2
      vertex 199.483 152.097 99.2
      vertex 199.835 151.749 99.2
    endloop
  endfacet
  facet normal 0 0 1
    outer loop
      vertex 200.509 152.912 99.2
      vertex 199.234 152.534 99.2
      vertex 199.483 152.097 99.2
    endloop
  endfacet
  facet normal 0 -0 1
    outer loop
      vertex 199.234 152.534 99.2
      vertex 200.421 153.171 99.2
      vertex 199.087 153.062 99.2
    endloop
  endfacet
  facet normal -0.250023 0.96824 0
    outer loop
      vertex 196.989 151.506 99.2
      vertex 196.381 151.349 100
      vertex 196.989 151.506 100
    endloop
  endfacet
  facet normal -0.250023 0.96824 0
    outer loop
      vertex 196.381 151.349 100
      vertex 196.989 151.506 99.2
      vertex 196.381 151.349 99.2
    endloop
  endfacet
  facet normal -0.435214 0.900327 0
    outer loop
      vertex 197.531 151.768 99.2
      vertex 196.989 151.506 100
      vertex 197.531 151.768 100
    endloop
  endfacet
  facet normal -0.435214 0.900327 0
    outer loop
      vertex 196.989 151.506 100
      vertex 197.531 151.768 99.2
      vertex 196.989 151.506 99.2
    endloop
  endfacet
  facet normal -0.621004 0.783808 0
    outer loop
      vertex 197.998 152.138 99.2
      vertex 197.531 151.768 100
      vertex 197.998 152.138 100
    endloop
  endfacet
  facet normal -0.621004 0.783808 0
    outer loop
      vertex 197.531 151.768 100
      vertex 197.998 152.138 99.2
      vertex 197.531 151.768 99.2
    endloop
  endfacet
  facet normal -0.78071 0.624893 0
    outer loop
      vertex 197.998 152.138 99.2
      vertex 198.383 152.619 100
      vertex 198.383 152.619 99.2
    endloop
  endfacet
  facet normal -0.78071 0.624893 0
    outer loop
      vertex 198.383 152.619 100
      vertex 197.998 152.138 99.2
      vertex 197.998 152.138 100
    endloop
  endfacet
  facet normal -0.88955 0.456837 0
    outer loop
      vertex 198.383 152.619 99.2
      vertex 198.686 153.209 100
      vertex 198.686 153.209 99.2
    endloop
  endfacet
  facet normal -0.88955 0.456837 0
    outer loop
      vertex 198.686 153.209 100
      vertex 198.383 152.619 99.2
      vertex 198.383 152.619 100
    endloop
  endfacet
  facet normal -0.352804 -0.935697 0
    outer loop
      vertex 197.466 153.669 99.2
      vertex 198.686 153.209 100
      vertex 197.466 153.669 100
    endloop
  endfacet
  facet normal -0.352804 -0.935697 -0
    outer loop
      vertex 198.686 153.209 100
      vertex 197.466 153.669 99.2
      vertex 198.686 153.209 99.2
    endloop
  endfacet
  facet normal 0.862091 -0.506753 0
    outer loop
      vertex 197.051 152.963 100
      vertex 197.466 153.669 99.2
      vertex 197.466 153.669 100
    endloop
  endfacet
  facet normal 0.862091 -0.506753 0
    outer loop
      vertex 197.466 153.669 99.2
      vertex 197.051 152.963 100
      vertex 197.051 152.963 99.2
    endloop
  endfacet
  facet normal 0.585541 -0.810643 0
    outer loop
      vertex 196.464 152.539 99.2
      vertex 197.051 152.963 100
      vertex 196.464 152.539 100
    endloop
  endfacet
  facet normal 0.585541 -0.810643 0
    outer loop
      vertex 197.051 152.963 100
      vertex 196.464 152.539 99.2
      vertex 197.051 152.963 99.2
    endloop
  endfacet
  facet normal 0.183898 -0.982945 0
    outer loop
      vertex 195.705 152.397 99.2
      vertex 196.464 152.539 100
      vertex 195.705 152.397 100
    endloop
  endfacet
  facet normal 0.183898 -0.982945 0
    outer loop
      vertex 196.464 152.539 100
      vertex 195.705 152.397 99.2
      vertex 196.464 152.539 99.2
    endloop
  endfacet
  facet normal -0.115267 -0.993334 0
    outer loop
      vertex 195.119 152.465 99.2
      vertex 195.705 152.397 100
      vertex 195.119 152.465 100
    endloop
  endfacet
  facet normal -0.115267 -0.993334 -0
    outer loop
      vertex 195.705 152.397 100
      vertex 195.119 152.465 99.2
      vertex 195.705 152.397 99.2
    endloop
  endfacet
  facet normal -0.383806 -0.923414 0
    outer loop
      vertex 194.633 152.667 99.2
      vertex 195.119 152.465 100
      vertex 194.633 152.667 100
    endloop
  endfacet
  facet normal -0.383806 -0.923414 -0
    outer loop
      vertex 195.119 152.465 100
      vertex 194.633 152.667 99.2
      vertex 195.119 152.465 99.2
    endloop
  endfacet
  facet normal -0.657815 -0.753179 0
    outer loop
      vertex 194.246 153.005 99.2
      vertex 194.633 152.667 100
      vertex 194.246 153.005 100
    endloop
  endfacet
  facet normal -0.657815 -0.753179 -0
    outer loop
      vertex 194.633 152.667 100
      vertex 194.246 153.005 99.2
      vertex 194.633 152.667 99.2
    endloop
  endfacet
  facet normal -0.856356 -0.516386 0
    outer loop
      vertex 194.246 153.005 99.2
      vertex 193.965 153.471 100
      vertex 193.965 153.471 99.2
    endloop
  endfacet
  facet normal -0.856356 -0.516386 0
    outer loop
      vertex 193.965 153.471 100
      vertex 194.246 153.005 99.2
      vertex 194.246 153.005 100
    endloop
  endfacet
  facet normal -0.960966 -0.276667 0
    outer loop
      vertex 193.965 153.471 99.2
      vertex 193.796 154.058 100
      vertex 193.796 154.058 99.2
    endloop
  endfacet
  facet normal -0.960966 -0.276667 0
    outer loop
      vertex 193.796 154.058 100
      vertex 193.965 153.471 99.2
      vertex 193.965 153.471 100
    endloop
  endfacet
  facet normal -0.996887 -0.0788498 0
    outer loop
      vertex 193.796 154.058 99.2
      vertex 193.74 154.766 100
      vertex 193.74 154.766 99.2
    endloop
  endfacet
  facet normal -0.996887 -0.0788498 0
    outer loop
      vertex 193.74 154.766 100
      vertex 193.796 154.058 99.2
      vertex 193.796 154.058 100
    endloop
  endfacet
  facet normal -0.996892 0.0787774 0
    outer loop
      vertex 193.74 154.766 99.2
      vertex 193.795 155.462 100
      vertex 193.795 155.462 99.2
    endloop
  endfacet
  facet normal -0.996892 0.0787774 0
    outer loop
      vertex 193.795 155.462 100
      vertex 193.74 154.766 99.2
      vertex 193.74 154.766 100
    endloop
  endfacet
  facet normal -0.961524 0.274721 0
    outer loop
      vertex 193.795 155.462 99.2
      vertex 193.959 156.036 100
      vertex 193.959 156.036 99.2
    endloop
  endfacet
  facet normal -0.961524 0.274721 0
    outer loop
      vertex 193.959 156.036 100
      vertex 193.795 155.462 99.2
      vertex 193.795 155.462 100
    endloop
  endfacet
  facet normal -0.857326 0.514774 0
    outer loop
      vertex 193.959 156.036 99.2
      vertex 194.231 156.489 100
      vertex 194.231 156.489 99.2
    endloop
  endfacet
  facet normal -0.857326 0.514774 0
    outer loop
      vertex 194.231 156.489 100
      vertex 193.959 156.036 99.2
      vertex 193.959 156.036 100
    endloop
  endfacet
  facet normal -0.653256 0.757137 0
    outer loop
      vertex 194.61 156.816 99.2
      vertex 194.231 156.489 100
      vertex 194.61 156.816 100
    endloop
  endfacet
  facet normal -0.653256 0.757137 0
    outer loop
      vertex 194.231 156.489 100
      vertex 194.61 156.816 99.2
      vertex 194.231 156.489 99.2
    endloop
  endfacet
  facet normal -0.378032 0.925793 0
    outer loop
      vertex 195.09 157.012 99.2
      vertex 194.61 156.816 100
      vertex 195.09 157.012 100
    endloop
  endfacet
  facet normal -0.378032 0.925793 0
    outer loop
      vertex 194.61 156.816 100
      vertex 195.09 157.012 99.2
      vertex 194.61 156.816 99.2
    endloop
  endfacet
  facet normal -0.11268 0.993631 0
    outer loop
      vertex 195.672 157.078 99.2
      vertex 195.09 157.012 100
      vertex 195.672 157.078 100
    endloop
  endfacet
  facet normal -0.11268 0.993631 0
    outer loop
      vertex 195.09 157.012 100
      vertex 195.672 157.078 99.2
      vertex 195.09 157.012 99.2
    endloop
  endfacet
  facet normal 0.0828377 0.996563 -0
    outer loop
      vertex 196.069 157.045 99.2
      vertex 195.672 157.078 100
      vertex 196.069 157.045 100
    endloop
  endfacet
  facet normal 0.0828377 0.996563 0
    outer loop
      vertex 195.672 157.078 100
      vertex 196.069 157.045 99.2
      vertex 195.672 157.078 99.2
    endloop
  endfacet
  facet normal 0.265843 0.964016 -0
    outer loop
      vertex 196.428 156.946 99.2
      vertex 196.069 157.045 100
      vertex 196.428 156.946 100
    endloop
  endfacet
  facet normal 0.265843 0.964016 0
    outer loop
      vertex 196.069 157.045 100
      vertex 196.428 156.946 99.2
      vertex 196.069 157.045 99.2
    endloop
  endfacet
  facet normal 0.453802 0.891102 -0
    outer loop
      vertex 196.752 156.781 99.2
      vertex 196.428 156.946 100
      vertex 196.752 156.781 100
    endloop
  endfacet
  facet normal 0.453802 0.891102 0
    outer loop
      vertex 196.428 156.946 100
      vertex 196.752 156.781 99.2
      vertex 196.428 156.946 99.2
    endloop
  endfacet
  facet normal 0.630593 0.776114 -0
    outer loop
      vertex 197.024 156.56 99.2
      vertex 196.752 156.781 100
      vertex 197.024 156.56 100
    endloop
  endfacet
  facet normal 0.630593 0.776114 0
    outer loop
      vertex 196.752 156.781 100
      vertex 197.024 156.56 99.2
      vertex 196.752 156.781 99.2
    endloop
  endfacet
  facet normal 0.79207 0.61043 0
    outer loop
      vertex 197.229 156.294 100
      vertex 197.024 156.56 99.2
      vertex 197.024 156.56 100
    endloop
  endfacet
  facet normal 0.79207 0.61043 0
    outer loop
      vertex 197.024 156.56 99.2
      vertex 197.229 156.294 100
      vertex 197.229 156.294 99.2
    endloop
  endfacet
  facet normal 0.915013 0.403424 0
    outer loop
      vertex 197.367 155.981 100
      vertex 197.229 156.294 99.2
      vertex 197.229 156.294 100
    endloop
  endfacet
  facet normal 0.915013 0.403424 0
    outer loop
      vertex 197.229 156.294 99.2
      vertex 197.367 155.981 100
      vertex 197.367 155.981 99.2
    endloop
  endfacet
  facet normal -0.263448 0.964674 0
    outer loop
      vertex 198.601 156.318 99.2
      vertex 197.367 155.981 100
      vertex 198.601 156.318 100
    endloop
  endfacet
  facet normal -0.263448 0.964674 0
    outer loop
      vertex 197.367 155.981 100
      vertex 198.601 156.318 99.2
      vertex 197.367 155.981 99.2
    endloop
  endfacet
  facet normal -0.914882 -0.40372 0
    outer loop
      vertex 198.601 156.318 99.2
      vertex 198.353 156.88 100
      vertex 198.353 156.88 99.2
    endloop
  endfacet
  facet normal -0.914882 -0.40372 0
    outer loop
      vertex 198.353 156.88 100
      vertex 198.601 156.318 99.2
      vertex 198.601 156.318 100
    endloop
  endfacet
  facet normal -0.799584 -0.600554 0
    outer loop
      vertex 198.353 156.88 99.2
      vertex 198.006 157.342 100
      vertex 198.006 157.342 99.2
    endloop
  endfacet
  facet normal -0.799584 -0.600554 0
    outer loop
      vertex 198.006 157.342 100
      vertex 198.353 156.88 99.2
      vertex 198.353 156.88 100
    endloop
  endfacet
  facet normal -0.634183 -0.773183 0
    outer loop
      vertex 197.561 157.707 99.2
      vertex 198.006 157.342 100
      vertex 197.561 157.707 100
    endloop
  endfacet
  facet normal -0.634183 -0.773183 -0
    outer loop
      vertex 198.006 157.342 100
      vertex 197.561 157.707 99.2
      vertex 198.006 157.342 99.2
    endloop
  endfacet
  facet normal -0.435214 -0.900327 0
    outer loop
      vertex 197.019 157.969 99.2
      vertex 197.561 157.707 100
      vertex 197.019 157.969 100
    endloop
  endfacet
  facet normal -0.435214 -0.900327 -0
    outer loop
      vertex 197.561 157.707 100
      vertex 197.019 157.969 99.2
      vertex 197.561 157.707 99.2
    endloop
  endfacet
  facet normal -0.240033 -0.970765 0
    outer loop
      vertex 196.38 158.127 99.2
      vertex 197.019 157.969 100
      vertex 196.38 158.127 100
    endloop
  endfacet
  facet normal -0.240033 -0.970765 -0
    outer loop
      vertex 197.019 157.969 100
      vertex 196.38 158.127 99.2
      vertex 197.019 157.969 99.2
    endloop
  endfacet
  facet normal -0.0704765 -0.997513 0
    outer loop
      vertex 195.644 158.179 99.2
      vertex 196.38 158.127 100
      vertex 195.644 158.179 100
    endloop
  endfacet
  facet normal -0.0704765 -0.997513 -0
    outer loop
      vertex 196.38 158.127 100
      vertex 195.644 158.179 99.2
      vertex 196.38 158.127 99.2
    endloop
  endfacet
  facet normal 0.09841 -0.995146 0
    outer loop
      vertex 194.653 158.081 99.2
      vertex 195.644 158.179 100
      vertex 194.653 158.081 100
    endloop
  endfacet
  facet normal 0.09841 -0.995146 0
    outer loop
      vertex 195.644 158.179 100
      vertex 194.653 158.081 99.2
      vertex 195.644 158.179 99.2
    endloop
  endfacet
  facet normal 0.336772 -0.941586 0
    outer loop
      vertex 193.831 157.787 99.2
      vertex 194.653 158.081 100
      vertex 193.831 157.787 100
    endloop
  endfacet
  facet normal 0.336772 -0.941586 0
    outer loop
      vertex 194.653 158.081 100
      vertex 193.831 157.787 99.2
      vertex 194.653 158.081 99.2
    endloop
  endfacet
  facet normal 0.602156 -0.798378 0
    outer loop
      vertex 193.18 157.296 99.2
      vertex 193.831 157.787 100
      vertex 193.18 157.296 100
    endloop
  endfacet
  facet normal 0.602156 -0.798378 0
    outer loop
      vertex 193.831 157.787 100
      vertex 193.18 157.296 99.2
      vertex 193.831 157.787 99.2
    endloop
  endfacet
  facet normal 0.818717 -0.574197 0
    outer loop
      vertex 192.708 156.623 100
      vertex 193.18 157.296 99.2
      vertex 193.18 157.296 100
    endloop
  endfacet
  facet normal 0.818717 -0.574197 0
    outer loop
      vertex 193.18 157.296 99.2
      vertex 192.708 156.623 100
      vertex 192.708 156.623 99.2
    endloop
  endfacet
  facet normal 0.94812 -0.317912 0
    outer loop
      vertex 192.425 155.779 100
      vertex 192.708 156.623 99.2
      vertex 192.708 156.623 100
    endloop
  endfacet
  facet normal 0.94812 -0.317912 0
    outer loop
      vertex 192.708 156.623 99.2
      vertex 192.425 155.779 100
      vertex 192.425 155.779 99.2
    endloop
  endfacet
  facet normal 0.995631 -0.0933712 0
    outer loop
      vertex 192.33 154.766 100
      vertex 192.425 155.779 99.2
      vertex 192.425 155.779 100
    endloop
  endfacet
  facet normal 0.995631 -0.0933712 0
    outer loop
      vertex 192.425 155.779 99.2
      vertex 192.33 154.766 100
      vertex 192.33 154.766 99.2
    endloop
  endfacet
  facet normal 0.995362 0.0961987 0
    outer loop
      vertex 192.428 153.752 100
      vertex 192.33 154.766 99.2
      vertex 192.33 154.766 100
    endloop
  endfacet
  facet normal 0.995362 0.0961987 0
    outer loop
      vertex 192.33 154.766 99.2
      vertex 192.428 153.752 100
      vertex 192.428 153.752 99.2
    endloop
  endfacet
  facet normal 0.945302 0.326196 0
    outer loop
      vertex 192.722 152.9 100
      vertex 192.428 153.752 99.2
      vertex 192.428 153.752 100
    endloop
  endfacet
  facet normal 0.945302 0.326196 0
    outer loop
      vertex 192.428 153.752 99.2
      vertex 192.722 152.9 100
      vertex 192.722 152.9 99.2
    endloop
  endfacet
  facet normal 0.815885 0.578214 0
    outer loop
      vertex 193.211 152.21 100
      vertex 192.722 152.9 99.2
      vertex 192.722 152.9 100
    endloop
  endfacet
  facet normal 0.815885 0.578214 0
    outer loop
      vertex 192.722 152.9 99.2
      vertex 193.211 152.21 100
      vertex 193.211 152.21 99.2
    endloop
  endfacet
  facet normal 0.605325 0.795978 -0
    outer loop
      vertex 193.879 151.702 99.2
      vertex 193.211 152.21 100
      vertex 193.879 151.702 100
    endloop
  endfacet
  facet normal 0.605325 0.795978 0
    outer loop
      vertex 193.211 152.21 100
      vertex 193.879 151.702 99.2
      vertex 193.211 152.21 99.2
    endloop
  endfacet
  facet normal 0.343193 0.939265 -0
    outer loop
      vertex 194.711 151.398 99.2
      vertex 193.879 151.702 100
      vertex 194.711 151.398 100
    endloop
  endfacet
  facet normal 0.343193 0.939265 0
    outer loop
      vertex 193.879 151.702 100
      vertex 194.711 151.398 99.2
      vertex 193.879 151.702 99.2
    endloop
  endfacet
  facet normal 0.10208 0.994776 -0
    outer loop
      vertex 195.705 151.296 99.2
      vertex 194.711 151.398 100
      vertex 195.705 151.296 100
    endloop
  endfacet
  facet normal 0.10208 0.994776 0
    outer loop
      vertex 194.711 151.398 100
      vertex 195.705 151.296 99.2
      vertex 194.711 151.398 99.2
    endloop
  endfacet
  facet normal -0.0781625 0.996941 0
    outer loop
      vertex 196.381 151.349 99.2
      vertex 195.705 151.296 100
      vertex 196.381 151.349 100
    endloop
  endfacet
  facet normal -0.0781625 0.996941 0
    outer loop
      vertex 195.705 151.296 100
      vertex 196.381 151.349 99.2
      vertex 195.705 151.296 99.2
    endloop
  endfacet
  facet normal -0.327915 0.944707 0
    outer loop
      vertex 202.766 151.576 99.2
      vertex 202.161 151.366 100
      vertex 202.766 151.576 100
    endloop
  endfacet
  facet normal -0.327915 0.944707 0
    outer loop
      vertex 202.161 151.366 100
      vertex 202.766 151.576 99.2
      vertex 202.161 151.366 99.2
    endloop
  endfacet
  facet normal -0.575453 0.817835 0
    outer loop
      vertex 203.262 151.925 99.2
      vertex 202.766 151.576 100
      vertex 203.262 151.925 100
    endloop
  endfacet
  facet normal -0.575453 0.817835 0
    outer loop
      vertex 202.766 151.576 100
      vertex 203.262 151.925 99.2
      vertex 202.766 151.576 99.2
    endloop
  endfacet
  facet normal -0.786085 0.618118 0
    outer loop
      vertex 203.262 151.925 99.2
      vertex 203.63 152.393 100
      vertex 203.63 152.393 99.2
    endloop
  endfacet
  facet normal -0.786085 0.618118 0
    outer loop
      vertex 203.63 152.393 100
      vertex 203.262 151.925 99.2
      vertex 203.262 151.925 100
    endloop
  endfacet
  facet normal -0.931072 0.364835 0
    outer loop
      vertex 203.63 152.393 99.2
      vertex 203.851 152.957 100
      vertex 203.851 152.957 99.2
    endloop
  endfacet
  facet normal -0.931072 0.364835 0
    outer loop
      vertex 203.851 152.957 100
      vertex 203.63 152.393 99.2
      vertex 203.63 152.393 100
    endloop
  endfacet
  facet normal -0.993939 0.109936 0
    outer loop
      vertex 203.851 152.957 99.2
      vertex 203.924 153.617 100
      vertex 203.924 153.617 99.2
    endloop
  endfacet
  facet normal -0.993939 0.109936 0
    outer loop
      vertex 203.924 153.617 100
      vertex 203.851 152.957 99.2
      vertex 203.851 152.957 100
    endloop
  endfacet
  facet normal -0.995084 -0.0990368 0
    outer loop
      vertex 203.924 153.617 99.2
      vertex 203.861 154.25 100
      vertex 203.861 154.25 99.2
    endloop
  endfacet
  facet normal -0.995084 -0.0990368 0
    outer loop
      vertex 203.861 154.25 100
      vertex 203.924 153.617 99.2
      vertex 203.924 153.617 100
    endloop
  endfacet
  facet normal -0.942374 -0.33456 0
    outer loop
      vertex 203.861 154.25 99.2
      vertex 203.67 154.788 100
      vertex 203.67 154.788 99.2
    endloop
  endfacet
  facet normal -0.942374 -0.33456 0
    outer loop
      vertex 203.67 154.788 100
      vertex 203.861 154.25 99.2
      vertex 203.861 154.25 100
    endloop
  endfacet
  facet normal -0.812368 -0.583145 0
    outer loop
      vertex 203.67 154.788 99.2
      vertex 203.352 155.231 100
      vertex 203.352 155.231 99.2
    endloop
  endfacet
  facet normal -0.812368 -0.583145 0
    outer loop
      vertex 203.352 155.231 100
      vertex 203.67 154.788 99.2
      vertex 203.67 154.788 100
    endloop
  endfacet
  facet normal -0.614198 -0.789152 0
    outer loop
      vertex 202.928 155.561 99.2
      vertex 203.352 155.231 100
      vertex 202.928 155.561 100
    endloop
  endfacet
  facet normal -0.614198 -0.789152 -0
    outer loop
      vertex 203.352 155.231 100
      vertex 202.928 155.561 99.2
      vertex 203.352 155.231 99.2
    endloop
  endfacet
  facet normal -0.363154 -0.931729 0
    outer loop
      vertex 202.42 155.759 99.2
      vertex 202.928 155.561 100
      vertex 202.42 155.759 100
    endloop
  endfacet
  facet normal -0.363154 -0.931729 -0
    outer loop
      vertex 202.928 155.561 100
      vertex 202.42 155.759 99.2
      vertex 202.928 155.561 99.2
    endloop
  endfacet
  facet normal -0.110432 -0.993884 0
    outer loop
      vertex 201.826 155.825 99.2
      vertex 202.42 155.759 100
      vertex 201.826 155.825 100
    endloop
  endfacet
  facet normal -0.110432 -0.993884 -0
    outer loop
      vertex 202.42 155.759 100
      vertex 201.826 155.825 99.2
      vertex 202.42 155.759 99.2
    endloop
  endfacet
  facet normal 0.104458 -0.994529 0
    outer loop
      vertex 201.369 155.777 99.2
      vertex 201.826 155.825 100
      vertex 201.369 155.777 100
    endloop
  endfacet
  facet normal 0.104458 -0.994529 0
    outer loop
      vertex 201.826 155.825 100
      vertex 201.369 155.777 99.2
      vertex 201.826 155.825 99.2
    endloop
  endfacet
  facet normal 0.331598 -0.943421 0
    outer loop
      vertex 200.965 155.635 99.2
      vertex 201.369 155.777 100
      vertex 200.965 155.635 100
    endloop
  endfacet
  facet normal 0.331598 -0.943421 0
    outer loop
      vertex 201.369 155.777 100
      vertex 200.965 155.635 99.2
      vertex 201.369 155.777 99.2
    endloop
  endfacet
  facet normal 0.56341 -0.826177 0
    outer loop
      vertex 200.616 155.397 99.2
      vertex 200.965 155.635 100
      vertex 200.616 155.397 100
    endloop
  endfacet
  facet normal 0.56341 -0.826177 0
    outer loop
      vertex 200.965 155.635 100
      vertex 200.616 155.397 99.2
      vertex 200.965 155.635 99.2
    endloop
  endfacet
  facet normal -0.997927 0.0643633 0
    outer loop
      vertex 200.616 155.397 99.2
      vertex 200.725 157.087 100
      vertex 200.725 157.087 99.2
    endloop
  endfacet
  facet normal -0.997927 0.0643633 0
    outer loop
      vertex 200.725 157.087 100
      vertex 200.616 155.397 99.2
      vertex 200.616 155.397 100
    endloop
  endfacet
  facet normal 0 1 -0
    outer loop
      vertex 203.535 157.087 99.2
      vertex 200.725 157.087 100
      vertex 203.535 157.087 100
    endloop
  endfacet
  facet normal 0 1 0
    outer loop
      vertex 200.725 157.087 100
      vertex 203.535 157.087 99.2
      vertex 200.725 157.087 99.2
    endloop
  endfacet
  facet normal -1 0 0
    outer loop
      vertex 203.535 157.087 99.2
      vertex 203.535 158.079 100
      vertex 203.535 158.079 99.2
    endloop
  endfacet
  facet normal -1 -0 0
    outer loop
      vertex 203.535 158.079 100
      vertex 203.535 157.087 99.2
      vertex 203.535 157.087 100
    endloop
  endfacet
  facet normal 0 -1 0
    outer loop
      vertex 199.514 158.079 99.2
      vertex 203.535 158.079 100
      vertex 199.514 158.079 100
    endloop
  endfacet
  facet normal 0 -1 -0
    outer loop
      vertex 203.535 158.079 100
      vertex 199.514 158.079 99.2
      vertex 203.535 158.079 99.2
    endloop
  endfacet
  facet normal 0.998106 -0.0615198 0
    outer loop
      vertex 199.282 154.315 100
      vertex 199.514 158.079 99.2
      vertex 199.514 158.079 100
    endloop
  endfacet
  facet normal 0.998106 -0.0615198 0
    outer loop
      vertex 199.514 158.079 99.2
      vertex 199.282 154.315 100
      vertex 199.282 154.315 99.2
    endloop
  endfacet
  facet normal 0 1 -0
    outer loop
      vertex 200.582 154.315 99.2
      vertex 199.282 154.315 100
      vertex 200.582 154.315 100
    endloop
  endfacet
  facet normal 0 1 0
    outer loop
      vertex 199.282 154.315 100
      vertex 200.582 154.315 99.2
      vertex 199.282 154.315 99.2
    endloop
  endfacet
  facet normal -0.682521 0.730866 0
    outer loop
      vertex 200.839 154.555 99.2
      vertex 200.582 154.315 100
      vertex 200.839 154.555 100
    endloop
  endfacet
  facet normal -0.682521 0.730866 0
    outer loop
      vertex 200.582 154.315 100
      vertex 200.839 154.555 99.2
      vertex 200.582 154.315 99.2
    endloop
  endfacet
  facet normal -0.430398 0.902639 0
    outer loop
      vertex 201.141 154.699 99.2
      vertex 200.839 154.555 100
      vertex 201.141 154.699 100
    endloop
  endfacet
  facet normal -0.430398 0.902639 0
    outer loop
      vertex 200.839 154.555 100
      vertex 201.141 154.699 99.2
      vertex 200.839 154.555 99.2
    endloop
  endfacet
  facet normal -0.136637 0.990621 0
    outer loop
      vertex 201.489 154.747 99.2
      vertex 201.141 154.699 100
      vertex 201.489 154.747 100
    endloop
  endfacet
  facet normal -0.136637 0.990621 0
    outer loop
      vertex 201.141 154.699 100
      vertex 201.489 154.747 99.2
      vertex 201.141 154.699 99.2
    endloop
  endfacet
  facet normal 0.111834 0.993727 -0
    outer loop
      vertex 201.8 154.712 99.2
      vertex 201.489 154.747 100
      vertex 201.8 154.712 100
    endloop
  endfacet
  facet normal 0.111834 0.993727 0
    outer loop
      vertex 201.489 154.747 100
      vertex 201.8 154.712 99.2
      vertex 201.489 154.747 99.2
    endloop
  endfacet
  facet normal 0.373229 0.927739 -0
    outer loop
      vertex 202.061 154.607 99.2
      vertex 201.8 154.712 100
      vertex 202.061 154.607 100
    endloop
  endfacet
  facet normal 0.373229 0.927739 0
    outer loop
      vertex 201.8 154.712 100
      vertex 202.061 154.607 99.2
      vertex 201.8 154.712 99.2
    endloop
  endfacet
  facet normal 0.640542 0.767923 -0
    outer loop
      vertex 202.272 154.431 99.2
      vertex 202.061 154.607 100
      vertex 202.272 154.431 100
    endloop
  endfacet
  facet normal 0.640542 0.767923 0
    outer loop
      vertex 202.061 154.607 100
      vertex 202.272 154.431 99.2
      vertex 202.061 154.607 99.2
    endloop
  endfacet
  facet normal 0.83205 0.5547 0
    outer loop
      vertex 202.428 154.197 100
      vertex 202.272 154.431 99.2
      vertex 202.272 154.431 100
    endloop
  endfacet
  facet normal 0.83205 0.5547 0
    outer loop
      vertex 202.272 154.431 99.2
      vertex 202.428 154.197 100
      vertex 202.428 154.197 99.2
    endloop
  endfacet
  facet normal 0.949022 0.315211 0
    outer loop
      vertex 202.521 153.917 100
      vertex 202.428 154.197 99.2
      vertex 202.428 154.197 100
    endloop
  endfacet
  facet normal 0.949022 0.315211 0
    outer loop
      vertex 202.428 154.197 99.2
      vertex 202.521 153.917 100
      vertex 202.521 153.917 99.2
    endloop
  endfacet
  facet normal 0.995563 0.0940929 0
    outer loop
      vertex 202.552 153.589 100
      vertex 202.521 153.917 99.2
      vertex 202.521 153.917 100
    endloop
  endfacet
  facet normal 0.995563 0.0940929 0
    outer loop
      vertex 202.521 153.917 99.2
      vertex 202.552 153.589 100
      vertex 202.552 153.589 99.2
    endloop
  endfacet
  facet normal 0.996003 -0.0893155 0
    outer loop
      vertex 202.519 153.221 100
      vertex 202.552 153.589 99.2
      vertex 202.552 153.589 100
    endloop
  endfacet
  facet normal 0.996003 -0.0893155 0
    outer loop
      vertex 202.552 153.589 99.2
      vertex 202.519 153.221 100
      vertex 202.519 153.221 99.2
    endloop
  endfacet
  facet normal 0.952061 -0.305908 0
    outer loop
      vertex 202.421 152.916 100
      vertex 202.519 153.221 99.2
      vertex 202.519 153.221 100
    endloop
  endfacet
  facet normal 0.952061 -0.305908 0
    outer loop
      vertex 202.519 153.221 99.2
      vertex 202.421 152.916 100
      vertex 202.421 152.916 99.2
    endloop
  endfacet
  facet normal 0.827306 -0.561751 0
    outer loop
      vertex 202.256 152.673 100
      vertex 202.421 152.916 99.2
      vertex 202.421 152.916 100
    endloop
  endfacet
  facet normal 0.827306 -0.561751 0
    outer loop
      vertex 202.421 152.916 99.2
      vertex 202.256 152.673 100
      vertex 202.256 152.673 99.2
    endloop
  endfacet
  facet normal 0.626852 -0.779138 0
    outer loop
      vertex 202.036 152.496 99.2
      vertex 202.256 152.673 100
      vertex 202.036 152.496 100
    endloop
  endfacet
  facet normal 0.626852 -0.779138 0
    outer loop
      vertex 202.256 152.673 100
      vertex 202.036 152.496 99.2
      vertex 202.256 152.673 99.2
    endloop
  endfacet
  facet normal 0.370186 -0.928958 0
    outer loop
      vertex 201.77 152.39 99.2
      vertex 202.036 152.496 100
      vertex 201.77 152.39 100
    endloop
  endfacet
  facet normal 0.370186 -0.928958 0
    outer loop
      vertex 202.036 152.496 100
      vertex 201.77 152.39 99.2
      vertex 202.036 152.496 99.2
    endloop
  endfacet
  facet normal 0.112549 -0.993646 0
    outer loop
      vertex 201.461 152.355 99.2
      vertex 201.77 152.39 100
      vertex 201.461 152.355 100
    endloop
  endfacet
  facet normal 0.112549 -0.993646 0
    outer loop
      vertex 201.77 152.39 100
      vertex 201.461 152.355 99.2
      vertex 201.77 152.39 99.2
    endloop
  endfacet
  facet normal -0.082396 -0.9966 0
    outer loop
      vertex 201.207 152.376 99.2
      vertex 201.461 152.355 100
      vertex 201.207 152.376 100
    endloop
  endfacet
  facet normal -0.082396 -0.9966 -0
    outer loop
      vertex 201.461 152.355 100
      vertex 201.207 152.376 99.2
      vertex 201.461 152.355 99.2
    endloop
  endfacet
  facet normal -0.279835 -0.960048 0
    outer loop
      vertex 200.984 152.441 99.2
      vertex 201.207 152.376 100
      vertex 200.984 152.441 100
    endloop
  endfacet
  facet normal -0.279835 -0.960048 -0
    outer loop
      vertex 201.207 152.376 100
      vertex 200.984 152.441 99.2
      vertex 201.207 152.376 99.2
    endloop
  endfacet
  facet normal -0.488328 -0.87266 0
    outer loop
      vertex 200.791 152.549 99.2
      vertex 200.984 152.441 100
      vertex 200.791 152.549 100
    endloop
  endfacet
  facet normal -0.488328 -0.87266 -0
    outer loop
      vertex 200.984 152.441 100
      vertex 200.791 152.549 99.2
      vertex 200.984 152.441 99.2
    endloop
  endfacet
  facet normal -0.700341 -0.713809 0
    outer loop
      vertex 200.632 152.705 99.2
      vertex 200.791 152.549 100
      vertex 200.632 152.705 100
    endloop
  endfacet
  facet normal -0.700341 -0.713809 -0
    outer loop
      vertex 200.791 152.549 100
      vertex 200.632 152.705 99.2
      vertex 200.791 152.549 99.2
    endloop
  endfacet
  facet normal -0.859684 -0.510827 0
    outer loop
      vertex 200.632 152.705 99.2
      vertex 200.509 152.912 100
      vertex 200.509 152.912 99.2
    endloop
  endfacet
  facet normal -0.859684 -0.510827 0
    outer loop
      vertex 200.509 152.912 100
      vertex 200.632 152.705 99.2
      vertex 200.632 152.705 100
    endloop
  endfacet
  facet normal -0.94684 -0.321706 0
    outer loop
      vertex 200.509 152.912 99.2
      vertex 200.421 153.171 100
      vertex 200.421 153.171 99.2
    endloop
  endfacet
  facet normal -0.94684 -0.321706 0
    outer loop
      vertex 200.421 153.171 100
      vertex 200.509 152.912 99.2
      vertex 200.509 152.912 100
    endloop
  endfacet
  facet normal 0.0814377 -0.996678 0
    outer loop
      vertex 199.087 153.062 99.2
      vertex 200.421 153.171 100
      vertex 199.087 153.062 100
    endloop
  endfacet
  facet normal 0.0814377 -0.996678 0
    outer loop
      vertex 200.421 153.171 100
      vertex 199.087 153.062 99.2
      vertex 200.421 153.171 99.2
    endloop
  endfacet
  facet normal 0.963361 0.268208 0
    outer loop
      vertex 199.234 152.534 100
      vertex 199.087 153.062 99.2
      vertex 199.087 153.062 100
    endloop
  endfacet
  facet normal 0.963361 0.268208 0
    outer loop
      vertex 199.087 153.062 99.2
      vertex 199.234 152.534 100
      vertex 199.234 152.534 99.2
    endloop
  endfacet
  facet normal 0.868854 0.495068 0
    outer loop
      vertex 199.483 152.097 100
      vertex 199.234 152.534 99.2
      vertex 199.234 152.534 100
    endloop
  endfacet
  facet normal 0.868854 0.495068 0
    outer loop
      vertex 199.234 152.534 99.2
      vertex 199.483 152.097 100
      vertex 199.483 152.097 99.2
    endloop
  endfacet
  facet normal 0.703055 0.711136 -0
    outer loop
      vertex 199.835 151.749 99.2
      vertex 199.483 152.097 100
      vertex 199.835 151.749 100
    endloop
  endfacet
  facet normal 0.703055 0.711136 0
    outer loop
      vertex 199.483 152.097 100
      vertex 199.835 151.749 99.2
      vertex 199.483 152.097 99.2
    endloop
  endfacet
  facet normal 0.488781 0.872406 -0
    outer loop
      vertex 200.283 151.498 99.2
      vertex 199.835 151.749 100
      vertex 200.283 151.498 100
    endloop
  endfacet
  facet normal 0.488781 0.872406 0
    outer loop
      vertex 199.835 151.749 100
      vertex 200.283 151.498 99.2
      vertex 199.835 151.749 99.2
    endloop
  endfacet
  facet normal 0.272354 0.962197 -0
    outer loop
      vertex 200.82 151.346 99.2
      vertex 200.283 151.498 100
      vertex 200.82 151.346 100
    endloop
  endfacet
  facet normal 0.272354 0.962197 0
    outer loop
      vertex 200.283 151.498 100
      vertex 200.82 151.346 99.2
      vertex 200.283 151.498 99.2
    endloop
  endfacet
  facet normal 0.0796186 0.996825 -0
    outer loop
      vertex 201.446 151.296 99.2
      vertex 200.82 151.346 100
      vertex 201.446 151.296 100
    endloop
  endfacet
  facet normal 0.0796186 0.996825 0
    outer loop
      vertex 200.82 151.346 100
      vertex 201.446 151.296 99.2
      vertex 200.82 151.346 99.2
    endloop
  endfacet
  facet normal -0.0974363 0.995242 0
    outer loop
      vertex 202.161 151.366 99.2
      vertex 201.446 151.296 100
      vertex 202.161 151.366 100
    endloop
  endfacet
  facet normal -0.0974363 0.995242 0
    outer loop
      vertex 201.446 151.296 100
      vertex 202.161 151.366 99.2
      vertex 201.446 151.296 99.2
    endloop
  endfacet
  facet normal -0 0 1
    outer loop
      vertex 229.072 45.037 99.2
      vertex 230.544 44.3754 99.2
      vertex 230.441 45.3535 99.2
    endloop
  endfacet
  facet normal 0 0 1
    outer loop
      vertex 230.544 44.3754 99.2
      vertex 229.134 44.3754 99.2
      vertex 230.499 43.7148 99.2
    endloop
  endfacet
  facet normal 0 0 1
    outer loop
      vertex 229.075 43.7129 99.2
      vertex 230.499 43.7148 99.2
      vertex 229.134 44.3754 99.2
    endloop
  endfacet
  facet normal 0 0 1
    outer loop
      vertex 229.072 45.037 99.2
      vertex 230.441 45.3535 99.2
      vertex 230.133 46.1676 99.2
    endloop
  endfacet
  facet normal 0 0 1
    outer loop
      vertex 230.499 43.7148 99.2
      vertex 229.075 43.7129 99.2
      vertex 230.364 43.1127 99.2
    endloop
  endfacet
  facet normal 0 0 1
    outer loop
      vertex 228.885 45.5853 99.2
      vertex 230.133 46.1676 99.2
      vertex 229.618 46.8176 99.2
    endloop
  endfacet
  facet normal -0 0 1
    outer loop
      vertex 228.898 43.1496 99.2
      vertex 230.364 43.1127 99.2
      vertex 229.075 43.7129 99.2
    endloop
  endfacet
  facet normal 0 0 1
    outer loop
      vertex 230.364 43.1127 99.2
      vertex 228.898 43.1496 99.2
      vertex 230.138 42.5692 99.2
    endloop
  endfacet
  facet normal 0 0 1
    outer loop
      vertex 230.544 44.3754 99.2
      vertex 229.072 45.037 99.2
      vertex 229.134 44.3754 99.2
    endloop
  endfacet
  facet normal 0 0 1
    outer loop
      vertex 228.574 46.0202 99.2
      vertex 229.618 46.8176 99.2
      vertex 228.916 47.291 99.2
    endloop
  endfacet
  facet normal 0 0 1
    outer loop
      vertex 230.133 46.1676 99.2
      vertex 228.885 45.5853 99.2
      vertex 229.072 45.037 99.2
    endloop
  endfacet
  facet normal 0 0 1
    outer loop
      vertex 229.618 46.8176 99.2
      vertex 228.574 46.0202 99.2
      vertex 228.885 45.5853 99.2
    endloop
  endfacet
  facet normal 0 0 1
    outer loop
      vertex 228.916 47.291 99.2
      vertex 228.147 46.3353 99.2
      vertex 228.574 46.0202 99.2
    endloop
  endfacet
  facet normal 0 0 1
    outer loop
      vertex 228.045 47.5751 99.2
      vertex 228.147 46.3353 99.2
      vertex 228.916 47.291 99.2
    endloop
  endfacet
  facet normal 0 0 1
    outer loop
      vertex 228.045 47.5751 99.2
      vertex 227.614 46.5244 99.2
      vertex 228.147 46.3353 99.2
    endloop
  endfacet
  facet normal 0 0 1
    outer loop
      vertex 227.003 47.6697 99.2
      vertex 227.614 46.5244 99.2
      vertex 228.045 47.5751 99.2
    endloop
  endfacet
  facet normal 0 0 1
    outer loop
      vertex 227.003 47.6697 99.2
      vertex 226.974 46.5875 99.2
      vertex 227.614 46.5244 99.2
    endloop
  endfacet
  facet normal 0 0 1
    outer loop
      vertex 227.003 47.6697 99.2
      vertex 225.982 46.5875 99.2
      vertex 226.974 46.5875 99.2
    endloop
  endfacet
  facet normal 0 0 1
    outer loop
      vertex 225.982 46.5875 99.2
      vertex 224.582 47.6697 99.2
      vertex 225.982 42.0637 99.2
    endloop
  endfacet
  facet normal -0 0 1
    outer loop
      vertex 224.582 47.6697 99.2
      vertex 225.982 46.5875 99.2
      vertex 227.003 47.6697 99.2
    endloop
  endfacet
  facet normal 0 0 1
    outer loop
      vertex 230.138 42.5692 99.2
      vertex 228.898 43.1496 99.2
      vertex 229.83 42.0953 99.2
    endloop
  endfacet
  facet normal -0 0 1
    outer loop
      vertex 228.603 42.6855 99.2
      vertex 229.83 42.0953 99.2
      vertex 228.898 43.1496 99.2
    endloop
  endfacet
  facet normal 0 0 1
    outer loop
      vertex 229.83 42.0953 99.2
      vertex 228.603 42.6855 99.2
      vertex 229.447 41.7021 99.2
    endloop
  endfacet
  facet normal 0 0 1
    outer loop
      vertex 229.447 41.7021 99.2
      vertex 228.603 42.6855 99.2
      vertex 228.989 41.3896 99.2
    endloop
  endfacet
  facet normal -0 0 1
    outer loop
      vertex 228.207 42.34 99.2
      vertex 228.989 41.3896 99.2
      vertex 228.603 42.6855 99.2
    endloop
  endfacet
  facet normal 0 0 1
    outer loop
      vertex 228.989 41.3896 99.2
      vertex 228.207 42.34 99.2
      vertex 228.47 41.1628 99.2
    endloop
  endfacet
  facet normal -0 0 1
    outer loop
      vertex 227.729 42.1327 99.2
      vertex 228.47 41.1628 99.2
      vertex 228.207 42.34 99.2
    endloop
  endfacet
  facet normal 0 0 1
    outer loop
      vertex 228.47 41.1628 99.2
      vertex 227.729 42.1327 99.2
      vertex 227.903 41.0268 99.2
    endloop
  endfacet
  facet normal 0 0 1
    outer loop
      vertex 227.729 42.1327 99.2
      vertex 227.288 40.9814 99.2
      vertex 227.903 41.0268 99.2
    endloop
  endfacet
  facet normal -0 0 1
    outer loop
      vertex 227.169 42.0637 99.2
      vertex 227.288 40.9814 99.2
      vertex 227.729 42.1327 99.2
    endloop
  endfacet
  facet normal -0 0 1
    outer loop
      vertex 225.982 42.0637 99.2
      vertex 227.288 40.9814 99.2
      vertex 227.169 42.0637 99.2
    endloop
  endfacet
  facet normal 0 0 1
    outer loop
      vertex 225.982 42.0637 99.2
      vertex 224.582 40.9814 99.2
      vertex 227.288 40.9814 99.2
    endloop
  endfacet
  facet normal 0 0 1
    outer loop
      vertex 224.582 40.9814 99.2
      vertex 225.982 42.0637 99.2
      vertex 224.582 47.6697 99.2
    endloop
  endfacet
  facet normal 0 0 1
    outer loop
      vertex 235.535 47.6697 99.2
      vertex 232.725 46.6776 99.2
      vertex 235.535 46.6776 99.2
    endloop
  endfacet
  facet normal -0 0 1
    outer loop
      vertex 231.514 47.6697 99.2
      vertex 232.725 46.6776 99.2
      vertex 235.535 47.6697 99.2
    endloop
  endfacet
  facet normal 0 0 1
    outer loop
      vertex 231.514 47.6697 99.2
      vertex 232.616 44.9878 99.2
      vertex 232.725 46.6776 99.2
    endloop
  endfacet
  facet normal 0 0 1
    outer loop
      vertex 231.282 43.9055 99.2
      vertex 232.616 44.9878 99.2
      vertex 231.514 47.6697 99.2
    endloop
  endfacet
  facet normal 0 0 1
    outer loop
      vertex 232.616 44.9878 99.2
      vertex 231.282 43.9055 99.2
      vertex 232.582 43.9055 99.2
    endloop
  endfacet
  facet normal -0 0 1
    outer loop
      vertex 234.521 43.507 99.2
      vertex 235.924 43.2077 99.2
      vertex 235.861 43.8406 99.2
    endloop
  endfacet
  facet normal 0 0 1
    outer loop
      vertex 234.428 43.7878 99.2
      vertex 235.861 43.8406 99.2
      vertex 235.67 44.3786 99.2
    endloop
  endfacet
  facet normal 0 0 1
    outer loop
      vertex 235.924 43.2077 99.2
      vertex 234.552 43.1792 99.2
      vertex 235.851 42.5471 99.2
    endloop
  endfacet
  facet normal 0 0 1
    outer loop
      vertex 234.428 43.7878 99.2
      vertex 235.67 44.3786 99.2
      vertex 235.352 44.8216 99.2
    endloop
  endfacet
  facet normal -0 0 1
    outer loop
      vertex 234.519 42.8116 99.2
      vertex 235.851 42.5471 99.2
      vertex 234.552 43.1792 99.2
    endloop
  endfacet
  facet normal 0 0 1
    outer loop
      vertex 234.272 44.0217 99.2
      vertex 235.352 44.8216 99.2
      vertex 234.928 45.1512 99.2
    endloop
  endfacet
  facet normal 0 0 1
    outer loop
      vertex 235.851 42.5471 99.2
      vertex 234.519 42.8116 99.2
      vertex 235.63 41.983 99.2
    endloop
  endfacet
  facet normal -0 0 1
    outer loop
      vertex 234.421 42.5062 99.2
      vertex 235.63 41.983 99.2
      vertex 234.519 42.8116 99.2
    endloop
  endfacet
  facet normal 0 0 1
    outer loop
      vertex 235.924 43.2077 99.2
      vertex 234.521 43.507 99.2
      vertex 234.552 43.1792 99.2
    endloop
  endfacet
  facet normal 0 0 1
    outer loop
      vertex 235.861 43.8406 99.2
      vertex 234.428 43.7878 99.2
      vertex 234.521 43.507 99.2
    endloop
  endfacet
  facet normal 0 0 1
    outer loop
      vertex 234.061 44.1971 99.2
      vertex 234.928 45.1512 99.2
      vertex 234.42 45.349 99.2
    endloop
  endfacet
  facet normal 0 0 1
    outer loop
      vertex 235.352 44.8216 99.2
      vertex 234.272 44.0217 99.2
      vertex 234.428 43.7878 99.2
    endloop
  endfacet
  facet normal 0 0 1
    outer loop
      vertex 234.928 45.1512 99.2
      vertex 234.061 44.1971 99.2
      vertex 234.272 44.0217 99.2
    endloop
  endfacet
  facet normal 0 0 1
    outer loop
      vertex 233.8 44.3023 99.2
      vertex 234.42 45.349 99.2
      vertex 233.826 45.415 99.2
    endloop
  endfacet
  facet normal 0 0 1
    outer loop
      vertex 234.42 45.349 99.2
      vertex 233.8 44.3023 99.2
      vertex 234.061 44.1971 99.2
    endloop
  endfacet
  facet normal 0 0 1
    outer loop
      vertex 233.826 45.415 99.2
      vertex 233.489 44.3374 99.2
      vertex 233.8 44.3023 99.2
    endloop
  endfacet
  facet normal -0 0 1
    outer loop
      vertex 233.369 45.3675 99.2
      vertex 233.489 44.3374 99.2
      vertex 233.826 45.415 99.2
    endloop
  endfacet
  facet normal -0 0 1
    outer loop
      vertex 232.965 45.2251 99.2
      vertex 233.489 44.3374 99.2
      vertex 233.369 45.3675 99.2
    endloop
  endfacet
  facet normal 0 0 1
    outer loop
      vertex 233.489 44.3374 99.2
      vertex 232.965 45.2251 99.2
      vertex 233.141 44.2894 99.2
    endloop
  endfacet
  facet normal -0 0 1
    outer loop
      vertex 232.616 44.9878 99.2
      vertex 233.141 44.2894 99.2
      vertex 232.965 45.2251 99.2
    endloop
  endfacet
  facet normal 0 0 1
    outer loop
      vertex 233.141 44.2894 99.2
      vertex 232.616 44.9878 99.2
      vertex 232.839 44.1454 99.2
    endloop
  endfacet
  facet normal 0 0 1
    outer loop
      vertex 232.839 44.1454 99.2
      vertex 232.616 44.9878 99.2
      vertex 232.582 43.9055 99.2
    endloop
  endfacet
  facet normal 0 0 1
    outer loop
      vertex 235.63 41.983 99.2
      vertex 234.421 42.5062 99.2
      vertex 235.262 41.5154 99.2
    endloop
  endfacet
  facet normal -0 0 1
    outer loop
      vertex 234.256 42.263 99.2
      vertex 235.262 41.5154 99.2
      vertex 234.421 42.5062 99.2
    endloop
  endfacet
  facet normal 0 0 1
    outer loop
      vertex 235.262 41.5154 99.2
      vertex 234.256 42.263 99.2
      vertex 234.766 41.166 99.2
    endloop
  endfacet
  facet normal -0 0 1
    outer loop
      vertex 234.036 42.0863 99.2
      vertex 234.766 41.166 99.2
      vertex 234.256 42.263 99.2
    endloop
  endfacet
  facet normal 0 0 1
    outer loop
      vertex 234.766 41.166 99.2
      vertex 234.036 42.0863 99.2
      vertex 234.161 40.9564 99.2
    endloop
  endfacet
  facet normal -0 0 1
    outer loop
      vertex 233.77 41.9803 99.2
      vertex 234.161 40.9564 99.2
      vertex 234.036 42.0863 99.2
    endloop
  endfacet
  facet normal 0 0 1
    outer loop
      vertex 233.446 40.8865 99.2
      vertex 233.77 41.9803 99.2
      vertex 233.461 41.945 99.2
    endloop
  endfacet
  facet normal 0 0 1
    outer loop
      vertex 233.77 41.9803 99.2
      vertex 233.446 40.8865 99.2
      vertex 234.161 40.9564 99.2
    endloop
  endfacet
  facet normal 0 0 1
    outer loop
      vertex 233.207 41.9666 99.2
      vertex 233.446 40.8865 99.2
      vertex 233.461 41.945 99.2
    endloop
  endfacet
  facet normal 0 0 1
    outer loop
      vertex 232.82 40.9368 99.2
      vertex 233.207 41.9666 99.2
      vertex 232.984 42.0315 99.2
    endloop
  endfacet
  facet normal 0 0 1
    outer loop
      vertex 233.207 41.9666 99.2
      vertex 232.82 40.9368 99.2
      vertex 233.446 40.8865 99.2
    endloop
  endfacet
  facet normal 0 0 1
    outer loop
      vertex 232.283 41.0879 99.2
      vertex 232.984 42.0315 99.2
      vertex 232.791 42.1396 99.2
    endloop
  endfacet
  facet normal 0 0 1
    outer loop
      vertex 231.835 41.3398 99.2
      vertex 232.791 42.1396 99.2
      vertex 232.632 42.2952 99.2
    endloop
  endfacet
  facet normal 0 0 1
    outer loop
      vertex 231.483 41.6871 99.2
      vertex 232.632 42.2952 99.2
      vertex 232.509 42.5025 99.2
    endloop
  endfacet
  facet normal 0 0 1
    outer loop
      vertex 231.234 42.1246 99.2
      vertex 232.509 42.5025 99.2
      vertex 232.421 42.7615 99.2
    endloop
  endfacet
  facet normal 0 0 1
    outer loop
      vertex 232.984 42.0315 99.2
      vertex 232.283 41.0879 99.2
      vertex 232.82 40.9368 99.2
    endloop
  endfacet
  facet normal 0 0 1
    outer loop
      vertex 232.791 42.1396 99.2
      vertex 231.835 41.3398 99.2
      vertex 232.283 41.0879 99.2
    endloop
  endfacet
  facet normal 0 0 1
    outer loop
      vertex 232.632 42.2952 99.2
      vertex 231.483 41.6871 99.2
      vertex 231.835 41.3398 99.2
    endloop
  endfacet
  facet normal 0 0 1
    outer loop
      vertex 232.509 42.5025 99.2
      vertex 231.234 42.1246 99.2
      vertex 231.483 41.6871 99.2
    endloop
  endfacet
  facet normal 0 -0 1
    outer loop
      vertex 231.234 42.1246 99.2
      vertex 232.421 42.7615 99.2
      vertex 231.087 42.6523 99.2
    endloop
  endfacet
  facet normal -0.233243 0.972418 0
    outer loop
      vertex 228.47 41.1628 99.2
      vertex 227.903 41.0268 100
      vertex 228.47 41.1628 100
    endloop
  endfacet
  facet normal -0.233243 0.972418 0
    outer loop
      vertex 227.903 41.0268 100
      vertex 228.47 41.1628 99.2
      vertex 227.903 41.0268 99.2
    endloop
  endfacet
  facet normal -0.40043 0.916327 0
    outer loop
      vertex 228.989 41.3896 99.2
      vertex 228.47 41.1628 100
      vertex 228.989 41.3896 100
    endloop
  endfacet
  facet normal -0.40043 0.916327 0
    outer loop
      vertex 228.47 41.1628 100
      vertex 228.989 41.3896 99.2
      vertex 228.47 41.1628 99.2
    endloop
  endfacet
  facet normal -0.563617 0.826037 0
    outer loop
      vertex 229.447 41.7021 99.2
      vertex 228.989 41.3896 100
      vertex 229.447 41.7021 100
    endloop
  endfacet
  facet normal -0.563617 0.826037 0
    outer loop
      vertex 228.989 41.3896 100
      vertex 229.447 41.7021 99.2
      vertex 228.989 41.3896 99.2
    endloop
  endfacet
  facet normal -0.716337 0.697754 0
    outer loop
      vertex 229.447 41.7021 99.2
      vertex 229.83 42.0953 100
      vertex 229.83 42.0953 99.2
    endloop
  endfacet
  facet normal -0.716337 0.697754 0
    outer loop
      vertex 229.83 42.0953 100
      vertex 229.447 41.7021 99.2
      vertex 229.447 41.7021 100
    endloop
  endfacet
  facet normal -0.838472 0.544945 0
    outer loop
      vertex 229.83 42.0953 99.2
      vertex 230.138 42.5692 100
      vertex 230.138 42.5692 99.2
    endloop
  endfacet
  facet normal -0.838472 0.544945 0
    outer loop
      vertex 230.138 42.5692 100
      vertex 229.83 42.0953 99.2
      vertex 229.83 42.0953 100
    endloop
  endfacet
  facet normal -0.923353 0.383952 0
    outer loop
      vertex 230.138 42.5692 99.2
      vertex 230.364 43.1127 100
      vertex 230.364 43.1127 99.2
    endloop
  endfacet
  facet normal -0.923353 0.383952 0
    outer loop
      vertex 230.364 43.1127 100
      vertex 230.138 42.5692 99.2
      vertex 230.138 42.5692 100
    endloop
  endfacet
  facet normal -0.975773 0.218783 0
    outer loop
      vertex 230.364 43.1127 99.2
      vertex 230.499 43.7148 100
      vertex 230.499 43.7148 99.2
    endloop
  endfacet
  facet normal -0.975773 0.218783 0
    outer loop
      vertex 230.499 43.7148 100
      vertex 230.364 43.1127 99.2
      vertex 230.364 43.1127 100
    endloop
  endfacet
  facet normal -0.997688 0.0679624 0
    outer loop
      vertex 230.499 43.7148 99.2
      vertex 230.544 44.3754 100
      vertex 230.544 44.3754 99.2
    endloop
  endfacet
  facet normal -0.997688 0.0679624 0
    outer loop
      vertex 230.544 44.3754 100
      vertex 230.499 43.7148 99.2
      vertex 230.499 43.7148 100
    endloop
  endfacet
  facet normal -0.994501 -0.104727 0
    outer loop
      vertex 230.544 44.3754 99.2
      vertex 230.441 45.3535 100
      vertex 230.441 45.3535 99.2
    endloop
  endfacet
  facet normal -0.994501 -0.104727 0
    outer loop
      vertex 230.441 45.3535 100
      vertex 230.544 44.3754 99.2
      vertex 230.544 44.3754 100
    endloop
  endfacet
  facet normal -0.935301 -0.353854 0
    outer loop
      vertex 230.441 45.3535 99.2
      vertex 230.133 46.1676 100
      vertex 230.133 46.1676 99.2
    endloop
  endfacet
  facet normal -0.935301 -0.353854 0
    outer loop
      vertex 230.133 46.1676 100
      vertex 230.441 45.3535 99.2
      vertex 230.441 45.3535 100
    endloop
  endfacet
  facet normal -0.783801 -0.621012 0
    outer loop
      vertex 230.133 46.1676 99.2
      vertex 229.618 46.8176 100
      vertex 229.618 46.8176 99.2
    endloop
  endfacet
  facet normal -0.783801 -0.621012 0
    outer loop
      vertex 229.618 46.8176 100
      vertex 230.133 46.1676 99.2
      vertex 230.133 46.1676 100
    endloop
  endfacet
  facet normal -0.559108 -0.829095 0
    outer loop
      vertex 228.916 47.291 99.2
      vertex 229.618 46.8176 100
      vertex 228.916 47.291 100
    endloop
  endfacet
  facet normal -0.559108 -0.829095 -0
    outer loop
      vertex 229.618 46.8176 100
      vertex 228.916 47.291 99.2
      vertex 229.618 46.8176 99.2
    endloop
  endfacet
  facet normal -0.310098 -0.950705 0
    outer loop
      vertex 228.045 47.5751 99.2
      vertex 228.916 47.291 100
      vertex 228.045 47.5751 100
    endloop
  endfacet
  facet normal -0.310098 -0.950705 -0
    outer loop
      vertex 228.916 47.291 100
      vertex 228.045 47.5751 99.2
      vertex 228.916 47.291 99.2
    endloop
  endfacet
  facet normal -0.0904151 -0.995904 0
    outer loop
      vertex 227.003 47.6697 99.2
      vertex 228.045 47.5751 100
      vertex 227.003 47.6697 100
    endloop
  endfacet
  facet normal -0.0904151 -0.995904 -0
    outer loop
      vertex 228.045 47.5751 100
      vertex 227.003 47.6697 99.2
      vertex 228.045 47.5751 99.2
    endloop
  endfacet
  facet normal 0 -1 0
    outer loop
      vertex 224.582 47.6697 99.2
      vertex 227.003 47.6697 100
      vertex 224.582 47.6697 100
    endloop
  endfacet
  facet normal 0 -1 -0
    outer loop
      vertex 227.003 47.6697 100
      vertex 224.582 47.6697 99.2
      vertex 227.003 47.6697 99.2
    endloop
  endfacet
  facet normal 1 -0 0
    outer loop
      vertex 224.582 40.9814 100
      vertex 224.582 47.6697 99.2
      vertex 224.582 47.6697 100
    endloop
  endfacet
  facet normal 1 0 0
    outer loop
      vertex 224.582 47.6697 99.2
      vertex 224.582 40.9814 100
      vertex 224.582 40.9814 99.2
    endloop
  endfacet
  facet normal 0 1 -0
    outer loop
      vertex 227.288 40.9814 99.2
      vertex 224.582 40.9814 100
      vertex 227.288 40.9814 100
    endloop
  endfacet
  facet normal 0 1 0
    outer loop
      vertex 224.582 40.9814 100
      vertex 227.288 40.9814 99.2
      vertex 224.582 40.9814 99.2
    endloop
  endfacet
  facet normal -0.0736208 0.997286 0
    outer loop
      vertex 227.903 41.0268 99.2
      vertex 227.288 40.9814 100
      vertex 227.903 41.0268 100
    endloop
  endfacet
  facet normal -0.0736208 0.997286 0
    outer loop
      vertex 227.288 40.9814 100
      vertex 227.903 41.0268 99.2
      vertex 227.288 40.9814 99.2
    endloop
  endfacet
  facet normal -1 0 0
    outer loop
      vertex 225.982 42.0637 99.2
      vertex 225.982 46.5875 100
      vertex 225.982 46.5875 99.2
    endloop
  endfacet
  facet normal -1 -0 0
    outer loop
      vertex 225.982 46.5875 100
      vertex 225.982 42.0637 99.2
      vertex 225.982 42.0637 100
    endloop
  endfacet
  facet normal 0 1 -0
    outer loop
      vertex 226.974 46.5875 99.2
      vertex 225.982 46.5875 100
      vertex 226.974 46.5875 100
    endloop
  endfacet
  facet normal 0 1 0
    outer loop
      vertex 225.982 46.5875 100
      vertex 226.974 46.5875 99.2
      vertex 225.982 46.5875 99.2
    endloop
  endfacet
  facet normal 0.098118 0.995175 -0
    outer loop
      vertex 227.614 46.5244 99.2
      vertex 226.974 46.5875 100
      vertex 227.614 46.5244 100
    endloop
  endfacet
  facet normal 0.098118 0.995175 0
    outer loop
      vertex 226.974 46.5875 100
      vertex 227.614 46.5244 99.2
      vertex 226.974 46.5875 99.2
    endloop
  endfacet
  facet normal 0.334364 0.942444 -0
    outer loop
      vertex 228.147 46.3353 99.2
      vertex 227.614 46.5244 100
      vertex 228.147 46.3353 100
    endloop
  endfacet
  facet normal 0.334364 0.942444 0
    outer loop
      vertex 227.614 46.5244 100
      vertex 228.147 46.3353 99.2
      vertex 227.614 46.5244 99.2
    endloop
  endfacet
  facet normal 0.593771 0.804634 -0
    outer loop
      vertex 228.574 46.0202 99.2
      vertex 228.147 46.3353 100
      vertex 228.574 46.0202 100
    endloop
  endfacet
  facet normal 0.593771 0.804634 0
    outer loop
      vertex 228.147 46.3353 100
      vertex 228.574 46.0202 99.2
      vertex 228.147 46.3353 99.2
    endloop
  endfacet
  facet normal 0.813417 0.58168 0
    outer loop
      vertex 228.885 45.5853 100
      vertex 228.574 46.0202 99.2
      vertex 228.574 46.0202 100
    endloop
  endfacet
  facet normal 0.813417 0.58168 0
    outer loop
      vertex 228.574 46.0202 99.2
      vertex 228.885 45.5853 100
      vertex 228.885 45.5853 99.2
    endloop
  endfacet
  facet normal 0.946468 0.322797 0
    outer loop
      vertex 229.072 45.037 100
      vertex 228.885 45.5853 99.2
      vertex 228.885 45.5853 100
    endloop
  endfacet
  facet normal 0.946468 0.322797 0
    outer loop
      vertex 228.885 45.5853 99.2
      vertex 229.072 45.037 100
      vertex 229.072 45.037 99.2
    endloop
  endfacet
  facet normal 0.995638 0.0933034 0
    outer loop
      vertex 229.134 44.3754 100
      vertex 229.072 45.037 99.2
      vertex 229.072 45.037 100
    endloop
  endfacet
  facet normal 0.995638 0.0933034 0
    outer loop
      vertex 229.072 45.037 99.2
      vertex 229.134 44.3754 100
      vertex 229.134 44.3754 99.2
    endloop
  endfacet
  facet normal 0.996058 -0.0887055 0
    outer loop
      vertex 229.075 43.7129 100
      vertex 229.134 44.3754 99.2
      vertex 229.134 44.3754 100
    endloop
  endfacet
  facet normal 0.996058 -0.0887055 0
    outer loop
      vertex 229.134 44.3754 99.2
      vertex 229.075 43.7129 100
      vertex 229.075 43.7129 99.2
    endloop
  endfacet
  facet normal 0.954012 -0.299769 0
    outer loop
      vertex 228.898 43.1496 100
      vertex 229.075 43.7129 99.2
      vertex 229.075 43.7129 100
    endloop
  endfacet
  facet normal 0.954012 -0.299769 0
    outer loop
      vertex 229.075 43.7129 99.2
      vertex 228.898 43.1496 100
      vertex 228.898 43.1496 99.2
    endloop
  endfacet
  facet normal 0.843938 -0.53644 0
    outer loop
      vertex 228.603 42.6855 100
      vertex 228.898 43.1496 99.2
      vertex 228.898 43.1496 100
    endloop
  endfacet
  facet normal 0.843938 -0.53644 0
    outer loop
      vertex 228.898 43.1496 99.2
      vertex 228.603 42.6855 100
      vertex 228.603 42.6855 99.2
    endloop
  endfacet
  facet normal 0.657426 -0.753519 0
    outer loop
      vertex 228.207 42.34 99.2
      vertex 228.603 42.6855 100
      vertex 228.207 42.34 100
    endloop
  endfacet
  facet normal 0.657426 -0.753519 0
    outer loop
      vertex 228.603 42.6855 100
      vertex 228.207 42.34 99.2
      vertex 228.603 42.6855 99.2
    endloop
  endfacet
  facet normal 0.397877 -0.917439 0
    outer loop
      vertex 227.729 42.1327 99.2
      vertex 228.207 42.34 100
      vertex 227.729 42.1327 100
    endloop
  endfacet
  facet normal 0.397877 -0.917439 0
    outer loop
      vertex 228.207 42.34 100
      vertex 227.729 42.1327 99.2
      vertex 228.207 42.34 99.2
    endloop
  endfacet
  facet normal 0.122289 -0.992494 0
    outer loop
      vertex 227.169 42.0637 99.2
      vertex 227.729 42.1327 100
      vertex 227.169 42.0637 100
    endloop
  endfacet
  facet normal 0.122289 -0.992494 0
    outer loop
      vertex 227.729 42.1327 100
      vertex 227.169 42.0637 99.2
      vertex 227.729 42.1327 99.2
    endloop
  endfacet
  facet normal 0 -1 0
    outer loop
      vertex 225.982 42.0637 99.2
      vertex 227.169 42.0637 100
      vertex 225.982 42.0637 100
    endloop
  endfacet
  facet normal 0 -1 -0
    outer loop
      vertex 227.169 42.0637 100
      vertex 225.982 42.0637 99.2
      vertex 227.169 42.0637 99.2
    endloop
  endfacet
  facet normal -0.327357 0.944901 0
    outer loop
      vertex 234.766 41.166 99.2
      vertex 234.161 40.9564 100
      vertex 234.766 41.166 100
    endloop
  endfacet
  facet normal -0.327357 0.944901 0
    outer loop
      vertex 234.161 40.9564 100
      vertex 234.766 41.166 99.2
      vertex 234.161 40.9564 99.2
    endloop
  endfacet
  facet normal -0.575893 0.817525 0
    outer loop
      vertex 235.262 41.5154 99.2
      vertex 234.766 41.166 100
      vertex 235.262 41.5154 100
    endloop
  endfacet
  facet normal -0.575893 0.817525 0
    outer loop
      vertex 234.766 41.166 100
      vertex 235.262 41.5154 99.2
      vertex 234.766 41.166 99.2
    endloop
  endfacet
  facet normal -0.785828 0.618445 0
    outer loop
      vertex 235.262 41.5154 99.2
      vertex 235.63 41.983 100
      vertex 235.63 41.983 99.2
    endloop
  endfacet
  facet normal -0.785828 0.618445 0
    outer loop
      vertex 235.63 41.983 100
      vertex 235.262 41.5154 99.2
      vertex 235.262 41.5154 100
    endloop
  endfacet
  facet normal -0.931094 0.364779 0
    outer loop
      vertex 235.63 41.983 99.2
      vertex 235.851 42.5471 100
      vertex 235.851 42.5471 99.2
    endloop
  endfacet
  facet normal -0.931094 0.364779 0
    outer loop
      vertex 235.851 42.5471 100
      vertex 235.63 41.983 99.2
      vertex 235.63 41.983 100
    endloop
  endfacet
  facet normal -0.99395 0.109837 0
    outer loop
      vertex 235.851 42.5471 99.2
      vertex 235.924 43.2077 100
      vertex 235.924 43.2077 99.2
    endloop
  endfacet
  facet normal -0.99395 0.109837 0
    outer loop
      vertex 235.924 43.2077 100
      vertex 235.851 42.5471 99.2
      vertex 235.851 42.5471 100
    endloop
  endfacet
  facet normal -0.995082 -0.0990523 0
    outer loop
      vertex 235.924 43.2077 99.2
      vertex 235.861 43.8406 100
      vertex 235.861 43.8406 99.2
    endloop
  endfacet
  facet normal -0.995082 -0.0990523 0
    outer loop
      vertex 235.861 43.8406 100
      vertex 235.924 43.2077 99.2
      vertex 235.924 43.2077 100
    endloop
  endfacet
  facet normal -0.942374 -0.33456 0
    outer loop
      vertex 235.861 43.8406 99.2
      vertex 235.67 44.3786 100
      vertex 235.67 44.3786 99.2
    endloop
  endfacet
  facet normal -0.942374 -0.33456 0
    outer loop
      vertex 235.67 44.3786 100
      vertex 235.861 43.8406 99.2
      vertex 235.861 43.8406 100
    endloop
  endfacet
  facet normal -0.812368 -0.583145 0
    outer loop
      vertex 235.67 44.3786 99.2
      vertex 235.352 44.8216 100
      vertex 235.352 44.8216 99.2
    endloop
  endfacet
  facet normal -0.812368 -0.583145 0
    outer loop
      vertex 235.352 44.8216 100
      vertex 235.67 44.3786 99.2
      vertex 235.67 44.3786 100
    endloop
  endfacet
  facet normal -0.613734 -0.789513 0
    outer loop
      vertex 234.928 45.1512 99.2
      vertex 235.352 44.8216 100
      vertex 234.928 45.1512 100
    endloop
  endfacet
  facet normal -0.613734 -0.789513 -0
    outer loop
      vertex 235.352 44.8216 100
      vertex 234.928 45.1512 99.2
      vertex 235.352 44.8216 99.2
    endloop
  endfacet
  facet normal -0.362836 -0.931853 0
    outer loop
      vertex 234.42 45.349 99.2
      vertex 234.928 45.1512 100
      vertex 234.42 45.349 100
    endloop
  endfacet
  facet normal -0.362836 -0.931853 -0
    outer loop
      vertex 234.928 45.1512 100
      vertex 234.42 45.349 99.2
      vertex 234.928 45.1512 99.2
    endloop
  endfacet
  facet normal -0.110432 -0.993884 0
    outer loop
      vertex 233.826 45.415 99.2
      vertex 234.42 45.349 100
      vertex 233.826 45.415 100
    endloop
  endfacet
  facet normal -0.110432 -0.993884 -0
    outer loop
      vertex 234.42 45.349 100
      vertex 233.826 45.415 99.2
      vertex 234.42 45.349 99.2
    endloop
  endfacet
  facet normal 0.103382 -0.994642 0
    outer loop
      vertex 233.369 45.3675 99.2
      vertex 233.826 45.415 100
      vertex 233.369 45.3675 100
    endloop
  endfacet
  facet normal 0.103382 -0.994642 0
    outer loop
      vertex 233.826 45.415 100
      vertex 233.369 45.3675 99.2
      vertex 233.826 45.415 99.2
    endloop
  endfacet
  facet normal 0.332429 -0.943128 0
    outer loop
      vertex 232.965 45.2251 99.2
      vertex 233.369 45.3675 100
      vertex 232.965 45.2251 100
    endloop
  endfacet
  facet normal 0.332429 -0.943128 0
    outer loop
      vertex 233.369 45.3675 100
      vertex 232.965 45.2251 99.2
      vertex 233.369 45.3675 99.2
    endloop
  endfacet
  facet normal 0.562278 -0.826949 0
    outer loop
      vertex 232.616 44.9878 99.2
      vertex 232.965 45.2251 100
      vertex 232.616 44.9878 100
    endloop
  endfacet
  facet normal 0.562278 -0.826949 0
    outer loop
      vertex 232.965 45.2251 100
      vertex 232.616 44.9878 99.2
      vertex 232.965 45.2251 99.2
    endloop
  endfacet
  facet normal -0.997926 0.0643709 0
    outer loop
      vertex 232.616 44.9878 99.2
      vertex 232.725 46.6776 100
      vertex 232.725 46.6776 99.2
    endloop
  endfacet
  facet normal -0.997926 0.0643709 0
    outer loop
      vertex 232.725 46.6776 100
      vertex 232.616 44.9878 99.2
      vertex 232.616 44.9878 100
    endloop
  endfacet
  facet normal 0 1 -0
    outer loop
      vertex 235.535 46.6776 99.2
      vertex 232.725 46.6776 100
      vertex 235.535 46.6776 100
    endloop
  endfacet
  facet normal 0 1 0
    outer loop
      vertex 232.725 46.6776 100
      vertex 235.535 46.6776 99.2
      vertex 232.725 46.6776 99.2
    endloop
  endfacet
  facet normal -1 0 0
    outer loop
      vertex 235.535 46.6776 99.2
      vertex 235.535 47.6697 100
      vertex 235.535 47.6697 99.2
    endloop
  endfacet
  facet normal -1 -0 0
    outer loop
      vertex 235.535 47.6697 100
      vertex 235.535 46.6776 99.2
      vertex 235.535 46.6776 100
    endloop
  endfacet
  facet normal 0 -1 0
    outer loop
      vertex 231.514 47.6697 99.2
      vertex 235.535 47.6697 100
      vertex 231.514 47.6697 100
    endloop
  endfacet
  facet normal 0 -1 -0
    outer loop
      vertex 235.535 47.6697 100
      vertex 231.514 47.6697 99.2
      vertex 235.535 47.6697 99.2
    endloop
  endfacet
  facet normal 0.998106 -0.0615166 0
    outer loop
      vertex 231.282 43.9055 100
      vertex 231.514 47.6697 99.2
      vertex 231.514 47.6697 100
    endloop
  endfacet
  facet normal 0.998106 -0.0615166 0
    outer loop
      vertex 231.514 47.6697 99.2
      vertex 231.282 43.9055 100
      vertex 231.282 43.9055 99.2
    endloop
  endfacet
  facet normal 0 1 -0
    outer loop
      vertex 232.582 43.9055 99.2
      vertex 231.282 43.9055 100
      vertex 232.582 43.9055 100
    endloop
  endfacet
  facet normal 0 1 0
    outer loop
      vertex 231.282 43.9055 100
      vertex 232.582 43.9055 99.2
      vertex 231.282 43.9055 99.2
    endloop
  endfacet
  facet normal -0.682369 0.731008 0
    outer loop
      vertex 232.839 44.1454 99.2
      vertex 232.582 43.9055 100
      vertex 232.839 44.1454 100
    endloop
  endfacet
  facet normal -0.682369 0.731008 0
    outer loop
      vertex 232.582 43.9055 100
      vertex 232.839 44.1454 99.2
      vertex 232.582 43.9055 99.2
    endloop
  endfacet
  facet normal -0.430398 0.902639 0
    outer loop
      vertex 233.141 44.2894 99.2
      vertex 232.839 44.1454 100
      vertex 233.141 44.2894 100
    endloop
  endfacet
  facet normal -0.430398 0.902639 0
    outer loop
      vertex 232.839 44.1454 100
      vertex 233.141 44.2894 99.2
      vertex 232.839 44.1454 99.2
    endloop
  endfacet
  facet normal -0.136637 0.990621 0
    outer loop
      vertex 233.489 44.3374 99.2
      vertex 233.141 44.2894 100
      vertex 233.489 44.3374 100
    endloop
  endfacet
  facet normal -0.136637 0.990621 0
    outer loop
      vertex 233.141 44.2894 100
      vertex 233.489 44.3374 99.2
      vertex 233.141 44.2894 99.2
    endloop
  endfacet
  facet normal 0.11215 0.993691 -0
    outer loop
      vertex 233.8 44.3023 99.2
      vertex 233.489 44.3374 100
      vertex 233.8 44.3023 100
    endloop
  endfacet
  facet normal 0.11215 0.993691 0
    outer loop
      vertex 233.489 44.3374 100
      vertex 233.8 44.3023 99.2
      vertex 233.489 44.3374 99.2
    endloop
  endfacet
  facet normal 0.37384 0.927493 -0
    outer loop
      vertex 234.061 44.1971 99.2
      vertex 233.8 44.3023 100
      vertex 234.061 44.1971 100
    endloop
  endfacet
  facet normal 0.37384 0.927493 0
    outer loop
      vertex 233.8 44.3023 100
      vertex 234.061 44.1971 99.2
      vertex 233.8 44.3023 99.2
    endloop
  endfacet
  facet normal 0.639252 0.768997 -0
    outer loop
      vertex 234.272 44.0217 99.2
      vertex 234.061 44.1971 100
      vertex 234.272 44.0217 100
    endloop
  endfacet
  facet normal 0.639252 0.768997 0
    outer loop
      vertex 234.061 44.1971 100
      vertex 234.272 44.0217 99.2
      vertex 234.061 44.1971 99.2
    endloop
  endfacet
  facet normal 0.831941 0.554864 0
    outer loop
      vertex 234.428 43.7878 100
      vertex 234.272 44.0217 99.2
      vertex 234.272 44.0217 100
    endloop
  endfacet
  facet normal 0.831941 0.554864 0
    outer loop
      vertex 234.272 44.0217 99.2
      vertex 234.428 43.7878 100
      vertex 234.428 43.7878 99.2
    endloop
  endfacet
  facet normal 0.94929 0.314402 0
    outer loop
      vertex 234.521 43.507 100
      vertex 234.428 43.7878 99.2
      vertex 234.428 43.7878 100
    endloop
  endfacet
  facet normal 0.94929 0.314402 0
    outer loop
      vertex 234.428 43.7878 99.2
      vertex 234.521 43.507 100
      vertex 234.521 43.507 99.2
    endloop
  endfacet
  facet normal 0.995558 0.0941498 0
    outer loop
      vertex 234.552 43.1792 100
      vertex 234.521 43.507 99.2
      vertex 234.521 43.507 100
    endloop
  endfacet
  facet normal 0.995558 0.0941498 0
    outer loop
      vertex 234.521 43.507 99.2
      vertex 234.552 43.1792 100
      vertex 234.552 43.1792 99.2
    endloop
  endfacet
  facet normal 0.995995 -0.0894119 0
    outer loop
      vertex 234.519 42.8116 100
      vertex 234.552 43.1792 99.2
      vertex 234.552 43.1792 100
    endloop
  endfacet
  facet normal 0.995995 -0.0894119 0
    outer loop
      vertex 234.552 43.1792 99.2
      vertex 234.519 42.8116 100
      vertex 234.519 42.8116 99.2
    endloop
  endfacet
  facet normal 0.952178 -0.305545 0
    outer loop
      vertex 234.421 42.5062 100
      vertex 234.519 42.8116 99.2
      vertex 234.519 42.8116 100
    endloop
  endfacet
  facet normal 0.952178 -0.305545 0
    outer loop
      vertex 234.519 42.8116 99.2
      vertex 234.421 42.5062 100
      vertex 234.421 42.5062 99.2
    endloop
  endfacet
  facet normal 0.827521 -0.561435 0
    outer loop
      vertex 234.256 42.263 100
      vertex 234.421 42.5062 99.2
      vertex 234.421 42.5062 100
    endloop
  endfacet
  facet normal 0.827521 -0.561435 0
    outer loop
      vertex 234.421 42.5062 99.2
      vertex 234.256 42.263 100
      vertex 234.256 42.263 99.2
    endloop
  endfacet
  facet normal 0.626207 -0.779657 0
    outer loop
      vertex 234.036 42.0863 99.2
      vertex 234.256 42.263 100
      vertex 234.036 42.0863 100
    endloop
  endfacet
  facet normal 0.626207 -0.779657 0
    outer loop
      vertex 234.256 42.263 100
      vertex 234.036 42.0863 99.2
      vertex 234.256 42.263 99.2
    endloop
  endfacet
  facet normal 0.370186 -0.928958 0
    outer loop
      vertex 233.77 41.9803 99.2
      vertex 234.036 42.0863 100
      vertex 233.77 41.9803 100
    endloop
  endfacet
  facet normal 0.370186 -0.928958 0
    outer loop
      vertex 234.036 42.0863 100
      vertex 233.77 41.9803 99.2
      vertex 234.036 42.0863 99.2
    endloop
  endfacet
  facet normal 0.113501 -0.993538 0
    outer loop
      vertex 233.461 41.945 99.2
      vertex 233.77 41.9803 100
      vertex 233.461 41.945 100
    endloop
  endfacet
  facet normal 0.113501 -0.993538 0
    outer loop
      vertex 233.77 41.9803 100
      vertex 233.461 41.945 99.2
      vertex 233.77 41.9803 99.2
    endloop
  endfacet
  facet normal -0.0847335 -0.996404 0
    outer loop
      vertex 233.207 41.9666 99.2
      vertex 233.461 41.945 100
      vertex 233.207 41.9666 100
    endloop
  endfacet
  facet normal -0.0847335 -0.996404 -0
    outer loop
      vertex 233.461 41.945 100
      vertex 233.207 41.9666 99.2
      vertex 233.461 41.945 99.2
    endloop
  endfacet
  facet normal -0.279438 -0.960164 0
    outer loop
      vertex 232.984 42.0315 99.2
      vertex 233.207 41.9666 100
      vertex 232.984 42.0315 100
    endloop
  endfacet
  facet normal -0.279438 -0.960164 -0
    outer loop
      vertex 233.207 41.9666 100
      vertex 232.984 42.0315 99.2
      vertex 233.207 41.9666 99.2
    endloop
  endfacet
  facet normal -0.488672 -0.872467 0
    outer loop
      vertex 232.791 42.1396 99.2
      vertex 232.984 42.0315 100
      vertex 232.791 42.1396 100
    endloop
  endfacet
  facet normal -0.488672 -0.872467 -0
    outer loop
      vertex 232.984 42.0315 100
      vertex 232.791 42.1396 99.2
      vertex 232.984 42.0315 99.2
    endloop
  endfacet
  facet normal -0.699424 -0.714707 0
    outer loop
      vertex 232.632 42.2952 99.2
      vertex 232.791 42.1396 100
      vertex 232.632 42.2952 100
    endloop
  endfacet
  facet normal -0.699424 -0.714707 -0
    outer loop
      vertex 232.791 42.1396 100
      vertex 232.632 42.2952 99.2
      vertex 232.791 42.1396 99.2
    endloop
  endfacet
  facet normal -0.860008 -0.51028 0
    outer loop
      vertex 232.632 42.2952 99.2
      vertex 232.509 42.5025 100
      vertex 232.509 42.5025 99.2
    endloop
  endfacet
  facet normal -0.860008 -0.51028 0
    outer loop
      vertex 232.509 42.5025 100
      vertex 232.632 42.2952 99.2
      vertex 232.632 42.2952 100
    endloop
  endfacet
  facet normal -0.94684 -0.321706 0
    outer loop
      vertex 232.509 42.5025 99.2
      vertex 232.421 42.7615 100
      vertex 232.421 42.7615 99.2
    endloop
  endfacet
  facet normal -0.94684 -0.321706 0
    outer loop
      vertex 232.421 42.7615 100
      vertex 232.509 42.5025 99.2
      vertex 232.509 42.5025 100
    endloop
  endfacet
  facet normal 0.0815862 -0.996666 0
    outer loop
      vertex 231.087 42.6523 99.2
      vertex 232.421 42.7615 100
      vertex 231.087 42.6523 100
    endloop
  endfacet
  facet normal 0.0815862 -0.996666 0
    outer loop
      vertex 232.421 42.7615 100
      vertex 231.087 42.6523 99.2
      vertex 232.421 42.7615 99.2
    endloop
  endfacet
  facet normal 0.963322 0.26835 0
    outer loop
      vertex 231.234 42.1246 100
      vertex 231.087 42.6523 99.2
      vertex 231.087 42.6523 100
    endloop
  endfacet
  facet normal 0.963322 0.26835 0
    outer loop
      vertex 231.087 42.6523 99.2
      vertex 231.234 42.1246 100
      vertex 231.234 42.1246 99.2
    endloop
  endfacet
  facet normal 0.869098 0.494641 0
    outer loop
      vertex 231.483 41.6871 100
      vertex 231.234 42.1246 99.2
      vertex 231.234 42.1246 100
    endloop
  endfacet
  facet normal 0.869098 0.494641 0
    outer loop
      vertex 231.234 42.1246 99.2
      vertex 231.483 41.6871 100
      vertex 231.483 41.6871 99.2
    endloop
  endfacet
  facet normal 0.702338 0.711843 -0
    outer loop
      vertex 231.835 41.3398 99.2
      vertex 231.483 41.6871 100
      vertex 231.835 41.3398 100
    endloop
  endfacet
  facet normal 0.702338 0.711843 0
    outer loop
      vertex 231.483 41.6871 100
      vertex 231.835 41.3398 99.2
      vertex 231.483 41.6871 99.2
    endloop
  endfacet
  facet normal 0.490113 0.871659 -0
    outer loop
      vertex 232.283 41.0879 99.2
      vertex 231.835 41.3398 100
      vertex 232.283 41.0879 100
    endloop
  endfacet
  facet normal 0.490113 0.871659 0
    outer loop
      vertex 231.835 41.3398 100
      vertex 232.283 41.0879 99.2
      vertex 231.835 41.3398 99.2
    endloop
  endfacet
  facet normal 0.27086 0.962619 -0
    outer loop
      vertex 232.82 40.9368 99.2
      vertex 232.283 41.0879 100
      vertex 232.82 40.9368 100
    endloop
  endfacet
  facet normal 0.27086 0.962619 0
    outer loop
      vertex 232.283 41.0879 100
      vertex 232.82 40.9368 99.2
      vertex 232.283 41.0879 99.2
    endloop
  endfacet
  facet normal 0.0800933 0.996787 -0
    outer loop
      vertex 233.446 40.8865 99.2
      vertex 232.82 40.9368 100
      vertex 233.446 40.8865 100
    endloop
  endfacet
  facet normal 0.0800933 0.996787 0
    outer loop
      vertex 232.82 40.9368 100
      vertex 233.446 40.8865 99.2
      vertex 232.82 40.9368 99.2
    endloop
  endfacet
  facet normal -0.0972984 0.995255 0
    outer loop
      vertex 234.161 40.9564 99.2
      vertex 233.446 40.8865 100
      vertex 234.161 40.9564 100
    endloop
  endfacet
  facet normal -0.0972984 0.995255 0
    outer loop
      vertex 233.446 40.8865 100
      vertex 234.161 40.9564 99.2
      vertex 233.446 40.8865 99.2
    endloop
  endfacet
  facet normal 0 0 1
    outer loop
      vertex 262.103 160.349 99.2
      vertex 258.244 159.267 99.2
      vertex 262.103 159.267 99.2
    endloop
  endfacet
  facet normal 0 0 1
    outer loop
      vertex 256.844 160.349 99.2
      vertex 258.244 157.586 99.2
      vertex 258.244 159.267 99.2
    endloop
  endfacet
  facet normal 0 0 1
    outer loop
      vertex 258.244 157.586 99.2
      vertex 256.844 160.349 99.2
      vertex 258.244 156.504 99.2
    endloop
  endfacet
  facet normal 0 0 1
    outer loop
      vertex 256.844 153.66 99.2
      vertex 258.244 156.504 99.2
      vertex 256.844 160.349 99.2
    endloop
  endfacet
  facet normal -0 0 1
    outer loop
      vertex 256.844 160.349 99.2
      vertex 258.244 159.267 99.2
      vertex 262.103 160.349 99.2
    endloop
  endfacet
  facet normal -0 0 1
    outer loop
      vertex 258.244 157.586 99.2
      vertex 261.814 156.504 99.2
      vertex 261.814 157.586 99.2
    endloop
  endfacet
  facet normal 0 0 1
    outer loop
      vertex 261.814 156.504 99.2
      vertex 258.244 157.586 99.2
      vertex 258.244 156.504 99.2
    endloop
  endfacet
  facet normal -0 0 1
    outer loop
      vertex 258.244 154.743 99.2
      vertex 262.298 153.66 99.2
      vertex 262.298 154.743 99.2
    endloop
  endfacet
  facet normal 0 0 1
    outer loop
      vertex 258.244 154.743 99.2
      vertex 256.844 153.66 99.2
      vertex 262.298 153.66 99.2
    endloop
  endfacet
  facet normal 0 0 1
    outer loop
      vertex 258.244 156.504 99.2
      vertex 256.844 153.66 99.2
      vertex 258.244 154.743 99.2
    endloop
  endfacet
  facet normal 0 0 1
    outer loop
      vertex 267.273 160.349 99.2
      vertex 264.463 159.357 99.2
      vertex 267.273 159.357 99.2
    endloop
  endfacet
  facet normal -0 0 1
    outer loop
      vertex 263.252 160.349 99.2
      vertex 264.463 159.357 99.2
      vertex 267.273 160.349 99.2
    endloop
  endfacet
  facet normal 0 0 1
    outer loop
      vertex 263.252 160.349 99.2
      vertex 264.354 157.667 99.2
      vertex 264.463 159.357 99.2
    endloop
  endfacet
  facet normal 0 0 1
    outer loop
      vertex 263.02 156.585 99.2
      vertex 264.354 157.667 99.2
      vertex 263.252 160.349 99.2
    endloop
  endfacet
  facet normal 0 0 1
    outer loop
      vertex 264.354 157.667 99.2
      vertex 263.02 156.585 99.2
      vertex 264.32 156.585 99.2
    endloop
  endfacet
  facet normal -0 0 1
    outer loop
      vertex 266.259 156.186 99.2
      vertex 267.662 155.887 99.2
      vertex 267.599 156.52 99.2
    endloop
  endfacet
  facet normal 0 0 1
    outer loop
      vertex 266.166 156.467 99.2
      vertex 267.599 156.52 99.2
      vertex 267.408 157.058 99.2
    endloop
  endfacet
  facet normal 0 0 1
    outer loop
      vertex 267.662 155.887 99.2
      vertex 266.29 155.858 99.2
      vertex 267.589 155.226 99.2
    endloop
  endfacet
  facet normal 0 0 1
    outer loop
      vertex 266.166 156.467 99.2
      vertex 267.408 157.058 99.2
      vertex 267.09 157.501 99.2
    endloop
  endfacet
  facet normal -0 0 1
    outer loop
      vertex 266.257 155.491 99.2
      vertex 267.589 155.226 99.2
      vertex 266.29 155.858 99.2
    endloop
  endfacet
  facet normal 0 0 1
    outer loop
      vertex 266.01 156.701 99.2
      vertex 267.09 157.501 99.2
      vertex 266.667 157.83 99.2
    endloop
  endfacet
  facet normal 0 0 1
    outer loop
      vertex 267.589 155.226 99.2
      vertex 266.257 155.491 99.2
      vertex 267.368 154.662 99.2
    endloop
  endfacet
  facet normal -0 0 1
    outer loop
      vertex 266.159 155.185 99.2
      vertex 267.368 154.662 99.2
      vertex 266.257 155.491 99.2
    endloop
  endfacet
  facet normal 0 0 1
    outer loop
      vertex 267.662 155.887 99.2
      vertex 266.259 156.186 99.2
      vertex 266.29 155.858 99.2
    endloop
  endfacet
  facet normal 0 0 1
    outer loop
      vertex 267.599 156.52 99.2
      vertex 266.166 156.467 99.2
      vertex 266.259 156.186 99.2
    endloop
  endfacet
  facet normal 0 0 1
    outer loop
      vertex 265.799 156.876 99.2
      vertex 266.667 157.83 99.2
      vertex 266.158 158.028 99.2
    endloop
  endfacet
  facet normal 0 0 1
    outer loop
      vertex 267.09 157.501 99.2
      vertex 266.01 156.701 99.2
      vertex 266.166 156.467 99.2
    endloop
  endfacet
  facet normal 0 0 1
    outer loop
      vertex 266.667 157.83 99.2
      vertex 265.799 156.876 99.2
      vertex 266.01 156.701 99.2
    endloop
  endfacet
  facet normal 0 0 1
    outer loop
      vertex 265.538 156.981 99.2
      vertex 266.158 158.028 99.2
      vertex 265.564 158.094 99.2
    endloop
  endfacet
  facet normal 0 0 1
    outer loop
      vertex 266.158 158.028 99.2
      vertex 265.538 156.981 99.2
      vertex 265.799 156.876 99.2
    endloop
  endfacet
  facet normal 0 0 1
    outer loop
      vertex 265.564 158.094 99.2
      vertex 265.227 157.016 99.2
      vertex 265.538 156.981 99.2
    endloop
  endfacet
  facet normal -0 0 1
    outer loop
      vertex 265.107 158.047 99.2
      vertex 265.227 157.016 99.2
      vertex 265.564 158.094 99.2
    endloop
  endfacet
  facet normal -0 0 1
    outer loop
      vertex 264.703 157.904 99.2
      vertex 265.227 157.016 99.2
      vertex 265.107 158.047 99.2
    endloop
  endfacet
  facet normal 0 0 1
    outer loop
      vertex 265.227 157.016 99.2
      vertex 264.703 157.904 99.2
      vertex 264.88 156.968 99.2
    endloop
  endfacet
  facet normal -0 0 1
    outer loop
      vertex 264.354 157.667 99.2
      vertex 264.88 156.968 99.2
      vertex 264.703 157.904 99.2
    endloop
  endfacet
  facet normal 0 0 1
    outer loop
      vertex 264.88 156.968 99.2
      vertex 264.354 157.667 99.2
      vertex 264.577 156.825 99.2
    endloop
  endfacet
  facet normal 0 0 1
    outer loop
      vertex 264.577 156.825 99.2
      vertex 264.354 157.667 99.2
      vertex 264.32 156.585 99.2
    endloop
  endfacet
  facet normal 0 0 1
    outer loop
      vertex 267.368 154.662 99.2
      vertex 266.159 155.185 99.2
      vertex 267 154.195 99.2
    endloop
  endfacet
  facet normal -0 0 1
    outer loop
      vertex 265.994 154.942 99.2
      vertex 267 154.195 99.2
      vertex 266.159 155.185 99.2
    endloop
  endfacet
  facet normal 0 0 1
    outer loop
      vertex 267 154.195 99.2
      vertex 265.994 154.942 99.2
      vertex 266.504 153.845 99.2
    endloop
  endfacet
  facet normal -0 0 1
    outer loop
      vertex 265.774 154.765 99.2
      vertex 266.504 153.845 99.2
      vertex 265.994 154.942 99.2
    endloop
  endfacet
  facet normal 0 0 1
    outer loop
      vertex 266.504 153.845 99.2
      vertex 265.774 154.765 99.2
      vertex 265.899 153.635 99.2
    endloop
  endfacet
  facet normal -0 0 1
    outer loop
      vertex 265.509 154.659 99.2
      vertex 265.899 153.635 99.2
      vertex 265.774 154.765 99.2
    endloop
  endfacet
  facet normal 0 0 1
    outer loop
      vertex 265.184 153.566 99.2
      vertex 265.509 154.659 99.2
      vertex 265.199 154.624 99.2
    endloop
  endfacet
  facet normal 0 0 1
    outer loop
      vertex 265.509 154.659 99.2
      vertex 265.184 153.566 99.2
      vertex 265.899 153.635 99.2
    endloop
  endfacet
  facet normal 0 0 1
    outer loop
      vertex 264.945 154.646 99.2
      vertex 265.184 153.566 99.2
      vertex 265.199 154.624 99.2
    endloop
  endfacet
  facet normal 0 0 1
    outer loop
      vertex 264.558 153.616 99.2
      vertex 264.945 154.646 99.2
      vertex 264.722 154.711 99.2
    endloop
  endfacet
  facet normal 0 0 1
    outer loop
      vertex 264.945 154.646 99.2
      vertex 264.558 153.616 99.2
      vertex 265.184 153.566 99.2
    endloop
  endfacet
  facet normal 0 0 1
    outer loop
      vertex 264.021 153.767 99.2
      vertex 264.722 154.711 99.2
      vertex 264.529 154.819 99.2
    endloop
  endfacet
  facet normal 0 0 1
    outer loop
      vertex 263.573 154.019 99.2
      vertex 264.529 154.819 99.2
      vertex 264.37 154.974 99.2
    endloop
  endfacet
  facet normal 0 0 1
    outer loop
      vertex 263.221 154.366 99.2
      vertex 264.37 154.974 99.2
      vertex 264.247 155.182 99.2
    endloop
  endfacet
  facet normal 0 0 1
    outer loop
      vertex 262.972 154.804 99.2
      vertex 264.247 155.182 99.2
      vertex 264.159 155.441 99.2
    endloop
  endfacet
  facet normal 0 0 1
    outer loop
      vertex 264.722 154.711 99.2
      vertex 264.021 153.767 99.2
      vertex 264.558 153.616 99.2
    endloop
  endfacet
  facet normal 0 0 1
    outer loop
      vertex 264.529 154.819 99.2
      vertex 263.573 154.019 99.2
      vertex 264.021 153.767 99.2
    endloop
  endfacet
  facet normal 0 0 1
    outer loop
      vertex 264.37 154.974 99.2
      vertex 263.221 154.366 99.2
      vertex 263.573 154.019 99.2
    endloop
  endfacet
  facet normal 0 0 1
    outer loop
      vertex 264.247 155.182 99.2
      vertex 262.972 154.804 99.2
      vertex 263.221 154.366 99.2
    endloop
  endfacet
  facet normal 0 -0 1
    outer loop
      vertex 262.972 154.804 99.2
      vertex 264.159 155.441 99.2
      vertex 262.825 155.331 99.2
    endloop
  endfacet
  facet normal 0 -1 0
    outer loop
      vertex 258.244 154.743 99.2
      vertex 262.298 154.743 100
      vertex 258.244 154.743 100
    endloop
  endfacet
  facet normal 0 -1 -0
    outer loop
      vertex 262.298 154.743 100
      vertex 258.244 154.743 99.2
      vertex 262.298 154.743 99.2
    endloop
  endfacet
  facet normal -1 0 0
    outer loop
      vertex 258.244 154.743 99.2
      vertex 258.244 156.504 100
      vertex 258.244 156.504 99.2
    endloop
  endfacet
  facet normal -1 -0 0
    outer loop
      vertex 258.244 156.504 100
      vertex 258.244 154.743 99.2
      vertex 258.244 154.743 100
    endloop
  endfacet
  facet normal 0 1 -0
    outer loop
      vertex 261.814 156.504 99.2
      vertex 258.244 156.504 100
      vertex 261.814 156.504 100
    endloop
  endfacet
  facet normal 0 1 0
    outer loop
      vertex 258.244 156.504 100
      vertex 261.814 156.504 99.2
      vertex 258.244 156.504 99.2
    endloop
  endfacet
  facet normal -1 0 0
    outer loop
      vertex 261.814 156.504 99.2
      vertex 261.814 157.586 100
      vertex 261.814 157.586 99.2
    endloop
  endfacet
  facet normal -1 -0 0
    outer loop
      vertex 261.814 157.586 100
      vertex 261.814 156.504 99.2
      vertex 261.814 156.504 100
    endloop
  endfacet
  facet normal 0 -1 0
    outer loop
      vertex 258.244 157.586 99.2
      vertex 261.814 157.586 100
      vertex 258.244 157.586 100
    endloop
  endfacet
  facet normal 0 -1 -0
    outer loop
      vertex 261.814 157.586 100
      vertex 258.244 157.586 99.2
      vertex 261.814 157.586 99.2
    endloop
  endfacet
  facet normal -1 0 0
    outer loop
      vertex 258.244 157.586 99.2
      vertex 258.244 159.267 100
      vertex 258.244 159.267 99.2
    endloop
  endfacet
  facet normal -1 -0 0
    outer loop
      vertex 258.244 159.267 100
      vertex 258.244 157.586 99.2
      vertex 258.244 157.586 100
    endloop
  endfacet
  facet normal 0 1 -0
    outer loop
      vertex 262.103 159.267 99.2
      vertex 258.244 159.267 100
      vertex 262.103 159.267 100
    endloop
  endfacet
  facet normal 0 1 0
    outer loop
      vertex 258.244 159.267 100
      vertex 262.103 159.267 99.2
      vertex 258.244 159.267 99.2
    endloop
  endfacet
  facet normal -1 0 0
    outer loop
      vertex 262.103 159.267 99.2
      vertex 262.103 160.349 100
      vertex 262.103 160.349 99.2
    endloop
  endfacet
  facet normal -1 -0 0
    outer loop
      vertex 262.103 160.349 100
      vertex 262.103 159.267 99.2
      vertex 262.103 159.267 100
    endloop
  endfacet
  facet normal 0 -1 0
    outer loop
      vertex 256.844 160.349 99.2
      vertex 262.103 160.349 100
      vertex 256.844 160.349 100
    endloop
  endfacet
  facet normal 0 -1 -0
    outer loop
      vertex 262.103 160.349 100
      vertex 256.844 160.349 99.2
      vertex 262.103 160.349 99.2
    endloop
  endfacet
  facet normal 1 -0 0
    outer loop
      vertex 256.844 153.66 100
      vertex 256.844 160.349 99.2
      vertex 256.844 160.349 100
    endloop
  endfacet
  facet normal 1 0 0
    outer loop
      vertex 256.844 160.349 99.2
      vertex 256.844 153.66 100
      vertex 256.844 153.66 99.2
    endloop
  endfacet
  facet normal 0 1 -0
    outer loop
      vertex 262.298 153.66 99.2
      vertex 256.844 153.66 100
      vertex 262.298 153.66 100
    endloop
  endfacet
  facet normal 0 1 0
    outer loop
      vertex 256.844 153.66 100
      vertex 262.298 153.66 99.2
      vertex 256.844 153.66 99.2
    endloop
  endfacet
  facet normal -1 0 0
    outer loop
      vertex 262.298 153.66 99.2
      vertex 262.298 154.743 100
      vertex 262.298 154.743 99.2
    endloop
  endfacet
  facet normal -1 -0 0
    outer loop
      vertex 262.298 154.743 100
      vertex 262.298 153.66 99.2
      vertex 262.298 153.66 100
    endloop
  endfacet
  facet normal -0.327915 0.944707 0
    outer loop
      vertex 266.504 153.845 99.2
      vertex 265.899 153.635 100
      vertex 266.504 153.845 100
    endloop
  endfacet
  facet normal -0.327915 0.944707 0
    outer loop
      vertex 265.899 153.635 100
      vertex 266.504 153.845 99.2
      vertex 265.899 153.635 99.2
    endloop
  endfacet
  facet normal -0.576554 0.817059 0
    outer loop
      vertex 267 154.195 99.2
      vertex 266.504 153.845 100
      vertex 267 154.195 100
    endloop
  endfacet
  facet normal -0.576554 0.817059 0
    outer loop
      vertex 266.504 153.845 100
      vertex 267 154.195 99.2
      vertex 266.504 153.845 99.2
    endloop
  endfacet
  facet normal -0.785442 0.618935 0
    outer loop
      vertex 267 154.195 99.2
      vertex 267.368 154.662 100
      vertex 267.368 154.662 99.2
    endloop
  endfacet
  facet normal -0.785442 0.618935 0
    outer loop
      vertex 267.368 154.662 100
      vertex 267 154.195 99.2
      vertex 267 154.195 100
    endloop
  endfacet
  facet normal -0.931072 0.364835 0
    outer loop
      vertex 267.368 154.662 99.2
      vertex 267.589 155.226 100
      vertex 267.589 155.226 99.2
    endloop
  endfacet
  facet normal -0.931072 0.364835 0
    outer loop
      vertex 267.589 155.226 100
      vertex 267.368 154.662 99.2
      vertex 267.368 154.662 100
    endloop
  endfacet
  facet normal -0.993957 0.109771 0
    outer loop
      vertex 267.589 155.226 99.2
      vertex 267.662 155.887 100
      vertex 267.662 155.887 99.2
    endloop
  endfacet
  facet normal -0.993957 0.109771 0
    outer loop
      vertex 267.662 155.887 100
      vertex 267.589 155.226 99.2
      vertex 267.589 155.226 100
    endloop
  endfacet
  facet normal -0.995084 -0.0990368 0
    outer loop
      vertex 267.662 155.887 99.2
      vertex 267.599 156.52 100
      vertex 267.599 156.52 99.2
    endloop
  endfacet
  facet normal -0.995084 -0.0990368 0
    outer loop
      vertex 267.599 156.52 100
      vertex 267.662 155.887 99.2
      vertex 267.662 155.887 100
    endloop
  endfacet
  facet normal -0.942374 -0.33456 0
    outer loop
      vertex 267.599 156.52 99.2
      vertex 267.408 157.058 100
      vertex 267.408 157.058 99.2
    endloop
  endfacet
  facet normal -0.942374 -0.33456 0
    outer loop
      vertex 267.408 157.058 100
      vertex 267.599 156.52 99.2
      vertex 267.599 156.52 100
    endloop
  endfacet
  facet normal -0.812368 -0.583145 0
    outer loop
      vertex 267.408 157.058 99.2
      vertex 267.09 157.501 100
      vertex 267.09 157.501 99.2
    endloop
  endfacet
  facet normal -0.812368 -0.583145 0
    outer loop
      vertex 267.09 157.501 100
      vertex 267.408 157.058 99.2
      vertex 267.408 157.058 100
    endloop
  endfacet
  facet normal -0.613941 -0.789352 0
    outer loop
      vertex 266.667 157.83 99.2
      vertex 267.09 157.501 100
      vertex 266.667 157.83 100
    endloop
  endfacet
  facet normal -0.613941 -0.789352 -0
    outer loop
      vertex 267.09 157.501 100
      vertex 266.667 157.83 99.2
      vertex 267.09 157.501 99.2
    endloop
  endfacet
  facet normal -0.362535 -0.93197 0
    outer loop
      vertex 266.158 158.028 99.2
      vertex 266.667 157.83 100
      vertex 266.158 158.028 100
    endloop
  endfacet
  facet normal -0.362535 -0.93197 -0
    outer loop
      vertex 266.667 157.83 100
      vertex 266.158 158.028 99.2
      vertex 266.667 157.83 99.2
    endloop
  endfacet
  facet normal -0.110432 -0.993884 0
    outer loop
      vertex 265.564 158.094 99.2
      vertex 266.158 158.028 100
      vertex 265.564 158.094 100
    endloop
  endfacet
  facet normal -0.110432 -0.993884 -0
    outer loop
      vertex 266.158 158.028 100
      vertex 265.564 158.094 99.2
      vertex 266.158 158.028 99.2
    endloop
  endfacet
  facet normal 0.102305 -0.994753 0
    outer loop
      vertex 265.107 158.047 99.2
      vertex 265.564 158.094 100
      vertex 265.107 158.047 100
    endloop
  endfacet
  facet normal 0.102305 -0.994753 0
    outer loop
      vertex 265.564 158.094 100
      vertex 265.107 158.047 99.2
      vertex 265.564 158.094 99.2
    endloop
  endfacet
  facet normal 0.333674 -0.942688 0
    outer loop
      vertex 264.703 157.904 99.2
      vertex 265.107 158.047 100
      vertex 264.703 157.904 100
    endloop
  endfacet
  facet normal 0.333674 -0.942688 0
    outer loop
      vertex 265.107 158.047 100
      vertex 264.703 157.904 99.2
      vertex 265.107 158.047 99.2
    endloop
  endfacet
  facet normal 0.561791 -0.827279 0
    outer loop
      vertex 264.354 157.667 99.2
      vertex 264.703 157.904 100
      vertex 264.354 157.667 100
    endloop
  endfacet
  facet normal 0.561791 -0.827279 0
    outer loop
      vertex 264.703 157.904 100
      vertex 264.354 157.667 99.2
      vertex 264.703 157.904 99.2
    endloop
  endfacet
  facet normal -0.997927 0.0643633 0
    outer loop
      vertex 264.354 157.667 99.2
      vertex 264.463 159.357 100
      vertex 264.463 159.357 99.2
    endloop
  endfacet
  facet normal -0.997927 0.0643633 0
    outer loop
      vertex 264.463 159.357 100
      vertex 264.354 157.667 99.2
      vertex 264.354 157.667 100
    endloop
  endfacet
  facet normal 0 1 -0
    outer loop
      vertex 267.273 159.357 99.2
      vertex 264.463 159.357 100
      vertex 267.273 159.357 100
    endloop
  endfacet
  facet normal 0 1 0
    outer loop
      vertex 264.463 159.357 100
      vertex 267.273 159.357 99.2
      vertex 264.463 159.357 99.2
    endloop
  endfacet
  facet normal -1 0 0
    outer loop
      vertex 267.273 159.357 99.2
      vertex 267.273 160.349 100
      vertex 267.273 160.349 99.2
    endloop
  endfacet
  facet normal -1 -0 0
    outer loop
      vertex 267.273 160.349 100
      vertex 267.273 159.357 99.2
      vertex 267.273 159.357 100
    endloop
  endfacet
  facet normal 0 -1 0
    outer loop
      vertex 263.252 160.349 99.2
      vertex 267.273 160.349 100
      vertex 263.252 160.349 100
    endloop
  endfacet
  facet normal 0 -1 -0
    outer loop
      vertex 267.273 160.349 100
      vertex 263.252 160.349 99.2
      vertex 267.273 160.349 99.2
    endloop
  endfacet
  facet normal 0.998106 -0.0615198 0
    outer loop
      vertex 263.02 156.585 100
      vertex 263.252 160.349 99.2
      vertex 263.252 160.349 100
    endloop
  endfacet
  facet normal 0.998106 -0.0615198 0
    outer loop
      vertex 263.252 160.349 99.2
      vertex 263.02 156.585 100
      vertex 263.02 156.585 99.2
    endloop
  endfacet
  facet normal 0 1 -0
    outer loop
      vertex 264.32 156.585 99.2
      vertex 263.02 156.585 100
      vertex 264.32 156.585 100
    endloop
  endfacet
  facet normal 0 1 0
    outer loop
      vertex 263.02 156.585 100
      vertex 264.32 156.585 99.2
      vertex 263.02 156.585 99.2
    endloop
  endfacet
  facet normal -0.682521 0.730866 0
    outer loop
      vertex 264.577 156.825 99.2
      vertex 264.32 156.585 100
      vertex 264.577 156.825 100
    endloop
  endfacet
  facet normal -0.682521 0.730866 0
    outer loop
      vertex 264.32 156.585 100
      vertex 264.577 156.825 99.2
      vertex 264.32 156.585 99.2
    endloop
  endfacet
  facet normal -0.426803 0.904345 0
    outer loop
      vertex 264.88 156.968 99.2
      vertex 264.577 156.825 100
      vertex 264.88 156.968 100
    endloop
  endfacet
  facet normal -0.426803 0.904345 0
    outer loop
      vertex 264.577 156.825 100
      vertex 264.88 156.968 99.2
      vertex 264.577 156.825 99.2
    endloop
  endfacet
  facet normal -0.137024 0.990568 0
    outer loop
      vertex 265.227 157.016 99.2
      vertex 264.88 156.968 100
      vertex 265.227 157.016 100
    endloop
  endfacet
  facet normal -0.137024 0.990568 0
    outer loop
      vertex 264.88 156.968 100
      vertex 265.227 157.016 99.2
      vertex 264.88 156.968 99.2
    endloop
  endfacet
  facet normal 0.111834 0.993727 -0
    outer loop
      vertex 265.538 156.981 99.2
      vertex 265.227 157.016 100
      vertex 265.538 156.981 100
    endloop
  endfacet
  facet normal 0.111834 0.993727 0
    outer loop
      vertex 265.227 157.016 100
      vertex 265.538 156.981 99.2
      vertex 265.227 157.016 99.2
    endloop
  endfacet
  facet normal 0.373229 0.927739 -0
    outer loop
      vertex 265.799 156.876 99.2
      vertex 265.538 156.981 100
      vertex 265.799 156.876 100
    endloop
  endfacet
  facet normal 0.373229 0.927739 0
    outer loop
      vertex 265.538 156.981 100
      vertex 265.799 156.876 99.2
      vertex 265.538 156.981 99.2
    endloop
  endfacet
  facet normal 0.638389 0.769714 -0
    outer loop
      vertex 266.01 156.701 99.2
      vertex 265.799 156.876 100
      vertex 266.01 156.701 100
    endloop
  endfacet
  facet normal 0.638389 0.769714 0
    outer loop
      vertex 265.799 156.876 100
      vertex 266.01 156.701 99.2
      vertex 265.799 156.876 99.2
    endloop
  endfacet
  facet normal 0.83205 0.5547 0
    outer loop
      vertex 266.166 156.467 100
      vertex 266.01 156.701 99.2
      vertex 266.01 156.701 100
    endloop
  endfacet
  facet normal 0.83205 0.5547 0
    outer loop
      vertex 266.01 156.701 99.2
      vertex 266.166 156.467 100
      vertex 266.166 156.467 99.2
    endloop
  endfacet
  facet normal 0.949357 0.3142 0
    outer loop
      vertex 266.259 156.186 100
      vertex 266.166 156.467 99.2
      vertex 266.166 156.467 100
    endloop
  endfacet
  facet normal 0.949357 0.3142 0
    outer loop
      vertex 266.166 156.467 99.2
      vertex 266.259 156.186 100
      vertex 266.259 156.186 99.2
    endloop
  endfacet
  facet normal 0.995563 0.0940929 0
    outer loop
      vertex 266.29 155.858 100
      vertex 266.259 156.186 99.2
      vertex 266.259 156.186 100
    endloop
  endfacet
  facet normal 0.995563 0.0940929 0
    outer loop
      vertex 266.259 156.186 99.2
      vertex 266.29 155.858 100
      vertex 266.29 155.858 99.2
    endloop
  endfacet
  facet normal 0.995982 -0.0895569 0
    outer loop
      vertex 266.257 155.491 100
      vertex 266.29 155.858 99.2
      vertex 266.29 155.858 100
    endloop
  endfacet
  facet normal 0.995982 -0.0895569 0
    outer loop
      vertex 266.29 155.858 99.2
      vertex 266.257 155.491 100
      vertex 266.257 155.491 99.2
    endloop
  endfacet
  facet normal 0.952352 -0.305002 0
    outer loop
      vertex 266.159 155.185 100
      vertex 266.257 155.491 99.2
      vertex 266.257 155.491 100
    endloop
  endfacet
  facet normal 0.952352 -0.305002 0
    outer loop
      vertex 266.257 155.491 99.2
      vertex 266.159 155.185 100
      vertex 266.159 155.185 99.2
    endloop
  endfacet
  facet normal 0.827306 -0.561751 0
    outer loop
      vertex 265.994 154.942 100
      vertex 266.159 155.185 99.2
      vertex 266.159 155.185 100
    endloop
  endfacet
  facet normal 0.827306 -0.561751 0
    outer loop
      vertex 266.159 155.185 99.2
      vertex 265.994 154.942 100
      vertex 265.994 154.942 99.2
    endloop
  endfacet
  facet normal 0.626852 -0.779138 0
    outer loop
      vertex 265.774 154.765 99.2
      vertex 265.994 154.942 100
      vertex 265.774 154.765 100
    endloop
  endfacet
  facet normal 0.626852 -0.779138 0
    outer loop
      vertex 265.994 154.942 100
      vertex 265.774 154.765 99.2
      vertex 265.994 154.942 99.2
    endloop
  endfacet
  facet normal 0.371391 -0.928477 0
    outer loop
      vertex 265.509 154.659 99.2
      vertex 265.774 154.765 100
      vertex 265.509 154.659 100
    endloop
  endfacet
  facet normal 0.371391 -0.928477 0
    outer loop
      vertex 265.774 154.765 100
      vertex 265.509 154.659 99.2
      vertex 265.774 154.765 99.2
    endloop
  endfacet
  facet normal 0.11219 -0.993687 0
    outer loop
      vertex 265.199 154.624 99.2
      vertex 265.509 154.659 100
      vertex 265.199 154.624 100
    endloop
  endfacet
  facet normal 0.11219 -0.993687 0
    outer loop
      vertex 265.509 154.659 100
      vertex 265.199 154.624 99.2
      vertex 265.509 154.659 99.2
    endloop
  endfacet
  facet normal -0.0862911 -0.99627 0
    outer loop
      vertex 264.945 154.646 99.2
      vertex 265.199 154.624 100
      vertex 264.945 154.646 100
    endloop
  endfacet
  facet normal -0.0862911 -0.99627 -0
    outer loop
      vertex 265.199 154.624 100
      vertex 264.945 154.646 99.2
      vertex 265.199 154.624 99.2
    endloop
  endfacet
  facet normal -0.279835 -0.960048 0
    outer loop
      vertex 264.722 154.711 99.2
      vertex 264.945 154.646 100
      vertex 264.722 154.711 100
    endloop
  endfacet
  facet normal -0.279835 -0.960048 -0
    outer loop
      vertex 264.945 154.646 100
      vertex 264.722 154.711 99.2
      vertex 264.945 154.646 99.2
    endloop
  endfacet
  facet normal -0.488328 -0.87266 0
    outer loop
      vertex 264.529 154.819 99.2
      vertex 264.722 154.711 100
      vertex 264.529 154.819 100
    endloop
  endfacet
  facet normal -0.488328 -0.87266 -0
    outer loop
      vertex 264.722 154.711 100
      vertex 264.529 154.819 99.2
      vertex 264.722 154.711 99.2
    endloop
  endfacet
  facet normal -0.698042 -0.716056 0
    outer loop
      vertex 264.37 154.974 99.2
      vertex 264.529 154.819 100
      vertex 264.37 154.974 100
    endloop
  endfacet
  facet normal -0.698042 -0.716056 -0
    outer loop
      vertex 264.529 154.819 100
      vertex 264.37 154.974 99.2
      vertex 264.529 154.819 99.2
    endloop
  endfacet
  facet normal -0.860762 -0.509008 0
    outer loop
      vertex 264.37 154.974 99.2
      vertex 264.247 155.182 100
      vertex 264.247 155.182 99.2
    endloop
  endfacet
  facet normal -0.860762 -0.509008 0
    outer loop
      vertex 264.247 155.182 100
      vertex 264.37 154.974 99.2
      vertex 264.37 154.974 100
    endloop
  endfacet
  facet normal -0.94684 -0.321706 0
    outer loop
      vertex 264.247 155.182 99.2
      vertex 264.159 155.441 100
      vertex 264.159 155.441 99.2
    endloop
  endfacet
  facet normal -0.94684 -0.321706 0
    outer loop
      vertex 264.159 155.441 100
      vertex 264.247 155.182 99.2
      vertex 264.247 155.182 100
    endloop
  endfacet
  facet normal 0.0821799 -0.996618 0
    outer loop
      vertex 262.825 155.331 99.2
      vertex 264.159 155.441 100
      vertex 262.825 155.331 100
    endloop
  endfacet
  facet normal 0.0821799 -0.996618 0
    outer loop
      vertex 264.159 155.441 100
      vertex 262.825 155.331 99.2
      vertex 264.159 155.441 99.2
    endloop
  endfacet
  facet normal 0.963229 0.268681 0
    outer loop
      vertex 262.972 154.804 100
      vertex 262.825 155.331 99.2
      vertex 262.825 155.331 100
    endloop
  endfacet
  facet normal 0.963229 0.268681 0
    outer loop
      vertex 262.825 155.331 99.2
      vertex 262.972 154.804 100
      vertex 262.972 154.804 99.2
    endloop
  endfacet
  facet normal 0.86934 0.494214 0
    outer loop
      vertex 263.221 154.366 100
      vertex 262.972 154.804 99.2
      vertex 262.972 154.804 100
    endloop
  endfacet
  facet normal 0.86934 0.494214 0
    outer loop
      vertex 262.972 154.804 99.2
      vertex 263.221 154.366 100
      vertex 263.221 154.366 99.2
    endloop
  endfacet
  facet normal 0.702031 0.712147 -0
    outer loop
      vertex 263.573 154.019 99.2
      vertex 263.221 154.366 100
      vertex 263.573 154.019 100
    endloop
  endfacet
  facet normal 0.702031 0.712147 0
    outer loop
      vertex 263.221 154.366 100
      vertex 263.573 154.019 99.2
      vertex 263.221 154.366 99.2
    endloop
  endfacet
  facet normal 0.490261 0.871576 -0
    outer loop
      vertex 264.021 153.767 99.2
      vertex 263.573 154.019 100
      vertex 264.021 153.767 100
    endloop
  endfacet
  facet normal 0.490261 0.871576 0
    outer loop
      vertex 263.573 154.019 100
      vertex 264.021 153.767 99.2
      vertex 263.573 154.019 99.2
    endloop
  endfacet
  facet normal 0.270694 0.962666 -0
    outer loop
      vertex 264.558 153.616 99.2
      vertex 264.021 153.767 100
      vertex 264.558 153.616 100
    endloop
  endfacet
  facet normal 0.270694 0.962666 0
    outer loop
      vertex 264.021 153.767 100
      vertex 264.558 153.616 99.2
      vertex 264.021 153.767 99.2
    endloop
  endfacet
  facet normal 0.0796186 0.996825 -0
    outer loop
      vertex 265.184 153.566 99.2
      vertex 264.558 153.616 100
      vertex 265.184 153.566 100
    endloop
  endfacet
  facet normal 0.0796186 0.996825 0
    outer loop
      vertex 264.558 153.616 100
      vertex 265.184 153.566 99.2
      vertex 264.558 153.616 99.2
    endloop
  endfacet
  facet normal -0.0960572 0.995376 0
    outer loop
      vertex 265.899 153.635 99.2
      vertex 265.184 153.566 100
      vertex 265.899 153.635 100
    endloop
  endfacet
  facet normal -0.0960572 0.995376 0
    outer loop
      vertex 265.184 153.566 100
      vertex 265.899 153.635 99.2
      vertex 265.184 153.566 99.2
    endloop
  endfacet
  facet normal -0.470192 0.882564 0
    outer loop
      vertex 83.6389 172.921 95.01
      vertex 83.5 172.847 100
      vertex 83.6389 172.921 100
    endloop
  endfacet
  facet normal -0.470192 0.882564 0
    outer loop
      vertex 83.5 172.847 100
      vertex 83.6389 172.921 95.01
      vertex 83.5 172.847 95.01
    endloop
  endfacet
  facet normal -0.634448 0.772966 0
    outer loop
      vertex 84.0178 173.232 95.01
      vertex 83.6389 172.921 100
      vertex 84.0178 173.232 100
    endloop
  endfacet
  facet normal -0.634448 0.772966 0
    outer loop
      vertex 83.6389 172.921 100
      vertex 84.0178 173.232 95.01
      vertex 83.6389 172.921 95.01
    endloop
  endfacet
  facet normal -0.773148 0.634226 0
    outer loop
      vertex 84.0178 173.232 95.01
      vertex 84.3287 173.611 100
      vertex 84.3287 173.611 95.01
    endloop
  endfacet
  facet normal -0.773148 0.634226 0
    outer loop
      vertex 84.3287 173.611 100
      vertex 84.0178 173.232 95.01
      vertex 84.0178 173.232 100
    endloop
  endfacet
  facet normal -0.881844 0.471542 0
    outer loop
      vertex 84.3287 173.611 95.01
      vertex 84.5597 174.043 100
      vertex 84.5597 174.043 95.01
    endloop
  endfacet
  facet normal -0.881844 0.471542 0
    outer loop
      vertex 84.5597 174.043 100
      vertex 84.3287 173.611 95.01
      vertex 84.3287 173.611 100
    endloop
  endfacet
  facet normal -0.956923 0.290341 0
    outer loop
      vertex 84.5597 174.043 95.01
      vertex 84.702 174.512 100
      vertex 84.702 174.512 95.01
    endloop
  endfacet
  facet normal -0.956923 0.290341 0
    outer loop
      vertex 84.702 174.512 100
      vertex 84.5597 174.043 95.01
      vertex 84.5597 174.043 100
    endloop
  endfacet
  facet normal -0.995197 0.0978883 0
    outer loop
      vertex 84.702 174.512 95.01
      vertex 84.75 175 100
      vertex 84.75 175 95.01
    endloop
  endfacet
  facet normal -0.995197 0.0978883 0
    outer loop
      vertex 84.75 175 100
      vertex 84.702 174.512 95.01
      vertex 84.702 174.512 100
    endloop
  endfacet
  facet normal -0.995197 -0.0978883 0
    outer loop
      vertex 84.75 175 95.01
      vertex 84.702 175.488 100
      vertex 84.702 175.488 95.01
    endloop
  endfacet
  facet normal -0.995197 -0.0978883 0
    outer loop
      vertex 84.702 175.488 100
      vertex 84.75 175 95.01
      vertex 84.75 175 100
    endloop
  endfacet
  facet normal -0.956923 -0.290341 0
    outer loop
      vertex 84.702 175.488 95.01
      vertex 84.5597 175.957 100
      vertex 84.5597 175.957 95.01
    endloop
  endfacet
  facet normal -0.956923 -0.290341 0
    outer loop
      vertex 84.5597 175.957 100
      vertex 84.702 175.488 95.01
      vertex 84.702 175.488 100
    endloop
  endfacet
  facet normal -0.881844 -0.471542 0
    outer loop
      vertex 84.5597 175.957 95.01
      vertex 84.3287 176.389 100
      vertex 84.3287 176.389 95.01
    endloop
  endfacet
  facet normal -0.881844 -0.471542 0
    outer loop
      vertex 84.3287 176.389 100
      vertex 84.5597 175.957 95.01
      vertex 84.5597 175.957 100
    endloop
  endfacet
  facet normal -0.773148 -0.634226 0
    outer loop
      vertex 84.3287 176.389 95.01
      vertex 84.0178 176.768 100
      vertex 84.0178 176.768 95.01
    endloop
  endfacet
  facet normal -0.773148 -0.634226 0
    outer loop
      vertex 84.0178 176.768 100
      vertex 84.3287 176.389 95.01
      vertex 84.3287 176.389 100
    endloop
  endfacet
  facet normal -0.634448 -0.772966 0
    outer loop
      vertex 83.6389 177.079 95.01
      vertex 84.0178 176.768 100
      vertex 83.6389 177.079 100
    endloop
  endfacet
  facet normal -0.634448 -0.772966 -0
    outer loop
      vertex 84.0178 176.768 100
      vertex 83.6389 177.079 95.01
      vertex 84.0178 176.768 95.01
    endloop
  endfacet
  facet normal -0.471372 -0.881935 0
    outer loop
      vertex 83.2067 177.31 95.01
      vertex 83.6389 177.079 100
      vertex 83.2067 177.31 100
    endloop
  endfacet
  facet normal -0.471372 -0.881935 -0
    outer loop
      vertex 83.6389 177.079 100
      vertex 83.2067 177.31 95.01
      vertex 83.6389 177.079 95.01
    endloop
  endfacet
  facet normal -0.289781 -0.957093 0
    outer loop
      vertex 82.7377 177.452 95.01
      vertex 83.2067 177.31 100
      vertex 82.7377 177.452 100
    endloop
  endfacet
  facet normal -0.289781 -0.957093 -0
    outer loop
      vertex 83.2067 177.31 100
      vertex 82.7377 177.452 95.01
      vertex 83.2067 177.31 95.01
    endloop
  endfacet
  facet normal -0.0979479 -0.995192 0
    outer loop
      vertex 82.25 177.5 95.01
      vertex 82.7377 177.452 100
      vertex 82.25 177.5 100
    endloop
  endfacet
  facet normal -0.0979479 -0.995192 -0
    outer loop
      vertex 82.7377 177.452 100
      vertex 82.25 177.5 95.01
      vertex 82.7377 177.452 95.01
    endloop
  endfacet
  facet normal 0.0979479 -0.995192 0
    outer loop
      vertex 81.7623 177.452 95.01
      vertex 82.25 177.5 100
      vertex 81.7623 177.452 100
    endloop
  endfacet
  facet normal 0.0979479 -0.995192 0
    outer loop
      vertex 82.25 177.5 100
      vertex 81.7623 177.452 95.01
      vertex 82.25 177.5 95.01
    endloop
  endfacet
  facet normal 0.289781 -0.957093 0
    outer loop
      vertex 81.2933 177.31 95.01
      vertex 81.7623 177.452 100
      vertex 81.2933 177.31 100
    endloop
  endfacet
  facet normal 0.289781 -0.957093 0
    outer loop
      vertex 81.7623 177.452 100
      vertex 81.2933 177.31 95.01
      vertex 81.7623 177.452 95.01
    endloop
  endfacet
  facet normal 0.471372 -0.881935 0
    outer loop
      vertex 80.8611 177.079 95.01
      vertex 81.2933 177.31 100
      vertex 80.8611 177.079 100
    endloop
  endfacet
  facet normal 0.471372 -0.881935 0
    outer loop
      vertex 81.2933 177.31 100
      vertex 80.8611 177.079 95.01
      vertex 81.2933 177.31 95.01
    endloop
  endfacet
  facet normal 0.634448 -0.772966 0
    outer loop
      vertex 80.4822 176.768 95.01
      vertex 80.8611 177.079 100
      vertex 80.4822 176.768 100
    endloop
  endfacet
  facet normal 0.634448 -0.772966 0
    outer loop
      vertex 80.8611 177.079 100
      vertex 80.4822 176.768 95.01
      vertex 80.8611 177.079 95.01
    endloop
  endfacet
  facet normal 0.773148 -0.634226 0
    outer loop
      vertex 80.1713 176.389 100
      vertex 80.4822 176.768 95.01
      vertex 80.4822 176.768 100
    endloop
  endfacet
  facet normal 0.773148 -0.634226 0
    outer loop
      vertex 80.4822 176.768 95.01
      vertex 80.1713 176.389 100
      vertex 80.1713 176.389 95.01
    endloop
  endfacet
  facet normal 0.881844 -0.471542 0
    outer loop
      vertex 79.9403 175.957 100
      vertex 80.1713 176.389 95.01
      vertex 80.1713 176.389 100
    endloop
  endfacet
  facet normal 0.881844 -0.471542 0
    outer loop
      vertex 80.1713 176.389 95.01
      vertex 79.9403 175.957 100
      vertex 79.9403 175.957 95.01
    endloop
  endfacet
  facet normal 0.956923 -0.290341 0
    outer loop
      vertex 79.798 175.488 100
      vertex 79.9403 175.957 95.01
      vertex 79.9403 175.957 100
    endloop
  endfacet
  facet normal 0.956923 -0.290341 0
    outer loop
      vertex 79.9403 175.957 95.01
      vertex 79.798 175.488 100
      vertex 79.798 175.488 95.01
    endloop
  endfacet
  facet normal 0.995197 -0.0978883 0
    outer loop
      vertex 79.75 175 100
      vertex 79.798 175.488 95.01
      vertex 79.798 175.488 100
    endloop
  endfacet
  facet normal 0.995197 -0.0978883 0
    outer loop
      vertex 79.798 175.488 95.01
      vertex 79.75 175 100
      vertex 79.75 175 95.01
    endloop
  endfacet
  facet normal 0.995197 0.0978883 0
    outer loop
      vertex 79.798 174.512 100
      vertex 79.75 175 95.01
      vertex 79.75 175 100
    endloop
  endfacet
  facet normal 0.995197 0.0978883 0
    outer loop
      vertex 79.75 175 95.01
      vertex 79.798 174.512 100
      vertex 79.798 174.512 95.01
    endloop
  endfacet
  facet normal 0.956923 0.290341 0
    outer loop
      vertex 79.9403 174.043 100
      vertex 79.798 174.512 95.01
      vertex 79.798 174.512 100
    endloop
  endfacet
  facet normal 0.956923 0.290341 0
    outer loop
      vertex 79.798 174.512 95.01
      vertex 79.9403 174.043 100
      vertex 79.9403 174.043 95.01
    endloop
  endfacet
  facet normal 0.881844 0.471542 0
    outer loop
      vertex 80.1713 173.611 100
      vertex 79.9403 174.043 95.01
      vertex 79.9403 174.043 100
    endloop
  endfacet
  facet normal 0.881844 0.471542 0
    outer loop
      vertex 79.9403 174.043 95.01
      vertex 80.1713 173.611 100
      vertex 80.1713 173.611 95.01
    endloop
  endfacet
  facet normal 0.773148 0.634226 0
    outer loop
      vertex 80.4822 173.232 100
      vertex 80.1713 173.611 95.01
      vertex 80.1713 173.611 100
    endloop
  endfacet
  facet normal 0.773148 0.634226 0
    outer loop
      vertex 80.1713 173.611 95.01
      vertex 80.4822 173.232 100
      vertex 80.4822 173.232 95.01
    endloop
  endfacet
  facet normal 0.634448 0.772966 -0
    outer loop
      vertex 80.8611 172.921 95.01
      vertex 80.4822 173.232 100
      vertex 80.8611 172.921 100
    endloop
  endfacet
  facet normal 0.634448 0.772966 0
    outer loop
      vertex 80.4822 173.232 100
      vertex 80.8611 172.921 95.01
      vertex 80.4822 173.232 95.01
    endloop
  endfacet
  facet normal 0.470192 0.882564 -0
    outer loop
      vertex 81 172.847 95.01
      vertex 80.8611 172.921 100
      vertex 81 172.847 100
    endloop
  endfacet
  facet normal 0.470192 0.882564 0
    outer loop
      vertex 80.8611 172.921 100
      vertex 81 172.847 95.01
      vertex 80.8611 172.921 95.01
    endloop
  endfacet
  facet normal 1 -0 0
    outer loop
      vertex 81 66.392 100
      vertex 81 172.847 95.01
      vertex 81 172.847 100
    endloop
  endfacet
  facet normal 1 0 0
    outer loop
      vertex 81 172.847 95.01
      vertex 81 66.392 100
      vertex 81 66.392 95.01
    endloop
  endfacet
  facet normal 0 -1 0
    outer loop
      vertex 59 66.392 95.01
      vertex 81 66.392 100
      vertex 59 66.392 100
    endloop
  endfacet
  facet normal 0 -1 -0
    outer loop
      vertex 81 66.392 100
      vertex 59 66.392 95.01
      vertex 81 66.392 95.01
    endloop
  endfacet
  facet normal -1 0 0
    outer loop
      vertex 59 66.392 95.01
      vertex 59 172.847 100
      vertex 59 172.847 95.01
    endloop
  endfacet
  facet normal -1 -0 0
    outer loop
      vertex 59 172.847 100
      vertex 59 66.392 95.01
      vertex 59 66.392 100
    endloop
  endfacet
  facet normal -0.470192 0.882564 0
    outer loop
      vertex 59.1389 172.921 95.01
      vertex 59 172.847 100
      vertex 59.1389 172.921 100
    endloop
  endfacet
  facet normal -0.470192 0.882564 0
    outer loop
      vertex 59 172.847 100
      vertex 59.1389 172.921 95.01
      vertex 59 172.847 95.01
    endloop
  endfacet
  facet normal -0.634448 0.772966 0
    outer loop
      vertex 59.5178 173.232 95.01
      vertex 59.1389 172.921 100
      vertex 59.5178 173.232 100
    endloop
  endfacet
  facet normal -0.634448 0.772966 0
    outer loop
      vertex 59.1389 172.921 100
      vertex 59.5178 173.232 95.01
      vertex 59.1389 172.921 95.01
    endloop
  endfacet
  facet normal -0.773148 0.634226 0
    outer loop
      vertex 59.5178 173.232 95.01
      vertex 59.8287 173.611 100
      vertex 59.8287 173.611 95.01
    endloop
  endfacet
  facet normal -0.773148 0.634226 0
    outer loop
      vertex 59.8287 173.611 100
      vertex 59.5178 173.232 95.01
      vertex 59.5178 173.232 100
    endloop
  endfacet
  facet normal -0.881844 0.471542 0
    outer loop
      vertex 59.8287 173.611 95.01
      vertex 60.0597 174.043 100
      vertex 60.0597 174.043 95.01
    endloop
  endfacet
  facet normal -0.881844 0.471542 0
    outer loop
      vertex 60.0597 174.043 100
      vertex 59.8287 173.611 95.01
      vertex 59.8287 173.611 100
    endloop
  endfacet
  facet normal -0.956923 0.290341 0
    outer loop
      vertex 60.0597 174.043 95.01
      vertex 60.202 174.512 100
      vertex 60.202 174.512 95.01
    endloop
  endfacet
  facet normal -0.956923 0.290341 0
    outer loop
      vertex 60.202 174.512 100
      vertex 60.0597 174.043 95.01
      vertex 60.0597 174.043 100
    endloop
  endfacet
  facet normal -0.995197 0.0978883 0
    outer loop
      vertex 60.202 174.512 95.01
      vertex 60.25 175 100
      vertex 60.25 175 95.01
    endloop
  endfacet
  facet normal -0.995197 0.0978883 0
    outer loop
      vertex 60.25 175 100
      vertex 60.202 174.512 95.01
      vertex 60.202 174.512 100
    endloop
  endfacet
  facet normal -0.995197 -0.0978883 0
    outer loop
      vertex 60.25 175 95.01
      vertex 60.202 175.488 100
      vertex 60.202 175.488 95.01
    endloop
  endfacet
  facet normal -0.995197 -0.0978883 0
    outer loop
      vertex 60.202 175.488 100
      vertex 60.25 175 95.01
      vertex 60.25 175 100
    endloop
  endfacet
  facet normal -0.956923 -0.290341 0
    outer loop
      vertex 60.202 175.488 95.01
      vertex 60.0597 175.957 100
      vertex 60.0597 175.957 95.01
    endloop
  endfacet
  facet normal -0.956923 -0.290341 0
    outer loop
      vertex 60.0597 175.957 100
      vertex 60.202 175.488 95.01
      vertex 60.202 175.488 100
    endloop
  endfacet
  facet normal -0.881844 -0.471542 0
    outer loop
      vertex 60.0597 175.957 95.01
      vertex 59.8287 176.389 100
      vertex 59.8287 176.389 95.01
    endloop
  endfacet
  facet normal -0.881844 -0.471542 0
    outer loop
      vertex 59.8287 176.389 100
      vertex 60.0597 175.957 95.01
      vertex 60.0597 175.957 100
    endloop
  endfacet
  facet normal -0.773148 -0.634226 0
    outer loop
      vertex 59.8287 176.389 95.01
      vertex 59.5178 176.768 100
      vertex 59.5178 176.768 95.01
    endloop
  endfacet
  facet normal -0.773148 -0.634226 0
    outer loop
      vertex 59.5178 176.768 100
      vertex 59.8287 176.389 95.01
      vertex 59.8287 176.389 100
    endloop
  endfacet
  facet normal -0.634448 -0.772966 0
    outer loop
      vertex 59.1389 177.079 95.01
      vertex 59.5178 176.768 100
      vertex 59.1389 177.079 100
    endloop
  endfacet
  facet normal -0.634448 -0.772966 -0
    outer loop
      vertex 59.5178 176.768 100
      vertex 59.1389 177.079 95.01
      vertex 59.5178 176.768 95.01
    endloop
  endfacet
  facet normal -0.471372 -0.881935 0
    outer loop
      vertex 58.7067 177.31 95.01
      vertex 59.1389 177.079 100
      vertex 58.7067 177.31 100
    endloop
  endfacet
  facet normal -0.471372 -0.881935 -0
    outer loop
      vertex 59.1389 177.079 100
      vertex 58.7067 177.31 95.01
      vertex 59.1389 177.079 95.01
    endloop
  endfacet
  facet normal -0.289781 -0.957093 0
    outer loop
      vertex 58.2377 177.452 95.01
      vertex 58.7067 177.31 100
      vertex 58.2377 177.452 100
    endloop
  endfacet
  facet normal -0.289781 -0.957093 -0
    outer loop
      vertex 58.7067 177.31 100
      vertex 58.2377 177.452 95.01
      vertex 58.7067 177.31 95.01
    endloop
  endfacet
  facet normal -0.0979479 -0.995192 0
    outer loop
      vertex 57.75 177.5 95.01
      vertex 58.2377 177.452 100
      vertex 57.75 177.5 100
    endloop
  endfacet
  facet normal -0.0979479 -0.995192 -0
    outer loop
      vertex 58.2377 177.452 100
      vertex 57.75 177.5 95.01
      vertex 58.2377 177.452 95.01
    endloop
  endfacet
  facet normal 0.0979479 -0.995192 0
    outer loop
      vertex 57.2623 177.452 95.01
      vertex 57.75 177.5 100
      vertex 57.2623 177.452 100
    endloop
  endfacet
  facet normal 0.0979479 -0.995192 0
    outer loop
      vertex 57.75 177.5 100
      vertex 57.2623 177.452 95.01
      vertex 57.75 177.5 95.01
    endloop
  endfacet
  facet normal 0.289781 -0.957093 0
    outer loop
      vertex 56.7933 177.31 95.01
      vertex 57.2623 177.452 100
      vertex 56.7933 177.31 100
    endloop
  endfacet
  facet normal 0.289781 -0.957093 0
    outer loop
      vertex 57.2623 177.452 100
      vertex 56.7933 177.31 95.01
      vertex 57.2623 177.452 95.01
    endloop
  endfacet
  facet normal 0.471372 -0.881935 0
    outer loop
      vertex 56.3611 177.079 95.01
      vertex 56.7933 177.31 100
      vertex 56.3611 177.079 100
    endloop
  endfacet
  facet normal 0.471372 -0.881935 0
    outer loop
      vertex 56.7933 177.31 100
      vertex 56.3611 177.079 95.01
      vertex 56.7933 177.31 95.01
    endloop
  endfacet
  facet normal 0.634448 -0.772966 0
    outer loop
      vertex 55.9822 176.768 95.01
      vertex 56.3611 177.079 100
      vertex 55.9822 176.768 100
    endloop
  endfacet
  facet normal 0.634448 -0.772966 0
    outer loop
      vertex 56.3611 177.079 100
      vertex 55.9822 176.768 95.01
      vertex 56.3611 177.079 95.01
    endloop
  endfacet
  facet normal 0.773148 -0.634226 0
    outer loop
      vertex 55.6713 176.389 100
      vertex 55.9822 176.768 95.01
      vertex 55.9822 176.768 100
    endloop
  endfacet
  facet normal 0.773148 -0.634226 0
    outer loop
      vertex 55.9822 176.768 95.01
      vertex 55.6713 176.389 100
      vertex 55.6713 176.389 95.01
    endloop
  endfacet
  facet normal 0.881844 -0.471542 0
    outer loop
      vertex 55.4403 175.957 100
      vertex 55.6713 176.389 95.01
      vertex 55.6713 176.389 100
    endloop
  endfacet
  facet normal 0.881844 -0.471542 0
    outer loop
      vertex 55.6713 176.389 95.01
      vertex 55.4403 175.957 100
      vertex 55.4403 175.957 95.01
    endloop
  endfacet
  facet normal 0.956923 -0.290341 0
    outer loop
      vertex 55.298 175.488 100
      vertex 55.4403 175.957 95.01
      vertex 55.4403 175.957 100
    endloop
  endfacet
  facet normal 0.956923 -0.290341 0
    outer loop
      vertex 55.4403 175.957 95.01
      vertex 55.298 175.488 100
      vertex 55.298 175.488 95.01
    endloop
  endfacet
  facet normal 0.995197 -0.0978883 0
    outer loop
      vertex 55.25 175 100
      vertex 55.298 175.488 95.01
      vertex 55.298 175.488 100
    endloop
  endfacet
  facet normal 0.995197 -0.0978883 0
    outer loop
      vertex 55.298 175.488 95.01
      vertex 55.25 175 100
      vertex 55.25 175 95.01
    endloop
  endfacet
  facet normal 0.995197 0.0978883 0
    outer loop
      vertex 55.298 174.512 100
      vertex 55.25 175 95.01
      vertex 55.25 175 100
    endloop
  endfacet
  facet normal 0.995197 0.0978883 0
    outer loop
      vertex 55.25 175 95.01
      vertex 55.298 174.512 100
      vertex 55.298 174.512 95.01
    endloop
  endfacet
  facet normal 0.956923 0.290341 0
    outer loop
      vertex 55.4403 174.043 100
      vertex 55.298 174.512 95.01
      vertex 55.298 174.512 100
    endloop
  endfacet
  facet normal 0.956923 0.290341 0
    outer loop
      vertex 55.298 174.512 95.01
      vertex 55.4403 174.043 100
      vertex 55.4403 174.043 95.01
    endloop
  endfacet
  facet normal 0.881844 0.471542 0
    outer loop
      vertex 55.6713 173.611 100
      vertex 55.4403 174.043 95.01
      vertex 55.4403 174.043 100
    endloop
  endfacet
  facet normal 0.881844 0.471542 0
    outer loop
      vertex 55.4403 174.043 95.01
      vertex 55.6713 173.611 100
      vertex 55.6713 173.611 95.01
    endloop
  endfacet
  facet normal 0.773148 0.634226 0
    outer loop
      vertex 55.9822 173.232 100
      vertex 55.6713 173.611 95.01
      vertex 55.6713 173.611 100
    endloop
  endfacet
  facet normal 0.773148 0.634226 0
    outer loop
      vertex 55.6713 173.611 95.01
      vertex 55.9822 173.232 100
      vertex 55.9822 173.232 95.01
    endloop
  endfacet
  facet normal 0.634448 0.772966 -0
    outer loop
      vertex 56.3611 172.921 95.01
      vertex 55.9822 173.232 100
      vertex 56.3611 172.921 100
    endloop
  endfacet
  facet normal 0.634448 0.772966 0
    outer loop
      vertex 55.9822 173.232 100
      vertex 56.3611 172.921 95.01
      vertex 55.9822 173.232 95.01
    endloop
  endfacet
  facet normal 0.470192 0.882564 -0
    outer loop
      vertex 56.5 172.847 95.01
      vertex 56.3611 172.921 100
      vertex 56.5 172.847 100
    endloop
  endfacet
  facet normal 0.470192 0.882564 0
    outer loop
      vertex 56.3611 172.921 100
      vertex 56.5 172.847 95.01
      vertex 56.3611 172.921 95.01
    endloop
  endfacet
  facet normal 1 -0 0
    outer loop
      vertex 56.5 63.892 100
      vertex 56.5 172.847 95.01
      vertex 56.5 172.847 100
    endloop
  endfacet
  facet normal 1 0 0
    outer loop
      vertex 56.5 172.847 95.01
      vertex 56.5 63.892 100
      vertex 56.5 63.892 95.01
    endloop
  endfacet
  facet normal 0 1 -0
    outer loop
      vertex 83.5 63.892 95.01
      vertex 56.5 63.892 100
      vertex 83.5 63.892 100
    endloop
  endfacet
  facet normal 0 1 0
    outer loop
      vertex 56.5 63.892 100
      vertex 83.5 63.892 95.01
      vertex 56.5 63.892 95.01
    endloop
  endfacet
  facet normal -1 0 0
    outer loop
      vertex 83.5 63.892 95.01
      vertex 83.5 172.847 100
      vertex 83.5 172.847 95.01
    endloop
  endfacet
  facet normal -1 -0 0
    outer loop
      vertex 83.5 172.847 100
      vertex 83.5 63.892 95.01
      vertex 83.5 63.892 100
    endloop
  endfacet
  facet normal -0.469929 0.882704 0
    outer loop
      vertex 147.639 172.921 95.01
      vertex 147.5 172.847 100
      vertex 147.639 172.921 100
    endloop
  endfacet
  facet normal -0.469929 0.882704 0
    outer loop
      vertex 147.5 172.847 100
      vertex 147.639 172.921 95.01
      vertex 147.5 172.847 95.01
    endloop
  endfacet
  facet normal -0.634348 0.773048 0
    outer loop
      vertex 148.018 173.232 95.01
      vertex 147.639 172.921 100
      vertex 148.018 173.232 100
    endloop
  endfacet
  facet normal -0.634348 0.773048 0
    outer loop
      vertex 147.639 172.921 100
      vertex 148.018 173.232 95.01
      vertex 147.639 172.921 95.01
    endloop
  endfacet
  facet normal -0.773048 0.634348 0
    outer loop
      vertex 148.018 173.232 95.01
      vertex 148.329 173.611 100
      vertex 148.329 173.611 95.01
    endloop
  endfacet
  facet normal -0.773048 0.634348 0
    outer loop
      vertex 148.329 173.611 100
      vertex 148.018 173.232 95.01
      vertex 148.018 173.232 100
    endloop
  endfacet
  facet normal -0.881844 0.471542 0
    outer loop
      vertex 148.329 173.611 95.01
      vertex 148.56 174.043 100
      vertex 148.56 174.043 95.01
    endloop
  endfacet
  facet normal -0.881844 0.471542 0
    outer loop
      vertex 148.56 174.043 100
      vertex 148.329 173.611 95.01
      vertex 148.329 173.611 100
    endloop
  endfacet
  facet normal -0.957093 0.289781 0
    outer loop
      vertex 148.56 174.043 95.01
      vertex 148.702 174.512 100
      vertex 148.702 174.512 95.01
    endloop
  endfacet
  facet normal -0.957093 0.289781 0
    outer loop
      vertex 148.702 174.512 100
      vertex 148.56 174.043 95.01
      vertex 148.56 174.043 100
    endloop
  endfacet
  facet normal -0.995197 0.0978883 0
    outer loop
      vertex 148.702 174.512 95.01
      vertex 148.75 175 100
      vertex 148.75 175 95.01
    endloop
  endfacet
  facet normal -0.995197 0.0978883 0
    outer loop
      vertex 148.75 175 100
      vertex 148.702 174.512 95.01
      vertex 148.702 174.512 100
    endloop
  endfacet
  facet normal -0.995197 -0.0978883 0
    outer loop
      vertex 148.75 175 95.01
      vertex 148.702 175.488 100
      vertex 148.702 175.488 95.01
    endloop
  endfacet
  facet normal -0.995197 -0.0978883 0
    outer loop
      vertex 148.702 175.488 100
      vertex 148.75 175 95.01
      vertex 148.75 175 100
    endloop
  endfacet
  facet normal -0.957093 -0.289781 0
    outer loop
      vertex 148.702 175.488 95.01
      vertex 148.56 175.957 100
      vertex 148.56 175.957 95.01
    endloop
  endfacet
  facet normal -0.957093 -0.289781 0
    outer loop
      vertex 148.56 175.957 100
      vertex 148.702 175.488 95.01
      vertex 148.702 175.488 100
    endloop
  endfacet
  facet normal -0.881844 -0.471542 0
    outer loop
      vertex 148.56 175.957 95.01
      vertex 148.329 176.389 100
      vertex 148.329 176.389 95.01
    endloop
  endfacet
  facet normal -0.881844 -0.471542 0
    outer loop
      vertex 148.329 176.389 100
      vertex 148.56 175.957 95.01
      vertex 148.56 175.957 100
    endloop
  endfacet
  facet normal -0.773048 -0.634348 0
    outer loop
      vertex 148.329 176.389 95.01
      vertex 148.018 176.768 100
      vertex 148.018 176.768 95.01
    endloop
  endfacet
  facet normal -0.773048 -0.634348 0
    outer loop
      vertex 148.018 176.768 100
      vertex 148.329 176.389 95.01
      vertex 148.329 176.389 100
    endloop
  endfacet
  facet normal -0.634348 -0.773048 0
    outer loop
      vertex 147.639 177.079 95.01
      vertex 148.018 176.768 100
      vertex 147.639 177.079 100
    endloop
  endfacet
  facet normal -0.634348 -0.773048 -0
    outer loop
      vertex 148.018 176.768 100
      vertex 147.639 177.079 95.01
      vertex 148.018 176.768 95.01
    endloop
  endfacet
  facet normal -0.471542 -0.881844 0
    outer loop
      vertex 147.207 177.31 95.01
      vertex 147.639 177.079 100
      vertex 147.207 177.31 100
    endloop
  endfacet
  facet normal -0.471542 -0.881844 -0
    outer loop
      vertex 147.639 177.079 100
      vertex 147.207 177.31 95.01
      vertex 147.639 177.079 95.01
    endloop
  endfacet
  facet normal -0.289781 -0.957093 0
    outer loop
      vertex 146.738 177.452 95.01
      vertex 147.207 177.31 100
      vertex 146.738 177.452 100
    endloop
  endfacet
  facet normal -0.289781 -0.957093 -0
    outer loop
      vertex 147.207 177.31 100
      vertex 146.738 177.452 95.01
      vertex 147.207 177.31 95.01
    endloop
  endfacet
  facet normal -0.0978883 -0.995197 0
    outer loop
      vertex 146.25 177.5 95.01
      vertex 146.738 177.452 100
      vertex 146.25 177.5 100
    endloop
  endfacet
  facet normal -0.0978883 -0.995197 -0
    outer loop
      vertex 146.738 177.452 100
      vertex 146.25 177.5 95.01
      vertex 146.738 177.452 95.01
    endloop
  endfacet
  facet normal 0.0978883 -0.995197 0
    outer loop
      vertex 145.762 177.452 95.01
      vertex 146.25 177.5 100
      vertex 145.762 177.452 100
    endloop
  endfacet
  facet normal 0.0978883 -0.995197 0
    outer loop
      vertex 146.25 177.5 100
      vertex 145.762 177.452 95.01
      vertex 146.25 177.5 95.01
    endloop
  endfacet
  facet normal 0.289781 -0.957093 0
    outer loop
      vertex 145.293 177.31 95.01
      vertex 145.762 177.452 100
      vertex 145.293 177.31 100
    endloop
  endfacet
  facet normal 0.289781 -0.957093 0
    outer loop
      vertex 145.762 177.452 100
      vertex 145.293 177.31 95.01
      vertex 145.762 177.452 95.01
    endloop
  endfacet
  facet normal 0.471542 -0.881844 0
    outer loop
      vertex 144.861 177.079 95.01
      vertex 145.293 177.31 100
      vertex 144.861 177.079 100
    endloop
  endfacet
  facet normal 0.471542 -0.881844 0
    outer loop
      vertex 145.293 177.31 100
      vertex 144.861 177.079 95.01
      vertex 145.293 177.31 95.01
    endloop
  endfacet
  facet normal 0.634348 -0.773048 0
    outer loop
      vertex 144.482 176.768 95.01
      vertex 144.861 177.079 100
      vertex 144.482 176.768 100
    endloop
  endfacet
  facet normal 0.634348 -0.773048 0
    outer loop
      vertex 144.861 177.079 100
      vertex 144.482 176.768 95.01
      vertex 144.861 177.079 95.01
    endloop
  endfacet
  facet normal 0.773048 -0.634348 0
    outer loop
      vertex 144.171 176.389 100
      vertex 144.482 176.768 95.01
      vertex 144.482 176.768 100
    endloop
  endfacet
  facet normal 0.773048 -0.634348 0
    outer loop
      vertex 144.482 176.768 95.01
      vertex 144.171 176.389 100
      vertex 144.171 176.389 95.01
    endloop
  endfacet
  facet normal 0.881844 -0.471542 0
    outer loop
      vertex 143.94 175.957 100
      vertex 144.171 176.389 95.01
      vertex 144.171 176.389 100
    endloop
  endfacet
  facet normal 0.881844 -0.471542 0
    outer loop
      vertex 144.171 176.389 95.01
      vertex 143.94 175.957 100
      vertex 143.94 175.957 95.01
    endloop
  endfacet
  facet normal 0.957093 -0.289781 0
    outer loop
      vertex 143.798 175.488 100
      vertex 143.94 175.957 95.01
      vertex 143.94 175.957 100
    endloop
  endfacet
  facet normal 0.957093 -0.289781 0
    outer loop
      vertex 143.94 175.957 95.01
      vertex 143.798 175.488 100
      vertex 143.798 175.488 95.01
    endloop
  endfacet
  facet normal 0.995197 -0.0978883 0
    outer loop
      vertex 143.75 175 100
      vertex 143.798 175.488 95.01
      vertex 143.798 175.488 100
    endloop
  endfacet
  facet normal 0.995197 -0.0978883 0
    outer loop
      vertex 143.798 175.488 95.01
      vertex 143.75 175 100
      vertex 143.75 175 95.01
    endloop
  endfacet
  facet normal 0.995197 0.0978883 0
    outer loop
      vertex 143.798 174.512 100
      vertex 143.75 175 95.01
      vertex 143.75 175 100
    endloop
  endfacet
  facet normal 0.995197 0.0978883 0
    outer loop
      vertex 143.75 175 95.01
      vertex 143.798 174.512 100
      vertex 143.798 174.512 95.01
    endloop
  endfacet
  facet normal 0.957093 0.289781 0
    outer loop
      vertex 143.94 174.043 100
      vertex 143.798 174.512 95.01
      vertex 143.798 174.512 100
    endloop
  endfacet
  facet normal 0.957093 0.289781 0
    outer loop
      vertex 143.798 174.512 95.01
      vertex 143.94 174.043 100
      vertex 143.94 174.043 95.01
    endloop
  endfacet
  facet normal 0.881844 0.471542 0
    outer loop
      vertex 144.171 173.611 100
      vertex 143.94 174.043 95.01
      vertex 143.94 174.043 100
    endloop
  endfacet
  facet normal 0.881844 0.471542 0
    outer loop
      vertex 143.94 174.043 95.01
      vertex 144.171 173.611 100
      vertex 144.171 173.611 95.01
    endloop
  endfacet
  facet normal 0.773048 0.634348 0
    outer loop
      vertex 144.482 173.232 100
      vertex 144.171 173.611 95.01
      vertex 144.171 173.611 100
    endloop
  endfacet
  facet normal 0.773048 0.634348 0
    outer loop
      vertex 144.171 173.611 95.01
      vertex 144.482 173.232 100
      vertex 144.482 173.232 95.01
    endloop
  endfacet
  facet normal 0.634348 0.773048 -0
    outer loop
      vertex 144.861 172.921 95.01
      vertex 144.482 173.232 100
      vertex 144.861 172.921 100
    endloop
  endfacet
  facet normal 0.634348 0.773048 0
    outer loop
      vertex 144.482 173.232 100
      vertex 144.861 172.921 95.01
      vertex 144.482 173.232 95.01
    endloop
  endfacet
  facet normal 0.469929 0.882704 -0
    outer loop
      vertex 145 172.847 95.01
      vertex 144.861 172.921 100
      vertex 145 172.847 100
    endloop
  endfacet
  facet normal 0.469929 0.882704 0
    outer loop
      vertex 144.861 172.921 100
      vertex 145 172.847 95.01
      vertex 144.861 172.921 95.01
    endloop
  endfacet
  facet normal 1 -0 0
    outer loop
      vertex 145 80.9971 100
      vertex 145 172.847 95.01
      vertex 145 172.847 100
    endloop
  endfacet
  facet normal 1 0 0
    outer loop
      vertex 145 172.847 95.01
      vertex 145 80.9971 100
      vertex 145 80.9971 95.01
    endloop
  endfacet
  facet normal 0 -1 0
    outer loop
      vertex 123 80.9971 95.01
      vertex 145 80.9971 100
      vertex 123 80.9971 100
    endloop
  endfacet
  facet normal 0 -1 -0
    outer loop
      vertex 145 80.9971 100
      vertex 123 80.9971 95.01
      vertex 145 80.9971 95.01
    endloop
  endfacet
  facet normal -1 0 0
    outer loop
      vertex 123 80.9971 95.01
      vertex 123 172.847 100
      vertex 123 172.847 95.01
    endloop
  endfacet
  facet normal -1 -0 0
    outer loop
      vertex 123 172.847 100
      vertex 123 80.9971 95.01
      vertex 123 80.9971 100
    endloop
  endfacet
  facet normal -0.469929 0.882704 0
    outer loop
      vertex 123.139 172.921 95.01
      vertex 123 172.847 100
      vertex 123.139 172.921 100
    endloop
  endfacet
  facet normal -0.469929 0.882704 0
    outer loop
      vertex 123 172.847 100
      vertex 123.139 172.921 95.01
      vertex 123 172.847 95.01
    endloop
  endfacet
  facet normal -0.634348 0.773048 0
    outer loop
      vertex 123.518 173.232 95.01
      vertex 123.139 172.921 100
      vertex 123.518 173.232 100
    endloop
  endfacet
  facet normal -0.634348 0.773048 0
    outer loop
      vertex 123.139 172.921 100
      vertex 123.518 173.232 95.01
      vertex 123.139 172.921 95.01
    endloop
  endfacet
  facet normal -0.773048 0.634348 0
    outer loop
      vertex 123.518 173.232 95.01
      vertex 123.829 173.611 100
      vertex 123.829 173.611 95.01
    endloop
  endfacet
  facet normal -0.773048 0.634348 0
    outer loop
      vertex 123.829 173.611 100
      vertex 123.518 173.232 95.01
      vertex 123.518 173.232 100
    endloop
  endfacet
  facet normal -0.881844 0.471542 0
    outer loop
      vertex 123.829 173.611 95.01
      vertex 124.06 174.043 100
      vertex 124.06 174.043 95.01
    endloop
  endfacet
  facet normal -0.881844 0.471542 0
    outer loop
      vertex 124.06 174.043 100
      vertex 123.829 173.611 95.01
      vertex 123.829 173.611 100
    endloop
  endfacet
  facet normal -0.957093 0.289781 0
    outer loop
      vertex 124.06 174.043 95.01
      vertex 124.202 174.512 100
      vertex 124.202 174.512 95.01
    endloop
  endfacet
  facet normal -0.957093 0.289781 0
    outer loop
      vertex 124.202 174.512 100
      vertex 124.06 174.043 95.01
      vertex 124.06 174.043 100
    endloop
  endfacet
  facet normal -0.995197 0.0978883 0
    outer loop
      vertex 124.202 174.512 95.01
      vertex 124.25 175 100
      vertex 124.25 175 95.01
    endloop
  endfacet
  facet normal -0.995197 0.0978883 0
    outer loop
      vertex 124.25 175 100
      vertex 124.202 174.512 95.01
      vertex 124.202 174.512 100
    endloop
  endfacet
  facet normal -0.995197 -0.0978883 0
    outer loop
      vertex 124.25 175 95.01
      vertex 124.202 175.488 100
      vertex 124.202 175.488 95.01
    endloop
  endfacet
  facet normal -0.995197 -0.0978883 0
    outer loop
      vertex 124.202 175.488 100
      vertex 124.25 175 95.01
      vertex 124.25 175 100
    endloop
  endfacet
  facet normal -0.957093 -0.289781 0
    outer loop
      vertex 124.202 175.488 95.01
      vertex 124.06 175.957 100
      vertex 124.06 175.957 95.01
    endloop
  endfacet
  facet normal -0.957093 -0.289781 0
    outer loop
      vertex 124.06 175.957 100
      vertex 124.202 175.488 95.01
      vertex 124.202 175.488 100
    endloop
  endfacet
  facet normal -0.881844 -0.471542 0
    outer loop
      vertex 124.06 175.957 95.01
      vertex 123.829 176.389 100
      vertex 123.829 176.389 95.01
    endloop
  endfacet
  facet normal -0.881844 -0.471542 0
    outer loop
      vertex 123.829 176.389 100
      vertex 124.06 175.957 95.01
      vertex 124.06 175.957 100
    endloop
  endfacet
  facet normal -0.773048 -0.634348 0
    outer loop
      vertex 123.829 176.389 95.01
      vertex 123.518 176.768 100
      vertex 123.518 176.768 95.01
    endloop
  endfacet
  facet normal -0.773048 -0.634348 0
    outer loop
      vertex 123.518 176.768 100
      vertex 123.829 176.389 95.01
      vertex 123.829 176.389 100
    endloop
  endfacet
  facet normal -0.634348 -0.773048 0
    outer loop
      vertex 123.139 177.079 95.01
      vertex 123.518 176.768 100
      vertex 123.139 177.079 100
    endloop
  endfacet
  facet normal -0.634348 -0.773048 -0
    outer loop
      vertex 123.518 176.768 100
      vertex 123.139 177.079 95.01
      vertex 123.518 176.768 95.01
    endloop
  endfacet
  facet normal -0.471542 -0.881844 0
    outer loop
      vertex 122.707 177.31 95.01
      vertex 123.139 177.079 100
      vertex 122.707 177.31 100
    endloop
  endfacet
  facet normal -0.471542 -0.881844 -0
    outer loop
      vertex 123.139 177.079 100
      vertex 122.707 177.31 95.01
      vertex 123.139 177.079 95.01
    endloop
  endfacet
  facet normal -0.289781 -0.957093 0
    outer loop
      vertex 122.238 177.452 95.01
      vertex 122.707 177.31 100
      vertex 122.238 177.452 100
    endloop
  endfacet
  facet normal -0.289781 -0.957093 -0
    outer loop
      vertex 122.707 177.31 100
      vertex 122.238 177.452 95.01
      vertex 122.707 177.31 95.01
    endloop
  endfacet
  facet normal -0.0978883 -0.995197 0
    outer loop
      vertex 121.75 177.5 95.01
      vertex 122.238 177.452 100
      vertex 121.75 177.5 100
    endloop
  endfacet
  facet normal -0.0978883 -0.995197 -0
    outer loop
      vertex 122.238 177.452 100
      vertex 121.75 177.5 95.01
      vertex 122.238 177.452 95.01
    endloop
  endfacet
  facet normal 0.0978883 -0.995197 0
    outer loop
      vertex 121.262 177.452 95.01
      vertex 121.75 177.5 100
      vertex 121.262 177.452 100
    endloop
  endfacet
  facet normal 0.0978883 -0.995197 0
    outer loop
      vertex 121.75 177.5 100
      vertex 121.262 177.452 95.01
      vertex 121.75 177.5 95.01
    endloop
  endfacet
  facet normal 0.289781 -0.957093 0
    outer loop
      vertex 120.793 177.31 95.01
      vertex 121.262 177.452 100
      vertex 120.793 177.31 100
    endloop
  endfacet
  facet normal 0.289781 -0.957093 0
    outer loop
      vertex 121.262 177.452 100
      vertex 120.793 177.31 95.01
      vertex 121.262 177.452 95.01
    endloop
  endfacet
  facet normal 0.471542 -0.881844 0
    outer loop
      vertex 120.361 177.079 95.01
      vertex 120.793 177.31 100
      vertex 120.361 177.079 100
    endloop
  endfacet
  facet normal 0.471542 -0.881844 0
    outer loop
      vertex 120.793 177.31 100
      vertex 120.361 177.079 95.01
      vertex 120.793 177.31 95.01
    endloop
  endfacet
  facet normal 0.634348 -0.773048 0
    outer loop
      vertex 119.982 176.768 95.01
      vertex 120.361 177.079 100
      vertex 119.982 176.768 100
    endloop
  endfacet
  facet normal 0.634348 -0.773048 0
    outer loop
      vertex 120.361 177.079 100
      vertex 119.982 176.768 95.01
      vertex 120.361 177.079 95.01
    endloop
  endfacet
  facet normal 0.773048 -0.634348 0
    outer loop
      vertex 119.671 176.389 100
      vertex 119.982 176.768 95.01
      vertex 119.982 176.768 100
    endloop
  endfacet
  facet normal 0.773048 -0.634348 0
    outer loop
      vertex 119.982 176.768 95.01
      vertex 119.671 176.389 100
      vertex 119.671 176.389 95.01
    endloop
  endfacet
  facet normal 0.881844 -0.471542 0
    outer loop
      vertex 119.44 175.957 100
      vertex 119.671 176.389 95.01
      vertex 119.671 176.389 100
    endloop
  endfacet
  facet normal 0.881844 -0.471542 0
    outer loop
      vertex 119.671 176.389 95.01
      vertex 119.44 175.957 100
      vertex 119.44 175.957 95.01
    endloop
  endfacet
  facet normal 0.957093 -0.289781 0
    outer loop
      vertex 119.298 175.488 100
      vertex 119.44 175.957 95.01
      vertex 119.44 175.957 100
    endloop
  endfacet
  facet normal 0.957093 -0.289781 0
    outer loop
      vertex 119.44 175.957 95.01
      vertex 119.298 175.488 100
      vertex 119.298 175.488 95.01
    endloop
  endfacet
  facet normal 0.995197 -0.0978883 0
    outer loop
      vertex 119.25 175 100
      vertex 119.298 175.488 95.01
      vertex 119.298 175.488 100
    endloop
  endfacet
  facet normal 0.995197 -0.0978883 0
    outer loop
      vertex 119.298 175.488 95.01
      vertex 119.25 175 100
      vertex 119.25 175 95.01
    endloop
  endfacet
  facet normal 0.995197 0.0978883 0
    outer loop
      vertex 119.298 174.512 100
      vertex 119.25 175 95.01
      vertex 119.25 175 100
    endloop
  endfacet
  facet normal 0.995197 0.0978883 0
    outer loop
      vertex 119.25 175 95.01
      vertex 119.298 174.512 100
      vertex 119.298 174.512 95.01
    endloop
  endfacet
  facet normal 0.957093 0.289781 0
    outer loop
      vertex 119.44 174.043 100
      vertex 119.298 174.512 95.01
      vertex 119.298 174.512 100
    endloop
  endfacet
  facet normal 0.957093 0.289781 0
    outer loop
      vertex 119.298 174.512 95.01
      vertex 119.44 174.043 100
      vertex 119.44 174.043 95.01
    endloop
  endfacet
  facet normal 0.881844 0.471542 0
    outer loop
      vertex 119.671 173.611 100
      vertex 119.44 174.043 95.01
      vertex 119.44 174.043 100
    endloop
  endfacet
  facet normal 0.881844 0.471542 0
    outer loop
      vertex 119.44 174.043 95.01
      vertex 119.671 173.611 100
      vertex 119.671 173.611 95.01
    endloop
  endfacet
  facet normal 0.773048 0.634348 0
    outer loop
      vertex 119.982 173.232 100
      vertex 119.671 173.611 95.01
      vertex 119.671 173.611 100
    endloop
  endfacet
  facet normal 0.773048 0.634348 0
    outer loop
      vertex 119.671 173.611 95.01
      vertex 119.982 173.232 100
      vertex 119.982 173.232 95.01
    endloop
  endfacet
  facet normal 0.634348 0.773048 -0
    outer loop
      vertex 120.361 172.921 95.01
      vertex 119.982 173.232 100
      vertex 120.361 172.921 100
    endloop
  endfacet
  facet normal 0.634348 0.773048 0
    outer loop
      vertex 119.982 173.232 100
      vertex 120.361 172.921 95.01
      vertex 119.982 173.232 95.01
    endloop
  endfacet
  facet normal 0.469929 0.882704 -0
    outer loop
      vertex 120.5 172.847 95.01
      vertex 120.361 172.921 100
      vertex 120.5 172.847 100
    endloop
  endfacet
  facet normal 0.469929 0.882704 0
    outer loop
      vertex 120.361 172.921 100
      vertex 120.5 172.847 95.01
      vertex 120.361 172.921 95.01
    endloop
  endfacet
  facet normal 1 -0 0
    outer loop
      vertex 120.5 78.4971 100
      vertex 120.5 172.847 95.01
      vertex 120.5 172.847 100
    endloop
  endfacet
  facet normal 1 0 0
    outer loop
      vertex 120.5 172.847 95.01
      vertex 120.5 78.4971 100
      vertex 120.5 78.4971 95.01
    endloop
  endfacet
  facet normal 0 1 -0
    outer loop
      vertex 147.5 78.4971 95.01
      vertex 120.5 78.4971 100
      vertex 147.5 78.4971 100
    endloop
  endfacet
  facet normal 0 1 0
    outer loop
      vertex 120.5 78.4971 100
      vertex 147.5 78.4971 95.01
      vertex 120.5 78.4971 95.01
    endloop
  endfacet
  facet normal -1 0 0
    outer loop
      vertex 147.5 78.4971 95.01
      vertex 147.5 172.847 100
      vertex 147.5 172.847 95.01
    endloop
  endfacet
  facet normal -1 -0 0
    outer loop
      vertex 147.5 172.847 100
      vertex 147.5 78.4971 95.01
      vertex 147.5 78.4971 100
    endloop
  endfacet
  facet normal -0.469929 0.882704 0
    outer loop
      vertex 211.639 172.921 95.01
      vertex 211.5 172.847 100
      vertex 211.639 172.921 100
    endloop
  endfacet
  facet normal -0.469929 0.882704 0
    outer loop
      vertex 211.5 172.847 100
      vertex 211.639 172.921 95.01
      vertex 211.5 172.847 95.01
    endloop
  endfacet
  facet normal -0.634348 0.773048 0
    outer loop
      vertex 212.018 173.232 95.01
      vertex 211.639 172.921 100
      vertex 212.018 173.232 100
    endloop
  endfacet
  facet normal -0.634348 0.773048 0
    outer loop
      vertex 211.639 172.921 100
      vertex 212.018 173.232 95.01
      vertex 211.639 172.921 95.01
    endloop
  endfacet
  facet normal -0.773048 0.634348 0
    outer loop
      vertex 212.018 173.232 95.01
      vertex 212.329 173.611 100
      vertex 212.329 173.611 95.01
    endloop
  endfacet
  facet normal -0.773048 0.634348 0
    outer loop
      vertex 212.329 173.611 100
      vertex 212.018 173.232 95.01
      vertex 212.018 173.232 100
    endloop
  endfacet
  facet normal -0.881844 0.471542 0
    outer loop
      vertex 212.329 173.611 95.01
      vertex 212.56 174.043 100
      vertex 212.56 174.043 95.01
    endloop
  endfacet
  facet normal -0.881844 0.471542 0
    outer loop
      vertex 212.56 174.043 100
      vertex 212.329 173.611 95.01
      vertex 212.329 173.611 100
    endloop
  endfacet
  facet normal -0.957093 0.289781 0
    outer loop
      vertex 212.56 174.043 95.01
      vertex 212.702 174.512 100
      vertex 212.702 174.512 95.01
    endloop
  endfacet
  facet normal -0.957093 0.289781 0
    outer loop
      vertex 212.702 174.512 100
      vertex 212.56 174.043 95.01
      vertex 212.56 174.043 100
    endloop
  endfacet
  facet normal -0.995197 0.0978883 0
    outer loop
      vertex 212.702 174.512 95.01
      vertex 212.75 175 100
      vertex 212.75 175 95.01
    endloop
  endfacet
  facet normal -0.995197 0.0978883 0
    outer loop
      vertex 212.75 175 100
      vertex 212.702 174.512 95.01
      vertex 212.702 174.512 100
    endloop
  endfacet
  facet normal -0.995197 -0.0978883 0
    outer loop
      vertex 212.75 175 95.01
      vertex 212.702 175.488 100
      vertex 212.702 175.488 95.01
    endloop
  endfacet
  facet normal -0.995197 -0.0978883 0
    outer loop
      vertex 212.702 175.488 100
      vertex 212.75 175 95.01
      vertex 212.75 175 100
    endloop
  endfacet
  facet normal -0.957093 -0.289781 0
    outer loop
      vertex 212.702 175.488 95.01
      vertex 212.56 175.957 100
      vertex 212.56 175.957 95.01
    endloop
  endfacet
  facet normal -0.957093 -0.289781 0
    outer loop
      vertex 212.56 175.957 100
      vertex 212.702 175.488 95.01
      vertex 212.702 175.488 100
    endloop
  endfacet
  facet normal -0.881844 -0.471542 0
    outer loop
      vertex 212.56 175.957 95.01
      vertex 212.329 176.389 100
      vertex 212.329 176.389 95.01
    endloop
  endfacet
  facet normal -0.881844 -0.471542 0
    outer loop
      vertex 212.329 176.389 100
      vertex 212.56 175.957 95.01
      vertex 212.56 175.957 100
    endloop
  endfacet
  facet normal -0.773048 -0.634348 0
    outer loop
      vertex 212.329 176.389 95.01
      vertex 212.018 176.768 100
      vertex 212.018 176.768 95.01
    endloop
  endfacet
  facet normal -0.773048 -0.634348 0
    outer loop
      vertex 212.018 176.768 100
      vertex 212.329 176.389 95.01
      vertex 212.329 176.389 100
    endloop
  endfacet
  facet normal -0.634348 -0.773048 0
    outer loop
      vertex 211.639 177.079 95.01
      vertex 212.018 176.768 100
      vertex 211.639 177.079 100
    endloop
  endfacet
  facet normal -0.634348 -0.773048 -0
    outer loop
      vertex 212.018 176.768 100
      vertex 211.639 177.079 95.01
      vertex 212.018 176.768 95.01
    endloop
  endfacet
  facet normal -0.471542 -0.881844 0
    outer loop
      vertex 211.207 177.31 95.01
      vertex 211.639 177.079 100
      vertex 211.207 177.31 100
    endloop
  endfacet
  facet normal -0.471542 -0.881844 -0
    outer loop
      vertex 211.639 177.079 100
      vertex 211.207 177.31 95.01
      vertex 211.639 177.079 95.01
    endloop
  endfacet
  facet normal -0.289781 -0.957093 0
    outer loop
      vertex 210.738 177.452 95.01
      vertex 211.207 177.31 100
      vertex 210.738 177.452 100
    endloop
  endfacet
  facet normal -0.289781 -0.957093 -0
    outer loop
      vertex 211.207 177.31 100
      vertex 210.738 177.452 95.01
      vertex 211.207 177.31 95.01
    endloop
  endfacet
  facet normal -0.0978883 -0.995197 0
    outer loop
      vertex 210.25 177.5 95.01
      vertex 210.738 177.452 100
      vertex 210.25 177.5 100
    endloop
  endfacet
  facet normal -0.0978883 -0.995197 -0
    outer loop
      vertex 210.738 177.452 100
      vertex 210.25 177.5 95.01
      vertex 210.738 177.452 95.01
    endloop
  endfacet
  facet normal 0.0978883 -0.995197 0
    outer loop
      vertex 209.762 177.452 95.01
      vertex 210.25 177.5 100
      vertex 209.762 177.452 100
    endloop
  endfacet
  facet normal 0.0978883 -0.995197 0
    outer loop
      vertex 210.25 177.5 100
      vertex 209.762 177.452 95.01
      vertex 210.25 177.5 95.01
    endloop
  endfacet
  facet normal 0.289781 -0.957093 0
    outer loop
      vertex 209.293 177.31 95.01
      vertex 209.762 177.452 100
      vertex 209.293 177.31 100
    endloop
  endfacet
  facet normal 0.289781 -0.957093 0
    outer loop
      vertex 209.762 177.452 100
      vertex 209.293 177.31 95.01
      vertex 209.762 177.452 95.01
    endloop
  endfacet
  facet normal 0.471542 -0.881844 0
    outer loop
      vertex 208.861 177.079 95.01
      vertex 209.293 177.31 100
      vertex 208.861 177.079 100
    endloop
  endfacet
  facet normal 0.471542 -0.881844 0
    outer loop
      vertex 209.293 177.31 100
      vertex 208.861 177.079 95.01
      vertex 209.293 177.31 95.01
    endloop
  endfacet
  facet normal 0.634348 -0.773048 0
    outer loop
      vertex 208.482 176.768 95.01
      vertex 208.861 177.079 100
      vertex 208.482 176.768 100
    endloop
  endfacet
  facet normal 0.634348 -0.773048 0
    outer loop
      vertex 208.861 177.079 100
      vertex 208.482 176.768 95.01
      vertex 208.861 177.079 95.01
    endloop
  endfacet
  facet normal 0.773048 -0.634348 0
    outer loop
      vertex 208.171 176.389 100
      vertex 208.482 176.768 95.01
      vertex 208.482 176.768 100
    endloop
  endfacet
  facet normal 0.773048 -0.634348 0
    outer loop
      vertex 208.482 176.768 95.01
      vertex 208.171 176.389 100
      vertex 208.171 176.389 95.01
    endloop
  endfacet
  facet normal 0.881844 -0.471542 0
    outer loop
      vertex 207.94 175.957 100
      vertex 208.171 176.389 95.01
      vertex 208.171 176.389 100
    endloop
  endfacet
  facet normal 0.881844 -0.471542 0
    outer loop
      vertex 208.171 176.389 95.01
      vertex 207.94 175.957 100
      vertex 207.94 175.957 95.01
    endloop
  endfacet
  facet normal 0.957093 -0.289781 0
    outer loop
      vertex 207.798 175.488 100
      vertex 207.94 175.957 95.01
      vertex 207.94 175.957 100
    endloop
  endfacet
  facet normal 0.957093 -0.289781 0
    outer loop
      vertex 207.94 175.957 95.01
      vertex 207.798 175.488 100
      vertex 207.798 175.488 95.01
    endloop
  endfacet
  facet normal 0.995197 -0.0978883 0
    outer loop
      vertex 207.75 175 100
      vertex 207.798 175.488 95.01
      vertex 207.798 175.488 100
    endloop
  endfacet
  facet normal 0.995197 -0.0978883 0
    outer loop
      vertex 207.798 175.488 95.01
      vertex 207.75 175 100
      vertex 207.75 175 95.01
    endloop
  endfacet
  facet normal 0.995197 0.0978883 0
    outer loop
      vertex 207.798 174.512 100
      vertex 207.75 175 95.01
      vertex 207.75 175 100
    endloop
  endfacet
  facet normal 0.995197 0.0978883 0
    outer loop
      vertex 207.75 175 95.01
      vertex 207.798 174.512 100
      vertex 207.798 174.512 95.01
    endloop
  endfacet
  facet normal 0.957093 0.289781 0
    outer loop
      vertex 207.94 174.043 100
      vertex 207.798 174.512 95.01
      vertex 207.798 174.512 100
    endloop
  endfacet
  facet normal 0.957093 0.289781 0
    outer loop
      vertex 207.798 174.512 95.01
      vertex 207.94 174.043 100
      vertex 207.94 174.043 95.01
    endloop
  endfacet
  facet normal 0.881844 0.471542 0
    outer loop
      vertex 208.171 173.611 100
      vertex 207.94 174.043 95.01
      vertex 207.94 174.043 100
    endloop
  endfacet
  facet normal 0.881844 0.471542 0
    outer loop
      vertex 207.94 174.043 95.01
      vertex 208.171 173.611 100
      vertex 208.171 173.611 95.01
    endloop
  endfacet
  facet normal 0.773048 0.634348 0
    outer loop
      vertex 208.482 173.232 100
      vertex 208.171 173.611 95.01
      vertex 208.171 173.611 100
    endloop
  endfacet
  facet normal 0.773048 0.634348 0
    outer loop
      vertex 208.171 173.611 95.01
      vertex 208.482 173.232 100
      vertex 208.482 173.232 95.01
    endloop
  endfacet
  facet normal 0.634348 0.773048 -0
    outer loop
      vertex 208.861 172.921 95.01
      vertex 208.482 173.232 100
      vertex 208.861 172.921 100
    endloop
  endfacet
  facet normal 0.634348 0.773048 0
    outer loop
      vertex 208.482 173.232 100
      vertex 208.861 172.921 95.01
      vertex 208.482 173.232 95.01
    endloop
  endfacet
  facet normal 0.469929 0.882704 -0
    outer loop
      vertex 209 172.847 95.01
      vertex 208.861 172.921 100
      vertex 209 172.847 100
    endloop
  endfacet
  facet normal 0.469929 0.882704 0
    outer loop
      vertex 208.861 172.921 100
      vertex 209 172.847 95.01
      vertex 208.861 172.921 95.01
    endloop
  endfacet
  facet normal 1 -0 0
    outer loop
      vertex 209 93.6365 100
      vertex 209 172.847 95.01
      vertex 209 172.847 100
    endloop
  endfacet
  facet normal 1 0 0
    outer loop
      vertex 209 172.847 95.01
      vertex 209 93.6365 100
      vertex 209 93.6365 95.01
    endloop
  endfacet
  facet normal 0 -1 0
    outer loop
      vertex 187 93.6365 95.01
      vertex 209 93.6365 100
      vertex 187 93.6365 100
    endloop
  endfacet
  facet normal 0 -1 -0
    outer loop
      vertex 209 93.6365 100
      vertex 187 93.6365 95.01
      vertex 209 93.6365 95.01
    endloop
  endfacet
  facet normal -1 0 0
    outer loop
      vertex 187 93.6365 95.01
      vertex 187 172.847 100
      vertex 187 172.847 95.01
    endloop
  endfacet
  facet normal -1 -0 0
    outer loop
      vertex 187 172.847 100
      vertex 187 93.6365 95.01
      vertex 187 93.6365 100
    endloop
  endfacet
  facet normal -0.469929 0.882704 0
    outer loop
      vertex 187.139 172.921 95.01
      vertex 187 172.847 100
      vertex 187.139 172.921 100
    endloop
  endfacet
  facet normal -0.469929 0.882704 0
    outer loop
      vertex 187 172.847 100
      vertex 187.139 172.921 95.01
      vertex 187 172.847 95.01
    endloop
  endfacet
  facet normal -0.634348 0.773048 0
    outer loop
      vertex 187.518 173.232 95.01
      vertex 187.139 172.921 100
      vertex 187.518 173.232 100
    endloop
  endfacet
  facet normal -0.634348 0.773048 0
    outer loop
      vertex 187.139 172.921 100
      vertex 187.518 173.232 95.01
      vertex 187.139 172.921 95.01
    endloop
  endfacet
  facet normal -0.773048 0.634348 0
    outer loop
      vertex 187.518 173.232 95.01
      vertex 187.829 173.611 100
      vertex 187.829 173.611 95.01
    endloop
  endfacet
  facet normal -0.773048 0.634348 0
    outer loop
      vertex 187.829 173.611 100
      vertex 187.518 173.232 95.01
      vertex 187.518 173.232 100
    endloop
  endfacet
  facet normal -0.881844 0.471542 0
    outer loop
      vertex 187.829 173.611 95.01
      vertex 188.06 174.043 100
      vertex 188.06 174.043 95.01
    endloop
  endfacet
  facet normal -0.881844 0.471542 0
    outer loop
      vertex 188.06 174.043 100
      vertex 187.829 173.611 95.01
      vertex 187.829 173.611 100
    endloop
  endfacet
  facet normal -0.957093 0.289781 0
    outer loop
      vertex 188.06 174.043 95.01
      vertex 188.202 174.512 100
      vertex 188.202 174.512 95.01
    endloop
  endfacet
  facet normal -0.957093 0.289781 0
    outer loop
      vertex 188.202 174.512 100
      vertex 188.06 174.043 95.01
      vertex 188.06 174.043 100
    endloop
  endfacet
  facet normal -0.995197 0.0978883 0
    outer loop
      vertex 188.202 174.512 95.01
      vertex 188.25 175 100
      vertex 188.25 175 95.01
    endloop
  endfacet
  facet normal -0.995197 0.0978883 0
    outer loop
      vertex 188.25 175 100
      vertex 188.202 174.512 95.01
      vertex 188.202 174.512 100
    endloop
  endfacet
  facet normal -0.995197 -0.0978883 0
    outer loop
      vertex 188.25 175 95.01
      vertex 188.202 175.488 100
      vertex 188.202 175.488 95.01
    endloop
  endfacet
  facet normal -0.995197 -0.0978883 0
    outer loop
      vertex 188.202 175.488 100
      vertex 188.25 175 95.01
      vertex 188.25 175 100
    endloop
  endfacet
  facet normal -0.957093 -0.289781 0
    outer loop
      vertex 188.202 175.488 95.01
      vertex 188.06 175.957 100
      vertex 188.06 175.957 95.01
    endloop
  endfacet
  facet normal -0.957093 -0.289781 0
    outer loop
      vertex 188.06 175.957 100
      vertex 188.202 175.488 95.01
      vertex 188.202 175.488 100
    endloop
  endfacet
  facet normal -0.881844 -0.471542 0
    outer loop
      vertex 188.06 175.957 95.01
      vertex 187.829 176.389 100
      vertex 187.829 176.389 95.01
    endloop
  endfacet
  facet normal -0.881844 -0.471542 0
    outer loop
      vertex 187.829 176.389 100
      vertex 188.06 175.957 95.01
      vertex 188.06 175.957 100
    endloop
  endfacet
  facet normal -0.773048 -0.634348 0
    outer loop
      vertex 187.829 176.389 95.01
      vertex 187.518 176.768 100
      vertex 187.518 176.768 95.01
    endloop
  endfacet
  facet normal -0.773048 -0.634348 0
    outer loop
      vertex 187.518 176.768 100
      vertex 187.829 176.389 95.01
      vertex 187.829 176.389 100
    endloop
  endfacet
  facet normal -0.634348 -0.773048 0
    outer loop
      vertex 187.139 177.079 95.01
      vertex 187.518 176.768 100
      vertex 187.139 177.079 100
    endloop
  endfacet
  facet normal -0.634348 -0.773048 -0
    outer loop
      vertex 187.518 176.768 100
      vertex 187.139 177.079 95.01
      vertex 187.518 176.768 95.01
    endloop
  endfacet
  facet normal -0.471542 -0.881844 0
    outer loop
      vertex 186.707 177.31 95.01
      vertex 187.139 177.079 100
      vertex 186.707 177.31 100
    endloop
  endfacet
  facet normal -0.471542 -0.881844 -0
    outer loop
      vertex 187.139 177.079 100
      vertex 186.707 177.31 95.01
      vertex 187.139 177.079 95.01
    endloop
  endfacet
  facet normal -0.289781 -0.957093 0
    outer loop
      vertex 186.238 177.452 95.01
      vertex 186.707 177.31 100
      vertex 186.238 177.452 100
    endloop
  endfacet
  facet normal -0.289781 -0.957093 -0
    outer loop
      vertex 186.707 177.31 100
      vertex 186.238 177.452 95.01
      vertex 186.707 177.31 95.01
    endloop
  endfacet
  facet normal -0.0978883 -0.995197 0
    outer loop
      vertex 185.75 177.5 95.01
      vertex 186.238 177.452 100
      vertex 185.75 177.5 100
    endloop
  endfacet
  facet normal -0.0978883 -0.995197 -0
    outer loop
      vertex 186.238 177.452 100
      vertex 185.75 177.5 95.01
      vertex 186.238 177.452 95.01
    endloop
  endfacet
  facet normal 0.0978883 -0.995197 0
    outer loop
      vertex 185.262 177.452 95.01
      vertex 185.75 177.5 100
      vertex 185.262 177.452 100
    endloop
  endfacet
  facet normal 0.0978883 -0.995197 0
    outer loop
      vertex 185.75 177.5 100
      vertex 185.262 177.452 95.01
      vertex 185.75 177.5 95.01
    endloop
  endfacet
  facet normal 0.289781 -0.957093 0
    outer loop
      vertex 184.793 177.31 95.01
      vertex 185.262 177.452 100
      vertex 184.793 177.31 100
    endloop
  endfacet
  facet normal 0.289781 -0.957093 0
    outer loop
      vertex 185.262 177.452 100
      vertex 184.793 177.31 95.01
      vertex 185.262 177.452 95.01
    endloop
  endfacet
  facet normal 0.471542 -0.881844 0
    outer loop
      vertex 184.361 177.079 95.01
      vertex 184.793 177.31 100
      vertex 184.361 177.079 100
    endloop
  endfacet
  facet normal 0.471542 -0.881844 0
    outer loop
      vertex 184.793 177.31 100
      vertex 184.361 177.079 95.01
      vertex 184.793 177.31 95.01
    endloop
  endfacet
  facet normal 0.634348 -0.773048 0
    outer loop
      vertex 183.982 176.768 95.01
      vertex 184.361 177.079 100
      vertex 183.982 176.768 100
    endloop
  endfacet
  facet normal 0.634348 -0.773048 0
    outer loop
      vertex 184.361 177.079 100
      vertex 183.982 176.768 95.01
      vertex 184.361 177.079 95.01
    endloop
  endfacet
  facet normal 0.773048 -0.634348 0
    outer loop
      vertex 183.671 176.389 100
      vertex 183.982 176.768 95.01
      vertex 183.982 176.768 100
    endloop
  endfacet
  facet normal 0.773048 -0.634348 0
    outer loop
      vertex 183.982 176.768 95.01
      vertex 183.671 176.389 100
      vertex 183.671 176.389 95.01
    endloop
  endfacet
  facet normal 0.881844 -0.471542 0
    outer loop
      vertex 183.44 175.957 100
      vertex 183.671 176.389 95.01
      vertex 183.671 176.389 100
    endloop
  endfacet
  facet normal 0.881844 -0.471542 0
    outer loop
      vertex 183.671 176.389 95.01
      vertex 183.44 175.957 100
      vertex 183.44 175.957 95.01
    endloop
  endfacet
  facet normal 0.957093 -0.289781 0
    outer loop
      vertex 183.298 175.488 100
      vertex 183.44 175.957 95.01
      vertex 183.44 175.957 100
    endloop
  endfacet
  facet normal 0.957093 -0.289781 0
    outer loop
      vertex 183.44 175.957 95.01
      vertex 183.298 175.488 100
      vertex 183.298 175.488 95.01
    endloop
  endfacet
  facet normal 0.995197 -0.0978883 0
    outer loop
      vertex 183.25 175 100
      vertex 183.298 175.488 95.01
      vertex 183.298 175.488 100
    endloop
  endfacet
  facet normal 0.995197 -0.0978883 0
    outer loop
      vertex 183.298 175.488 95.01
      vertex 183.25 175 100
      vertex 183.25 175 95.01
    endloop
  endfacet
  facet normal 0.995197 0.0978883 0
    outer loop
      vertex 183.298 174.512 100
      vertex 183.25 175 95.01
      vertex 183.25 175 100
    endloop
  endfacet
  facet normal 0.995197 0.0978883 0
    outer loop
      vertex 183.25 175 95.01
      vertex 183.298 174.512 100
      vertex 183.298 174.512 95.01
    endloop
  endfacet
  facet normal 0.957093 0.289781 0
    outer loop
      vertex 183.44 174.043 100
      vertex 183.298 174.512 95.01
      vertex 183.298 174.512 100
    endloop
  endfacet
  facet normal 0.957093 0.289781 0
    outer loop
      vertex 183.298 174.512 95.01
      vertex 183.44 174.043 100
      vertex 183.44 174.043 95.01
    endloop
  endfacet
  facet normal 0.881844 0.471542 0
    outer loop
      vertex 183.671 173.611 100
      vertex 183.44 174.043 95.01
      vertex 183.44 174.043 100
    endloop
  endfacet
  facet normal 0.881844 0.471542 0
    outer loop
      vertex 183.44 174.043 95.01
      vertex 183.671 173.611 100
      vertex 183.671 173.611 95.01
    endloop
  endfacet
  facet normal 0.773048 0.634348 0
    outer loop
      vertex 183.982 173.232 100
      vertex 183.671 173.611 95.01
      vertex 183.671 173.611 100
    endloop
  endfacet
  facet normal 0.773048 0.634348 0
    outer loop
      vertex 183.671 173.611 95.01
      vertex 183.982 173.232 100
      vertex 183.982 173.232 95.01
    endloop
  endfacet
  facet normal 0.634348 0.773048 -0
    outer loop
      vertex 184.361 172.921 95.01
      vertex 183.982 173.232 100
      vertex 184.361 172.921 100
    endloop
  endfacet
  facet normal 0.634348 0.773048 0
    outer loop
      vertex 183.982 173.232 100
      vertex 184.361 172.921 95.01
      vertex 183.982 173.232 95.01
    endloop
  endfacet
  facet normal 0.469929 0.882704 -0
    outer loop
      vertex 184.5 172.847 95.01
      vertex 184.361 172.921 100
      vertex 184.5 172.847 100
    endloop
  endfacet
  facet normal 0.469929 0.882704 0
    outer loop
      vertex 184.361 172.921 100
      vertex 184.5 172.847 95.01
      vertex 184.361 172.921 95.01
    endloop
  endfacet
  facet normal 1 -0 0
    outer loop
      vertex 184.5 91.1365 100
      vertex 184.5 172.847 95.01
      vertex 184.5 172.847 100
    endloop
  endfacet
  facet normal 1 0 0
    outer loop
      vertex 184.5 172.847 95.01
      vertex 184.5 91.1365 100
      vertex 184.5 91.1365 95.01
    endloop
  endfacet
  facet normal 0 1 -0
    outer loop
      vertex 211.5 91.1365 95.01
      vertex 184.5 91.1365 100
      vertex 211.5 91.1365 100
    endloop
  endfacet
  facet normal 0 1 0
    outer loop
      vertex 184.5 91.1365 100
      vertex 211.5 91.1365 95.01
      vertex 184.5 91.1365 95.01
    endloop
  endfacet
  facet normal -1 0 0
    outer loop
      vertex 211.5 91.1365 95.01
      vertex 211.5 172.847 100
      vertex 211.5 172.847 95.01
    endloop
  endfacet
  facet normal -1 -0 0
    outer loop
      vertex 211.5 172.847 100
      vertex 211.5 91.1365 95.01
      vertex 211.5 91.1365 100
    endloop
  endfacet
  facet normal -0.469929 0.882704 0
    outer loop
      vertex 275.639 172.921 95.01
      vertex 275.5 172.847 100
      vertex 275.639 172.921 100
    endloop
  endfacet
  facet normal -0.469929 0.882704 0
    outer loop
      vertex 275.5 172.847 100
      vertex 275.639 172.921 95.01
      vertex 275.5 172.847 95.01
    endloop
  endfacet
  facet normal -0.634348 0.773048 0
    outer loop
      vertex 276.018 173.232 95.01
      vertex 275.639 172.921 100
      vertex 276.018 173.232 100
    endloop
  endfacet
  facet normal -0.634348 0.773048 0
    outer loop
      vertex 275.639 172.921 100
      vertex 276.018 173.232 95.01
      vertex 275.639 172.921 95.01
    endloop
  endfacet
  facet normal -0.773048 0.634348 0
    outer loop
      vertex 276.018 173.232 95.01
      vertex 276.329 173.611 100
      vertex 276.329 173.611 95.01
    endloop
  endfacet
  facet normal -0.773048 0.634348 0
    outer loop
      vertex 276.329 173.611 100
      vertex 276.018 173.232 95.01
      vertex 276.018 173.232 100
    endloop
  endfacet
  facet normal -0.881844 0.471542 0
    outer loop
      vertex 276.329 173.611 95.01
      vertex 276.56 174.043 100
      vertex 276.56 174.043 95.01
    endloop
  endfacet
  facet normal -0.881844 0.471542 0
    outer loop
      vertex 276.56 174.043 100
      vertex 276.329 173.611 95.01
      vertex 276.329 173.611 100
    endloop
  endfacet
  facet normal -0.957093 0.289781 0
    outer loop
      vertex 276.56 174.043 95.01
      vertex 276.702 174.512 100
      vertex 276.702 174.512 95.01
    endloop
  endfacet
  facet normal -0.957093 0.289781 0
    outer loop
      vertex 276.702 174.512 100
      vertex 276.56 174.043 95.01
      vertex 276.56 174.043 100
    endloop
  endfacet
  facet normal -0.995197 0.0978883 0
    outer loop
      vertex 276.702 174.512 95.01
      vertex 276.75 175 100
      vertex 276.75 175 95.01
    endloop
  endfacet
  facet normal -0.995197 0.0978883 0
    outer loop
      vertex 276.75 175 100
      vertex 276.702 174.512 95.01
      vertex 276.702 174.512 100
    endloop
  endfacet
  facet normal -0.995197 -0.0978883 0
    outer loop
      vertex 276.75 175 95.01
      vertex 276.702 175.488 100
      vertex 276.702 175.488 95.01
    endloop
  endfacet
  facet normal -0.995197 -0.0978883 0
    outer loop
      vertex 276.702 175.488 100
      vertex 276.75 175 95.01
      vertex 276.75 175 100
    endloop
  endfacet
  facet normal -0.957093 -0.289781 0
    outer loop
      vertex 276.702 175.488 95.01
      vertex 276.56 175.957 100
      vertex 276.56 175.957 95.01
    endloop
  endfacet
  facet normal -0.957093 -0.289781 0
    outer loop
      vertex 276.56 175.957 100
      vertex 276.702 175.488 95.01
      vertex 276.702 175.488 100
    endloop
  endfacet
  facet normal -0.881844 -0.471542 0
    outer loop
      vertex 276.56 175.957 95.01
      vertex 276.329 176.389 100
      vertex 276.329 176.389 95.01
    endloop
  endfacet
  facet normal -0.881844 -0.471542 0
    outer loop
      vertex 276.329 176.389 100
      vertex 276.56 175.957 95.01
      vertex 276.56 175.957 100
    endloop
  endfacet
  facet normal -0.773048 -0.634348 0
    outer loop
      vertex 276.329 176.389 95.01
      vertex 276.018 176.768 100
      vertex 276.018 176.768 95.01
    endloop
  endfacet
  facet normal -0.773048 -0.634348 0
    outer loop
      vertex 276.018 176.768 100
      vertex 276.329 176.389 95.01
      vertex 276.329 176.389 100
    endloop
  endfacet
  facet normal -0.634348 -0.773048 0
    outer loop
      vertex 275.639 177.079 95.01
      vertex 276.018 176.768 100
      vertex 275.639 177.079 100
    endloop
  endfacet
  facet normal -0.634348 -0.773048 -0
    outer loop
      vertex 276.018 176.768 100
      vertex 275.639 177.079 95.01
      vertex 276.018 176.768 95.01
    endloop
  endfacet
  facet normal -0.471542 -0.881844 0
    outer loop
      vertex 275.207 177.31 95.01
      vertex 275.639 177.079 100
      vertex 275.207 177.31 100
    endloop
  endfacet
  facet normal -0.471542 -0.881844 -0
    outer loop
      vertex 275.639 177.079 100
      vertex 275.207 177.31 95.01
      vertex 275.639 177.079 95.01
    endloop
  endfacet
  facet normal -0.289781 -0.957093 0
    outer loop
      vertex 274.738 177.452 95.01
      vertex 275.207 177.31 100
      vertex 274.738 177.452 100
    endloop
  endfacet
  facet normal -0.289781 -0.957093 -0
    outer loop
      vertex 275.207 177.31 100
      vertex 274.738 177.452 95.01
      vertex 275.207 177.31 95.01
    endloop
  endfacet
  facet normal -0.0978883 -0.995197 0
    outer loop
      vertex 274.25 177.5 95.01
      vertex 274.738 177.452 100
      vertex 274.25 177.5 100
    endloop
  endfacet
  facet normal -0.0978883 -0.995197 -0
    outer loop
      vertex 274.738 177.452 100
      vertex 274.25 177.5 95.01
      vertex 274.738 177.452 95.01
    endloop
  endfacet
  facet normal 0.0978883 -0.995197 0
    outer loop
      vertex 273.762 177.452 95.01
      vertex 274.25 177.5 100
      vertex 273.762 177.452 100
    endloop
  endfacet
  facet normal 0.0978883 -0.995197 0
    outer loop
      vertex 274.25 177.5 100
      vertex 273.762 177.452 95.01
      vertex 274.25 177.5 95.01
    endloop
  endfacet
  facet normal 0.289781 -0.957093 0
    outer loop
      vertex 273.293 177.31 95.01
      vertex 273.762 177.452 100
      vertex 273.293 177.31 100
    endloop
  endfacet
  facet normal 0.289781 -0.957093 0
    outer loop
      vertex 273.762 177.452 100
      vertex 273.293 177.31 95.01
      vertex 273.762 177.452 95.01
    endloop
  endfacet
  facet normal 0.471542 -0.881844 0
    outer loop
      vertex 272.861 177.079 95.01
      vertex 273.293 177.31 100
      vertex 272.861 177.079 100
    endloop
  endfacet
  facet normal 0.471542 -0.881844 0
    outer loop
      vertex 273.293 177.31 100
      vertex 272.861 177.079 95.01
      vertex 273.293 177.31 95.01
    endloop
  endfacet
  facet normal 0.634348 -0.773048 0
    outer loop
      vertex 272.482 176.768 95.01
      vertex 272.861 177.079 100
      vertex 272.482 176.768 100
    endloop
  endfacet
  facet normal 0.634348 -0.773048 0
    outer loop
      vertex 272.861 177.079 100
      vertex 272.482 176.768 95.01
      vertex 272.861 177.079 95.01
    endloop
  endfacet
  facet normal 0.773048 -0.634348 0
    outer loop
      vertex 272.171 176.389 100
      vertex 272.482 176.768 95.01
      vertex 272.482 176.768 100
    endloop
  endfacet
  facet normal 0.773048 -0.634348 0
    outer loop
      vertex 272.482 176.768 95.01
      vertex 272.171 176.389 100
      vertex 272.171 176.389 95.01
    endloop
  endfacet
  facet normal 0.881844 -0.471542 0
    outer loop
      vertex 271.94 175.957 100
      vertex 272.171 176.389 95.01
      vertex 272.171 176.389 100
    endloop
  endfacet
  facet normal 0.881844 -0.471542 0
    outer loop
      vertex 272.171 176.389 95.01
      vertex 271.94 175.957 100
      vertex 271.94 175.957 95.01
    endloop
  endfacet
  facet normal 0.957093 -0.289781 0
    outer loop
      vertex 271.798 175.488 100
      vertex 271.94 175.957 95.01
      vertex 271.94 175.957 100
    endloop
  endfacet
  facet normal 0.957093 -0.289781 0
    outer loop
      vertex 271.94 175.957 95.01
      vertex 271.798 175.488 100
      vertex 271.798 175.488 95.01
    endloop
  endfacet
  facet normal 0.995197 -0.0978883 0
    outer loop
      vertex 271.75 175 100
      vertex 271.798 175.488 95.01
      vertex 271.798 175.488 100
    endloop
  endfacet
  facet normal 0.995197 -0.0978883 0
    outer loop
      vertex 271.798 175.488 95.01
      vertex 271.75 175 100
      vertex 271.75 175 95.01
    endloop
  endfacet
  facet normal 0.995197 0.0978883 0
    outer loop
      vertex 271.798 174.512 100
      vertex 271.75 175 95.01
      vertex 271.75 175 100
    endloop
  endfacet
  facet normal 0.995197 0.0978883 0
    outer loop
      vertex 271.75 175 95.01
      vertex 271.798 174.512 100
      vertex 271.798 174.512 95.01
    endloop
  endfacet
  facet normal 0.957093 0.289781 0
    outer loop
      vertex 271.94 174.043 100
      vertex 271.798 174.512 95.01
      vertex 271.798 174.512 100
    endloop
  endfacet
  facet normal 0.957093 0.289781 0
    outer loop
      vertex 271.798 174.512 95.01
      vertex 271.94 174.043 100
      vertex 271.94 174.043 95.01
    endloop
  endfacet
  facet normal 0.881844 0.471542 0
    outer loop
      vertex 272.171 173.611 100
      vertex 271.94 174.043 95.01
      vertex 271.94 174.043 100
    endloop
  endfacet
  facet normal 0.881844 0.471542 0
    outer loop
      vertex 271.94 174.043 95.01
      vertex 272.171 173.611 100
      vertex 272.171 173.611 95.01
    endloop
  endfacet
  facet normal 0.773048 0.634348 0
    outer loop
      vertex 272.482 173.232 100
      vertex 272.171 173.611 95.01
      vertex 272.171 173.611 100
    endloop
  endfacet
  facet normal 0.773048 0.634348 0
    outer loop
      vertex 272.171 173.611 95.01
      vertex 272.482 173.232 100
      vertex 272.482 173.232 95.01
    endloop
  endfacet
  facet normal 0.634348 0.773048 -0
    outer loop
      vertex 272.861 172.921 95.01
      vertex 272.482 173.232 100
      vertex 272.861 172.921 100
    endloop
  endfacet
  facet normal 0.634348 0.773048 0
    outer loop
      vertex 272.482 173.232 100
      vertex 272.861 172.921 95.01
      vertex 272.482 173.232 95.01
    endloop
  endfacet
  facet normal 0.469929 0.882704 -0
    outer loop
      vertex 273 172.847 95.01
      vertex 272.861 172.921 100
      vertex 273 172.847 100
    endloop
  endfacet
  facet normal 0.469929 0.882704 0
    outer loop
      vertex 272.861 172.921 100
      vertex 273 172.847 95.01
      vertex 272.861 172.921 95.01
    endloop
  endfacet
  facet normal 1 -0 0
    outer loop
      vertex 273 102.513 100
      vertex 273 172.847 95.01
      vertex 273 172.847 100
    endloop
  endfacet
  facet normal 1 0 0
    outer loop
      vertex 273 172.847 95.01
      vertex 273 102.513 100
      vertex 273 102.513 95.01
    endloop
  endfacet
  facet normal 0 -1 0
    outer loop
      vertex 251 102.513 95.01
      vertex 273 102.513 100
      vertex 251 102.513 100
    endloop
  endfacet
  facet normal 0 -1 -0
    outer loop
      vertex 273 102.513 100
      vertex 251 102.513 95.01
      vertex 273 102.513 95.01
    endloop
  endfacet
  facet normal -1 0 0
    outer loop
      vertex 251 102.513 95.01
      vertex 251 172.847 100
      vertex 251 172.847 95.01
    endloop
  endfacet
  facet normal -1 -0 0
    outer loop
      vertex 251 172.847 100
      vertex 251 102.513 95.01
      vertex 251 102.513 100
    endloop
  endfacet
  facet normal -0.469929 0.882704 0
    outer loop
      vertex 251.139 172.921 95.01
      vertex 251 172.847 100
      vertex 251.139 172.921 100
    endloop
  endfacet
  facet normal -0.469929 0.882704 0
    outer loop
      vertex 251 172.847 100
      vertex 251.139 172.921 95.01
      vertex 251 172.847 95.01
    endloop
  endfacet
  facet normal -0.634348 0.773048 0
    outer loop
      vertex 251.518 173.232 95.01
      vertex 251.139 172.921 100
      vertex 251.518 173.232 100
    endloop
  endfacet
  facet normal -0.634348 0.773048 0
    outer loop
      vertex 251.139 172.921 100
      vertex 251.518 173.232 95.01
      vertex 251.139 172.921 95.01
    endloop
  endfacet
  facet normal -0.773048 0.634348 0
    outer loop
      vertex 251.518 173.232 95.01
      vertex 251.829 173.611 100
      vertex 251.829 173.611 95.01
    endloop
  endfacet
  facet normal -0.773048 0.634348 0
    outer loop
      vertex 251.829 173.611 100
      vertex 251.518 173.232 95.01
      vertex 251.518 173.232 100
    endloop
  endfacet
  facet normal -0.881844 0.471542 0
    outer loop
      vertex 251.829 173.611 95.01
      vertex 252.06 174.043 100
      vertex 252.06 174.043 95.01
    endloop
  endfacet
  facet normal -0.881844 0.471542 0
    outer loop
      vertex 252.06 174.043 100
      vertex 251.829 173.611 95.01
      vertex 251.829 173.611 100
    endloop
  endfacet
  facet normal -0.957093 0.289781 0
    outer loop
      vertex 252.06 174.043 95.01
      vertex 252.202 174.512 100
      vertex 252.202 174.512 95.01
    endloop
  endfacet
  facet normal -0.957093 0.289781 0
    outer loop
      vertex 252.202 174.512 100
      vertex 252.06 174.043 95.01
      vertex 252.06 174.043 100
    endloop
  endfacet
  facet normal -0.995197 0.0978883 0
    outer loop
      vertex 252.202 174.512 95.01
      vertex 252.25 175 100
      vertex 252.25 175 95.01
    endloop
  endfacet
  facet normal -0.995197 0.0978883 0
    outer loop
      vertex 252.25 175 100
      vertex 252.202 174.512 95.01
      vertex 252.202 174.512 100
    endloop
  endfacet
  facet normal -0.995197 -0.0978883 0
    outer loop
      vertex 252.25 175 95.01
      vertex 252.202 175.488 100
      vertex 252.202 175.488 95.01
    endloop
  endfacet
  facet normal -0.995197 -0.0978883 0
    outer loop
      vertex 252.202 175.488 100
      vertex 252.25 175 95.01
      vertex 252.25 175 100
    endloop
  endfacet
  facet normal -0.957093 -0.289781 0
    outer loop
      vertex 252.202 175.488 95.01
      vertex 252.06 175.957 100
      vertex 252.06 175.957 95.01
    endloop
  endfacet
  facet normal -0.957093 -0.289781 0
    outer loop
      vertex 252.06 175.957 100
      vertex 252.202 175.488 95.01
      vertex 252.202 175.488 100
    endloop
  endfacet
  facet normal -0.881844 -0.471542 0
    outer loop
      vertex 252.06 175.957 95.01
      vertex 251.829 176.389 100
      vertex 251.829 176.389 95.01
    endloop
  endfacet
  facet normal -0.881844 -0.471542 0
    outer loop
      vertex 251.829 176.389 100
      vertex 252.06 175.957 95.01
      vertex 252.06 175.957 100
    endloop
  endfacet
  facet normal -0.773048 -0.634348 0
    outer loop
      vertex 251.829 176.389 95.01
      vertex 251.518 176.768 100
      vertex 251.518 176.768 95.01
    endloop
  endfacet
  facet normal -0.773048 -0.634348 0
    outer loop
      vertex 251.518 176.768 100
      vertex 251.829 176.389 95.01
      vertex 251.829 176.389 100
    endloop
  endfacet
  facet normal -0.634348 -0.773048 0
    outer loop
      vertex 251.139 177.079 95.01
      vertex 251.518 176.768 100
      vertex 251.139 177.079 100
    endloop
  endfacet
  facet normal -0.634348 -0.773048 -0
    outer loop
      vertex 251.518 176.768 100
      vertex 251.139 177.079 95.01
      vertex 251.518 176.768 95.01
    endloop
  endfacet
  facet normal -0.471542 -0.881844 0
    outer loop
      vertex 250.707 177.31 95.01
      vertex 251.139 177.079 100
      vertex 250.707 177.31 100
    endloop
  endfacet
  facet normal -0.471542 -0.881844 -0
    outer loop
      vertex 251.139 177.079 100
      vertex 250.707 177.31 95.01
      vertex 251.139 177.079 95.01
    endloop
  endfacet
  facet normal -0.289781 -0.957093 0
    outer loop
      vertex 250.238 177.452 95.01
      vertex 250.707 177.31 100
      vertex 250.238 177.452 100
    endloop
  endfacet
  facet normal -0.289781 -0.957093 -0
    outer loop
      vertex 250.707 177.31 100
      vertex 250.238 177.452 95.01
      vertex 250.707 177.31 95.01
    endloop
  endfacet
  facet normal -0.0978883 -0.995197 0
    outer loop
      vertex 249.75 177.5 95.01
      vertex 250.238 177.452 100
      vertex 249.75 177.5 100
    endloop
  endfacet
  facet normal -0.0978883 -0.995197 -0
    outer loop
      vertex 250.238 177.452 100
      vertex 249.75 177.5 95.01
      vertex 250.238 177.452 95.01
    endloop
  endfacet
  facet normal 0.0978883 -0.995197 0
    outer loop
      vertex 249.262 177.452 95.01
      vertex 249.75 177.5 100
      vertex 249.262 177.452 100
    endloop
  endfacet
  facet normal 0.0978883 -0.995197 0
    outer loop
      vertex 249.75 177.5 100
      vertex 249.262 177.452 95.01
      vertex 249.75 177.5 95.01
    endloop
  endfacet
  facet normal 0.289781 -0.957093 0
    outer loop
      vertex 248.793 177.31 95.01
      vertex 249.262 177.452 100
      vertex 248.793 177.31 100
    endloop
  endfacet
  facet normal 0.289781 -0.957093 0
    outer loop
      vertex 249.262 177.452 100
      vertex 248.793 177.31 95.01
      vertex 249.262 177.452 95.01
    endloop
  endfacet
  facet normal 0.471542 -0.881844 0
    outer loop
      vertex 248.361 177.079 95.01
      vertex 248.793 177.31 100
      vertex 248.361 177.079 100
    endloop
  endfacet
  facet normal 0.471542 -0.881844 0
    outer loop
      vertex 248.793 177.31 100
      vertex 248.361 177.079 95.01
      vertex 248.793 177.31 95.01
    endloop
  endfacet
  facet normal 0.634348 -0.773048 0
    outer loop
      vertex 247.982 176.768 95.01
      vertex 248.361 177.079 100
      vertex 247.982 176.768 100
    endloop
  endfacet
  facet normal 0.634348 -0.773048 0
    outer loop
      vertex 248.361 177.079 100
      vertex 247.982 176.768 95.01
      vertex 248.361 177.079 95.01
    endloop
  endfacet
  facet normal 0.773048 -0.634348 0
    outer loop
      vertex 247.671 176.389 100
      vertex 247.982 176.768 95.01
      vertex 247.982 176.768 100
    endloop
  endfacet
  facet normal 0.773048 -0.634348 0
    outer loop
      vertex 247.982 176.768 95.01
      vertex 247.671 176.389 100
      vertex 247.671 176.389 95.01
    endloop
  endfacet
  facet normal 0.881844 -0.471542 0
    outer loop
      vertex 247.44 175.957 100
      vertex 247.671 176.389 95.01
      vertex 247.671 176.389 100
    endloop
  endfacet
  facet normal 0.881844 -0.471542 0
    outer loop
      vertex 247.671 176.389 95.01
      vertex 247.44 175.957 100
      vertex 247.44 175.957 95.01
    endloop
  endfacet
  facet normal 0.957093 -0.289781 0
    outer loop
      vertex 247.298 175.488 100
      vertex 247.44 175.957 95.01
      vertex 247.44 175.957 100
    endloop
  endfacet
  facet normal 0.957093 -0.289781 0
    outer loop
      vertex 247.44 175.957 95.01
      vertex 247.298 175.488 100
      vertex 247.298 175.488 95.01
    endloop
  endfacet
  facet normal 0.995197 -0.0978883 0
    outer loop
      vertex 247.25 175 100
      vertex 247.298 175.488 95.01
      vertex 247.298 175.488 100
    endloop
  endfacet
  facet normal 0.995197 -0.0978883 0
    outer loop
      vertex 247.298 175.488 95.01
      vertex 247.25 175 100
      vertex 247.25 175 95.01
    endloop
  endfacet
  facet normal 0.995197 0.0978883 0
    outer loop
      vertex 247.298 174.512 100
      vertex 247.25 175 95.01
      vertex 247.25 175 100
    endloop
  endfacet
  facet normal 0.995197 0.0978883 0
    outer loop
      vertex 247.25 175 95.01
      vertex 247.298 174.512 100
      vertex 247.298 174.512 95.01
    endloop
  endfacet
  facet normal 0.957093 0.289781 0
    outer loop
      vertex 247.44 174.043 100
      vertex 247.298 174.512 95.01
      vertex 247.298 174.512 100
    endloop
  endfacet
  facet normal 0.957093 0.289781 0
    outer loop
      vertex 247.298 174.512 95.01
      vertex 247.44 174.043 100
      vertex 247.44 174.043 95.01
    endloop
  endfacet
  facet normal 0.881844 0.471542 0
    outer loop
      vertex 247.671 173.611 100
      vertex 247.44 174.043 95.01
      vertex 247.44 174.043 100
    endloop
  endfacet
  facet normal 0.881844 0.471542 0
    outer loop
      vertex 247.44 174.043 95.01
      vertex 247.671 173.611 100
      vertex 247.671 173.611 95.01
    endloop
  endfacet
  facet normal 0.773048 0.634348 0
    outer loop
      vertex 247.982 173.232 100
      vertex 247.671 173.611 95.01
      vertex 247.671 173.611 100
    endloop
  endfacet
  facet normal 0.773048 0.634348 0
    outer loop
      vertex 247.671 173.611 95.01
      vertex 247.982 173.232 100
      vertex 247.982 173.232 95.01
    endloop
  endfacet
  facet normal 0.634348 0.773048 -0
    outer loop
      vertex 248.361 172.921 95.01
      vertex 247.982 173.232 100
      vertex 248.361 172.921 100
    endloop
  endfacet
  facet normal 0.634348 0.773048 0
    outer loop
      vertex 247.982 173.232 100
      vertex 248.361 172.921 95.01
      vertex 247.982 173.232 95.01
    endloop
  endfacet
  facet normal 0.469929 0.882704 -0
    outer loop
      vertex 248.5 172.847 95.01
      vertex 248.361 172.921 100
      vertex 248.5 172.847 100
    endloop
  endfacet
  facet normal 0.469929 0.882704 0
    outer loop
      vertex 248.361 172.921 100
      vertex 248.5 172.847 95.01
      vertex 248.361 172.921 95.01
    endloop
  endfacet
  facet normal 1 -0 0
    outer loop
      vertex 248.5 100.013 100
      vertex 248.5 172.847 95.01
      vertex 248.5 172.847 100
    endloop
  endfacet
  facet normal 1 0 0
    outer loop
      vertex 248.5 172.847 95.01
      vertex 248.5 100.013 100
      vertex 248.5 100.013 95.01
    endloop
  endfacet
  facet normal 0 1 -0
    outer loop
      vertex 275.5 100.013 95.01
      vertex 248.5 100.013 100
      vertex 275.5 100.013 100
    endloop
  endfacet
  facet normal 0 1 0
    outer loop
      vertex 248.5 100.013 100
      vertex 275.5 100.013 95.01
      vertex 248.5 100.013 95.01
    endloop
  endfacet
  facet normal -1 0 0
    outer loop
      vertex 275.5 100.013 95.01
      vertex 275.5 172.847 100
      vertex 275.5 172.847 95.01
    endloop
  endfacet
  facet normal -1 -0 0
    outer loop
      vertex 275.5 172.847 100
      vertex 275.5 100.013 95.01
      vertex 275.5 100.013 100
    endloop
  endfacet
  facet normal -0.290341 0.956923 0
    outer loop
      vertex 51.2067 22.6903 95.01
      vertex 50.7377 22.548 100
      vertex 51.2067 22.6903 100
    endloop
  endfacet
  facet normal -0.290341 0.956923 0
    outer loop
      vertex 50.7377 22.548 100
      vertex 51.2067 22.6903 95.01
      vertex 50.7377 22.548 95.01
    endloop
  endfacet
  facet normal -0.471372 0.881935 0
    outer loop
      vertex 51.6389 22.9213 95.01
      vertex 51.2067 22.6903 100
      vertex 51.6389 22.9213 100
    endloop
  endfacet
  facet normal -0.471372 0.881935 0
    outer loop
      vertex 51.2067 22.6903 100
      vertex 51.6389 22.9213 95.01
      vertex 51.2067 22.6903 95.01
    endloop
  endfacet
  facet normal -0.634326 0.773066 0
    outer loop
      vertex 52.0178 23.2322 95.01
      vertex 51.6389 22.9213 100
      vertex 52.0178 23.2322 100
    endloop
  endfacet
  facet normal -0.634326 0.773066 0
    outer loop
      vertex 51.6389 22.9213 100
      vertex 52.0178 23.2322 95.01
      vertex 51.6389 22.9213 95.01
    endloop
  endfacet
  facet normal -0.773066 0.634326 0
    outer loop
      vertex 52.0178 23.2322 95.01
      vertex 52.3287 23.6111 100
      vertex 52.3287 23.6111 95.01
    endloop
  endfacet
  facet normal -0.773066 0.634326 0
    outer loop
      vertex 52.3287 23.6111 100
      vertex 52.0178 23.2322 95.01
      vertex 52.0178 23.2322 100
    endloop
  endfacet
  facet normal -0.881935 0.471372 0
    outer loop
      vertex 52.3287 23.6111 95.01
      vertex 52.5597 24.0433 100
      vertex 52.5597 24.0433 95.01
    endloop
  endfacet
  facet normal -0.881935 0.471372 0
    outer loop
      vertex 52.5597 24.0433 100
      vertex 52.3287 23.6111 95.01
      vertex 52.3287 23.6111 100
    endloop
  endfacet
  facet normal -0.956923 0.290341 0
    outer loop
      vertex 52.5597 24.0433 95.01
      vertex 52.702 24.5123 100
      vertex 52.702 24.5123 95.01
    endloop
  endfacet
  facet normal -0.956923 0.290341 0
    outer loop
      vertex 52.702 24.5123 100
      vertex 52.5597 24.0433 95.01
      vertex 52.5597 24.0433 100
    endloop
  endfacet
  facet normal -0.995192 0.0979479 0
    outer loop
      vertex 52.702 24.5123 95.01
      vertex 52.75 25 100
      vertex 52.75 25 95.01
    endloop
  endfacet
  facet normal -0.995192 0.0979479 0
    outer loop
      vertex 52.75 25 100
      vertex 52.702 24.5123 95.01
      vertex 52.702 24.5123 100
    endloop
  endfacet
  facet normal -0.995192 -0.0979479 0
    outer loop
      vertex 52.75 25 95.01
      vertex 52.702 25.4877 100
      vertex 52.702 25.4877 95.01
    endloop
  endfacet
  facet normal -0.995192 -0.0979479 0
    outer loop
      vertex 52.702 25.4877 100
      vertex 52.75 25 95.01
      vertex 52.75 25 100
    endloop
  endfacet
  facet normal -0.956923 -0.290341 0
    outer loop
      vertex 52.702 25.4877 95.01
      vertex 52.5597 25.9567 100
      vertex 52.5597 25.9567 95.01
    endloop
  endfacet
  facet normal -0.956923 -0.290341 0
    outer loop
      vertex 52.5597 25.9567 100
      vertex 52.702 25.4877 95.01
      vertex 52.702 25.4877 100
    endloop
  endfacet
  facet normal -0.881935 -0.471372 0
    outer loop
      vertex 52.5597 25.9567 95.01
      vertex 52.3287 26.3889 100
      vertex 52.3287 26.3889 95.01
    endloop
  endfacet
  facet normal -0.881935 -0.471372 0
    outer loop
      vertex 52.3287 26.3889 100
      vertex 52.5597 25.9567 95.01
      vertex 52.5597 25.9567 100
    endloop
  endfacet
  facet normal -0.773066 -0.634326 0
    outer loop
      vertex 52.3287 26.3889 95.01
      vertex 52.0178 26.7678 100
      vertex 52.0178 26.7678 95.01
    endloop
  endfacet
  facet normal -0.773066 -0.634326 0
    outer loop
      vertex 52.0178 26.7678 100
      vertex 52.3287 26.3889 95.01
      vertex 52.3287 26.3889 100
    endloop
  endfacet
  facet normal -0.634326 -0.773066 0
    outer loop
      vertex 51.6389 27.0787 95.01
      vertex 52.0178 26.7678 100
      vertex 51.6389 27.0787 100
    endloop
  endfacet
  facet normal -0.634326 -0.773066 -0
    outer loop
      vertex 52.0178 26.7678 100
      vertex 51.6389 27.0787 95.01
      vertex 52.0178 26.7678 95.01
    endloop
  endfacet
  facet normal -0.471181 -0.882036 0
    outer loop
      vertex 51.5 27.1529 95.01
      vertex 51.6389 27.0787 100
      vertex 51.5 27.1529 100
    endloop
  endfacet
  facet normal -0.471181 -0.882036 -0
    outer loop
      vertex 51.6389 27.0787 100
      vertex 51.5 27.1529 95.01
      vertex 51.6389 27.0787 95.01
    endloop
  endfacet
  facet normal -1 0 0
    outer loop
      vertex 51.5 27.1529 95.01
      vertex 51.5 142.564 100
      vertex 51.5 142.564 95.01
    endloop
  endfacet
  facet normal -1 -0 0
    outer loop
      vertex 51.5 142.564 100
      vertex 51.5 27.1529 95.01
      vertex 51.5 27.1529 100
    endloop
  endfacet
  facet normal 0 -1 0
    outer loop
      vertex 24.5 142.564 95.01
      vertex 51.5 142.564 100
      vertex 24.5 142.564 100
    endloop
  endfacet
  facet normal 0 -1 -0
    outer loop
      vertex 51.5 142.564 100
      vertex 24.5 142.564 95.01
      vertex 51.5 142.564 95.01
    endloop
  endfacet
  facet normal 1 -0 0
    outer loop
      vertex 24.5 27.1529 100
      vertex 24.5 142.564 95.01
      vertex 24.5 142.564 100
    endloop
  endfacet
  facet normal 1 0 0
    outer loop
      vertex 24.5 142.564 95.01
      vertex 24.5 27.1529 100
      vertex 24.5 27.1529 95.01
    endloop
  endfacet
  facet normal 0.471181 -0.882036 0
    outer loop
      vertex 24.3611 27.0787 95.01
      vertex 24.5 27.1529 100
      vertex 24.3611 27.0787 100
    endloop
  endfacet
  facet normal 0.471181 -0.882036 0
    outer loop
      vertex 24.5 27.1529 100
      vertex 24.3611 27.0787 95.01
      vertex 24.5 27.1529 95.01
    endloop
  endfacet
  facet normal 0.634326 -0.773066 0
    outer loop
      vertex 23.9822 26.7678 95.01
      vertex 24.3611 27.0787 100
      vertex 23.9822 26.7678 100
    endloop
  endfacet
  facet normal 0.634326 -0.773066 0
    outer loop
      vertex 24.3611 27.0787 100
      vertex 23.9822 26.7678 95.01
      vertex 24.3611 27.0787 95.01
    endloop
  endfacet
  facet normal 0.773066 -0.634326 0
    outer loop
      vertex 23.6713 26.3889 100
      vertex 23.9822 26.7678 95.01
      vertex 23.9822 26.7678 100
    endloop
  endfacet
  facet normal 0.773066 -0.634326 0
    outer loop
      vertex 23.9822 26.7678 95.01
      vertex 23.6713 26.3889 100
      vertex 23.6713 26.3889 95.01
    endloop
  endfacet
  facet normal 0.881935 -0.471372 0
    outer loop
      vertex 23.4403 25.9567 100
      vertex 23.6713 26.3889 95.01
      vertex 23.6713 26.3889 100
    endloop
  endfacet
  facet normal 0.881935 -0.471372 0
    outer loop
      vertex 23.6713 26.3889 95.01
      vertex 23.4403 25.9567 100
      vertex 23.4403 25.9567 95.01
    endloop
  endfacet
  facet normal 0.956923 -0.290341 0
    outer loop
      vertex 23.298 25.4877 100
      vertex 23.4403 25.9567 95.01
      vertex 23.4403 25.9567 100
    endloop
  endfacet
  facet normal 0.956923 -0.290341 0
    outer loop
      vertex 23.4403 25.9567 95.01
      vertex 23.298 25.4877 100
      vertex 23.298 25.4877 95.01
    endloop
  endfacet
  facet normal 0.995192 -0.0979479 0
    outer loop
      vertex 23.25 25 100
      vertex 23.298 25.4877 95.01
      vertex 23.298 25.4877 100
    endloop
  endfacet
  facet normal 0.995192 -0.0979479 0
    outer loop
      vertex 23.298 25.4877 95.01
      vertex 23.25 25 100
      vertex 23.25 25 95.01
    endloop
  endfacet
  facet normal 0.995192 0.0979479 0
    outer loop
      vertex 23.298 24.5123 100
      vertex 23.25 25 95.01
      vertex 23.25 25 100
    endloop
  endfacet
  facet normal 0.995192 0.0979479 0
    outer loop
      vertex 23.25 25 95.01
      vertex 23.298 24.5123 100
      vertex 23.298 24.5123 95.01
    endloop
  endfacet
  facet normal 0.956923 0.290341 0
    outer loop
      vertex 23.4403 24.0433 100
      vertex 23.298 24.5123 95.01
      vertex 23.298 24.5123 100
    endloop
  endfacet
  facet normal 0.956923 0.290341 0
    outer loop
      vertex 23.298 24.5123 95.01
      vertex 23.4403 24.0433 100
      vertex 23.4403 24.0433 95.01
    endloop
  endfacet
  facet normal 0.881935 0.471372 0
    outer loop
      vertex 23.6713 23.6111 100
      vertex 23.4403 24.0433 95.01
      vertex 23.4403 24.0433 100
    endloop
  endfacet
  facet normal 0.881935 0.471372 0
    outer loop
      vertex 23.4403 24.0433 95.01
      vertex 23.6713 23.6111 100
      vertex 23.6713 23.6111 95.01
    endloop
  endfacet
  facet normal 0.773066 0.634326 0
    outer loop
      vertex 23.9822 23.2322 100
      vertex 23.6713 23.6111 95.01
      vertex 23.6713 23.6111 100
    endloop
  endfacet
  facet normal 0.773066 0.634326 0
    outer loop
      vertex 23.6713 23.6111 95.01
      vertex 23.9822 23.2322 100
      vertex 23.9822 23.2322 95.01
    endloop
  endfacet
  facet normal 0.634326 0.773066 -0
    outer loop
      vertex 24.3611 22.9213 95.01
      vertex 23.9822 23.2322 100
      vertex 24.3611 22.9213 100
    endloop
  endfacet
  facet normal 0.634326 0.773066 0
    outer loop
      vertex 23.9822 23.2322 100
      vertex 24.3611 22.9213 95.01
      vertex 23.9822 23.2322 95.01
    endloop
  endfacet
  facet normal 0.471372 0.881935 -0
    outer loop
      vertex 24.7933 22.6903 95.01
      vertex 24.3611 22.9213 100
      vertex 24.7933 22.6903 100
    endloop
  endfacet
  facet normal 0.471372 0.881935 0
    outer loop
      vertex 24.3611 22.9213 100
      vertex 24.7933 22.6903 95.01
      vertex 24.3611 22.9213 95.01
    endloop
  endfacet
  facet normal 0.290341 0.956923 -0
    outer loop
      vertex 25.2623 22.548 95.01
      vertex 24.7933 22.6903 100
      vertex 25.2623 22.548 100
    endloop
  endfacet
  facet normal 0.290341 0.956923 0
    outer loop
      vertex 24.7933 22.6903 100
      vertex 25.2623 22.548 95.01
      vertex 24.7933 22.6903 95.01
    endloop
  endfacet
  facet normal 0.0979479 0.995192 -0
    outer loop
      vertex 25.75 22.5 95.01
      vertex 25.2623 22.548 100
      vertex 25.75 22.5 100
    endloop
  endfacet
  facet normal 0.0979479 0.995192 0
    outer loop
      vertex 25.2623 22.548 100
      vertex 25.75 22.5 95.01
      vertex 25.2623 22.548 95.01
    endloop
  endfacet
  facet normal -0.0979479 0.995192 0
    outer loop
      vertex 26.2377 22.548 95.01
      vertex 25.75 22.5 100
      vertex 26.2377 22.548 100
    endloop
  endfacet
  facet normal -0.0979479 0.995192 0
    outer loop
      vertex 25.75 22.5 100
      vertex 26.2377 22.548 95.01
      vertex 25.75 22.5 95.01
    endloop
  endfacet
  facet normal -0.290341 0.956923 0
    outer loop
      vertex 26.7067 22.6903 95.01
      vertex 26.2377 22.548 100
      vertex 26.7067 22.6903 100
    endloop
  endfacet
  facet normal -0.290341 0.956923 0
    outer loop
      vertex 26.2377 22.548 100
      vertex 26.7067 22.6903 95.01
      vertex 26.2377 22.548 95.01
    endloop
  endfacet
  facet normal -0.471372 0.881935 0
    outer loop
      vertex 27.1389 22.9213 95.01
      vertex 26.7067 22.6903 100
      vertex 27.1389 22.9213 100
    endloop
  endfacet
  facet normal -0.471372 0.881935 0
    outer loop
      vertex 26.7067 22.6903 100
      vertex 27.1389 22.9213 95.01
      vertex 26.7067 22.6903 95.01
    endloop
  endfacet
  facet normal -0.634326 0.773066 0
    outer loop
      vertex 27.5178 23.2322 95.01
      vertex 27.1389 22.9213 100
      vertex 27.5178 23.2322 100
    endloop
  endfacet
  facet normal -0.634326 0.773066 0
    outer loop
      vertex 27.1389 22.9213 100
      vertex 27.5178 23.2322 95.01
      vertex 27.1389 22.9213 95.01
    endloop
  endfacet
  facet normal -0.773066 0.634326 0
    outer loop
      vertex 27.5178 23.2322 95.01
      vertex 27.8287 23.6111 100
      vertex 27.8287 23.6111 95.01
    endloop
  endfacet
  facet normal -0.773066 0.634326 0
    outer loop
      vertex 27.8287 23.6111 100
      vertex 27.5178 23.2322 95.01
      vertex 27.5178 23.2322 100
    endloop
  endfacet
  facet normal -0.881935 0.471372 0
    outer loop
      vertex 27.8287 23.6111 95.01
      vertex 28.0597 24.0433 100
      vertex 28.0597 24.0433 95.01
    endloop
  endfacet
  facet normal -0.881935 0.471372 0
    outer loop
      vertex 28.0597 24.0433 100
      vertex 27.8287 23.6111 95.01
      vertex 27.8287 23.6111 100
    endloop
  endfacet
  facet normal -0.956923 0.290341 0
    outer loop
      vertex 28.0597 24.0433 95.01
      vertex 28.202 24.5123 100
      vertex 28.202 24.5123 95.01
    endloop
  endfacet
  facet normal -0.956923 0.290341 0
    outer loop
      vertex 28.202 24.5123 100
      vertex 28.0597 24.0433 95.01
      vertex 28.0597 24.0433 100
    endloop
  endfacet
  facet normal -0.995192 0.0979479 0
    outer loop
      vertex 28.202 24.5123 95.01
      vertex 28.25 25 100
      vertex 28.25 25 95.01
    endloop
  endfacet
  facet normal -0.995192 0.0979479 0
    outer loop
      vertex 28.25 25 100
      vertex 28.202 24.5123 95.01
      vertex 28.202 24.5123 100
    endloop
  endfacet
  facet normal -0.995192 -0.0979479 0
    outer loop
      vertex 28.25 25 95.01
      vertex 28.202 25.4877 100
      vertex 28.202 25.4877 95.01
    endloop
  endfacet
  facet normal -0.995192 -0.0979479 0
    outer loop
      vertex 28.202 25.4877 100
      vertex 28.25 25 95.01
      vertex 28.25 25 100
    endloop
  endfacet
  facet normal -0.956923 -0.290341 0
    outer loop
      vertex 28.202 25.4877 95.01
      vertex 28.0597 25.9567 100
      vertex 28.0597 25.9567 95.01
    endloop
  endfacet
  facet normal -0.956923 -0.290341 0
    outer loop
      vertex 28.0597 25.9567 100
      vertex 28.202 25.4877 95.01
      vertex 28.202 25.4877 100
    endloop
  endfacet
  facet normal -0.881935 -0.471372 0
    outer loop
      vertex 28.0597 25.9567 95.01
      vertex 27.8287 26.3889 100
      vertex 27.8287 26.3889 95.01
    endloop
  endfacet
  facet normal -0.881935 -0.471372 0
    outer loop
      vertex 27.8287 26.3889 100
      vertex 28.0597 25.9567 95.01
      vertex 28.0597 25.9567 100
    endloop
  endfacet
  facet normal -0.773066 -0.634326 0
    outer loop
      vertex 27.8287 26.3889 95.01
      vertex 27.5178 26.7678 100
      vertex 27.5178 26.7678 95.01
    endloop
  endfacet
  facet normal -0.773066 -0.634326 0
    outer loop
      vertex 27.5178 26.7678 100
      vertex 27.8287 26.3889 95.01
      vertex 27.8287 26.3889 100
    endloop
  endfacet
  facet normal -0.634326 -0.773066 0
    outer loop
      vertex 27.1389 27.0787 95.01
      vertex 27.5178 26.7678 100
      vertex 27.1389 27.0787 100
    endloop
  endfacet
  facet normal -0.634326 -0.773066 -0
    outer loop
      vertex 27.5178 26.7678 100
      vertex 27.1389 27.0787 95.01
      vertex 27.5178 26.7678 95.01
    endloop
  endfacet
  facet normal -0.471181 -0.882036 0
    outer loop
      vertex 27 27.1529 95.01
      vertex 27.1389 27.0787 100
      vertex 27 27.1529 100
    endloop
  endfacet
  facet normal -0.471181 -0.882036 -0
    outer loop
      vertex 27.1389 27.0787 100
      vertex 27 27.1529 95.01
      vertex 27.1389 27.0787 95.01
    endloop
  endfacet
  facet normal -1 0 0
    outer loop
      vertex 27 27.1529 95.01
      vertex 27 140.064 100
      vertex 27 140.064 95.01
    endloop
  endfacet
  facet normal -1 -0 0
    outer loop
      vertex 27 140.064 100
      vertex 27 27.1529 95.01
      vertex 27 27.1529 100
    endloop
  endfacet
  facet normal 0 1 -0
    outer loop
      vertex 49 140.064 95.01
      vertex 27 140.064 100
      vertex 49 140.064 100
    endloop
  endfacet
  facet normal 0 1 0
    outer loop
      vertex 27 140.064 100
      vertex 49 140.064 95.01
      vertex 27 140.064 95.01
    endloop
  endfacet
  facet normal 1 -0 0
    outer loop
      vertex 49 27.1529 100
      vertex 49 140.064 95.01
      vertex 49 140.064 100
    endloop
  endfacet
  facet normal 1 0 0
    outer loop
      vertex 49 140.064 95.01
      vertex 49 27.1529 100
      vertex 49 27.1529 95.01
    endloop
  endfacet
  facet normal 0.471181 -0.882036 0
    outer loop
      vertex 48.8611 27.0787 95.01
      vertex 49 27.1529 100
      vertex 48.8611 27.0787 100
    endloop
  endfacet
  facet normal 0.471181 -0.882036 0
    outer loop
      vertex 49 27.1529 100
      vertex 48.8611 27.0787 95.01
      vertex 49 27.1529 95.01
    endloop
  endfacet
  facet normal 0.634326 -0.773066 0
    outer loop
      vertex 48.4822 26.7678 95.01
      vertex 48.8611 27.0787 100
      vertex 48.4822 26.7678 100
    endloop
  endfacet
  facet normal 0.634326 -0.773066 0
    outer loop
      vertex 48.8611 27.0787 100
      vertex 48.4822 26.7678 95.01
      vertex 48.8611 27.0787 95.01
    endloop
  endfacet
  facet normal 0.773066 -0.634326 0
    outer loop
      vertex 48.1713 26.3889 100
      vertex 48.4822 26.7678 95.01
      vertex 48.4822 26.7678 100
    endloop
  endfacet
  facet normal 0.773066 -0.634326 0
    outer loop
      vertex 48.4822 26.7678 95.01
      vertex 48.1713 26.3889 100
      vertex 48.1713 26.3889 95.01
    endloop
  endfacet
  facet normal 0.881935 -0.471372 0
    outer loop
      vertex 47.9403 25.9567 100
      vertex 48.1713 26.3889 95.01
      vertex 48.1713 26.3889 100
    endloop
  endfacet
  facet normal 0.881935 -0.471372 0
    outer loop
      vertex 48.1713 26.3889 95.01
      vertex 47.9403 25.9567 100
      vertex 47.9403 25.9567 95.01
    endloop
  endfacet
  facet normal 0.956923 -0.290341 0
    outer loop
      vertex 47.798 25.4877 100
      vertex 47.9403 25.9567 95.01
      vertex 47.9403 25.9567 100
    endloop
  endfacet
  facet normal 0.956923 -0.290341 0
    outer loop
      vertex 47.9403 25.9567 95.01
      vertex 47.798 25.4877 100
      vertex 47.798 25.4877 95.01
    endloop
  endfacet
  facet normal 0.995192 -0.0979479 0
    outer loop
      vertex 47.75 25 100
      vertex 47.798 25.4877 95.01
      vertex 47.798 25.4877 100
    endloop
  endfacet
  facet normal 0.995192 -0.0979479 0
    outer loop
      vertex 47.798 25.4877 95.01
      vertex 47.75 25 100
      vertex 47.75 25 95.01
    endloop
  endfacet
  facet normal 0.995192 0.0979479 0
    outer loop
      vertex 47.798 24.5123 100
      vertex 47.75 25 95.01
      vertex 47.75 25 100
    endloop
  endfacet
  facet normal 0.995192 0.0979479 0
    outer loop
      vertex 47.75 25 95.01
      vertex 47.798 24.5123 100
      vertex 47.798 24.5123 95.01
    endloop
  endfacet
  facet normal 0.956923 0.290341 0
    outer loop
      vertex 47.9403 24.0433 100
      vertex 47.798 24.5123 95.01
      vertex 47.798 24.5123 100
    endloop
  endfacet
  facet normal 0.956923 0.290341 0
    outer loop
      vertex 47.798 24.5123 95.01
      vertex 47.9403 24.0433 100
      vertex 47.9403 24.0433 95.01
    endloop
  endfacet
  facet normal 0.881935 0.471372 0
    outer loop
      vertex 48.1713 23.6111 100
      vertex 47.9403 24.0433 95.01
      vertex 47.9403 24.0433 100
    endloop
  endfacet
  facet normal 0.881935 0.471372 0
    outer loop
      vertex 47.9403 24.0433 95.01
      vertex 48.1713 23.6111 100
      vertex 48.1713 23.6111 95.01
    endloop
  endfacet
  facet normal 0.773066 0.634326 0
    outer loop
      vertex 48.4822 23.2322 100
      vertex 48.1713 23.6111 95.01
      vertex 48.1713 23.6111 100
    endloop
  endfacet
  facet normal 0.773066 0.634326 0
    outer loop
      vertex 48.1713 23.6111 95.01
      vertex 48.4822 23.2322 100
      vertex 48.4822 23.2322 95.01
    endloop
  endfacet
  facet normal 0.634326 0.773066 -0
    outer loop
      vertex 48.8611 22.9213 95.01
      vertex 48.4822 23.2322 100
      vertex 48.8611 22.9213 100
    endloop
  endfacet
  facet normal 0.634326 0.773066 0
    outer loop
      vertex 48.4822 23.2322 100
      vertex 48.8611 22.9213 95.01
      vertex 48.4822 23.2322 95.01
    endloop
  endfacet
  facet normal 0.471372 0.881935 -0
    outer loop
      vertex 49.2933 22.6903 95.01
      vertex 48.8611 22.9213 100
      vertex 49.2933 22.6903 100
    endloop
  endfacet
  facet normal 0.471372 0.881935 0
    outer loop
      vertex 48.8611 22.9213 100
      vertex 49.2933 22.6903 95.01
      vertex 48.8611 22.9213 95.01
    endloop
  endfacet
  facet normal 0.290341 0.956923 -0
    outer loop
      vertex 49.7623 22.548 95.01
      vertex 49.2933 22.6903 100
      vertex 49.7623 22.548 100
    endloop
  endfacet
  facet normal 0.290341 0.956923 0
    outer loop
      vertex 49.2933 22.6903 100
      vertex 49.7623 22.548 95.01
      vertex 49.2933 22.6903 95.01
    endloop
  endfacet
  facet normal 0.0979479 0.995192 -0
    outer loop
      vertex 50.25 22.5 95.01
      vertex 49.7623 22.548 100
      vertex 50.25 22.5 100
    endloop
  endfacet
  facet normal 0.0979479 0.995192 0
    outer loop
      vertex 49.7623 22.548 100
      vertex 50.25 22.5 95.01
      vertex 49.7623 22.548 95.01
    endloop
  endfacet
  facet normal -0.0979479 0.995192 0
    outer loop
      vertex 50.7377 22.548 95.01
      vertex 50.25 22.5 100
      vertex 50.7377 22.548 100
    endloop
  endfacet
  facet normal -0.0979479 0.995192 0
    outer loop
      vertex 50.25 22.5 100
      vertex 50.7377 22.548 95.01
      vertex 50.25 22.5 95.01
    endloop
  endfacet
  facet normal -0.290341 0.956923 0
    outer loop
      vertex 115.207 22.6903 95.01
      vertex 114.738 22.548 100
      vertex 115.207 22.6903 100
    endloop
  endfacet
  facet normal -0.290341 0.956923 0
    outer loop
      vertex 114.738 22.548 100
      vertex 115.207 22.6903 95.01
      vertex 114.738 22.548 95.01
    endloop
  endfacet
  facet normal -0.471542 0.881844 0
    outer loop
      vertex 115.639 22.9213 95.01
      vertex 115.207 22.6903 100
      vertex 115.639 22.9213 100
    endloop
  endfacet
  facet normal -0.471542 0.881844 0
    outer loop
      vertex 115.207 22.6903 100
      vertex 115.639 22.9213 95.01
      vertex 115.207 22.6903 95.01
    endloop
  endfacet
  facet normal -0.634226 0.773148 0
    outer loop
      vertex 116.018 23.2322 95.01
      vertex 115.639 22.9213 100
      vertex 116.018 23.2322 100
    endloop
  endfacet
  facet normal -0.634226 0.773148 0
    outer loop
      vertex 115.639 22.9213 100
      vertex 116.018 23.2322 95.01
      vertex 115.639 22.9213 95.01
    endloop
  endfacet
  facet normal -0.772966 0.634448 0
    outer loop
      vertex 116.018 23.2322 95.01
      vertex 116.329 23.6111 100
      vertex 116.329 23.6111 95.01
    endloop
  endfacet
  facet normal -0.772966 0.634448 0
    outer loop
      vertex 116.329 23.6111 100
      vertex 116.018 23.2322 95.01
      vertex 116.018 23.2322 100
    endloop
  endfacet
  facet normal -0.881935 0.471372 0
    outer loop
      vertex 116.329 23.6111 95.01
      vertex 116.56 24.0433 100
      vertex 116.56 24.0433 95.01
    endloop
  endfacet
  facet normal -0.881935 0.471372 0
    outer loop
      vertex 116.56 24.0433 100
      vertex 116.329 23.6111 95.01
      vertex 116.329 23.6111 100
    endloop
  endfacet
  facet normal -0.957093 0.289781 0
    outer loop
      vertex 116.56 24.0433 95.01
      vertex 116.702 24.5123 100
      vertex 116.702 24.5123 95.01
    endloop
  endfacet
  facet normal -0.957093 0.289781 0
    outer loop
      vertex 116.702 24.5123 100
      vertex 116.56 24.0433 95.01
      vertex 116.56 24.0433 100
    endloop
  endfacet
  facet normal -0.995192 0.0979479 0
    outer loop
      vertex 116.702 24.5123 95.01
      vertex 116.75 25 100
      vertex 116.75 25 95.01
    endloop
  endfacet
  facet normal -0.995192 0.0979479 0
    outer loop
      vertex 116.75 25 100
      vertex 116.702 24.5123 95.01
      vertex 116.702 24.5123 100
    endloop
  endfacet
  facet normal -0.995192 -0.0979479 0
    outer loop
      vertex 116.75 25 95.01
      vertex 116.702 25.4877 100
      vertex 116.702 25.4877 95.01
    endloop
  endfacet
  facet normal -0.995192 -0.0979479 0
    outer loop
      vertex 116.702 25.4877 100
      vertex 116.75 25 95.01
      vertex 116.75 25 100
    endloop
  endfacet
  facet normal -0.957093 -0.289781 0
    outer loop
      vertex 116.702 25.4877 95.01
      vertex 116.56 25.9567 100
      vertex 116.56 25.9567 95.01
    endloop
  endfacet
  facet normal -0.957093 -0.289781 0
    outer loop
      vertex 116.56 25.9567 100
      vertex 116.702 25.4877 95.01
      vertex 116.702 25.4877 100
    endloop
  endfacet
  facet normal -0.881935 -0.471372 0
    outer loop
      vertex 116.56 25.9567 95.01
      vertex 116.329 26.3889 100
      vertex 116.329 26.3889 95.01
    endloop
  endfacet
  facet normal -0.881935 -0.471372 0
    outer loop
      vertex 116.329 26.3889 100
      vertex 116.56 25.9567 95.01
      vertex 116.56 25.9567 100
    endloop
  endfacet
  facet normal -0.772966 -0.634448 0
    outer loop
      vertex 116.329 26.3889 95.01
      vertex 116.018 26.7678 100
      vertex 116.018 26.7678 95.01
    endloop
  endfacet
  facet normal -0.772966 -0.634448 0
    outer loop
      vertex 116.018 26.7678 100
      vertex 116.329 26.3889 95.01
      vertex 116.329 26.3889 100
    endloop
  endfacet
  facet normal -0.634226 -0.773148 0
    outer loop
      vertex 115.639 27.0787 95.01
      vertex 116.018 26.7678 100
      vertex 115.639 27.0787 100
    endloop
  endfacet
  facet normal -0.634226 -0.773148 -0
    outer loop
      vertex 116.018 26.7678 100
      vertex 115.639 27.0787 95.01
      vertex 116.018 26.7678 95.01
    endloop
  endfacet
  facet normal -0.470918 -0.882177 0
    outer loop
      vertex 115.5 27.1529 95.01
      vertex 115.639 27.0787 100
      vertex 115.5 27.1529 100
    endloop
  endfacet
  facet normal -0.470918 -0.882177 -0
    outer loop
      vertex 115.639 27.0787 100
      vertex 115.5 27.1529 95.01
      vertex 115.639 27.0787 95.01
    endloop
  endfacet
  facet normal -1 0 0
    outer loop
      vertex 115.5 27.1529 95.01
      vertex 115.5 130.011 100
      vertex 115.5 130.011 95.01
    endloop
  endfacet
  facet normal -1 -0 0
    outer loop
      vertex 115.5 130.011 100
      vertex 115.5 27.1529 95.01
      vertex 115.5 27.1529 100
    endloop
  endfacet
  facet normal 0 -1 0
    outer loop
      vertex 88.5 130.011 95.01
      vertex 115.5 130.011 100
      vertex 88.5 130.011 100
    endloop
  endfacet
  facet normal 0 -1 -0
    outer loop
      vertex 115.5 130.011 100
      vertex 88.5 130.011 95.01
      vertex 115.5 130.011 95.01
    endloop
  endfacet
  facet normal 1 -0 0
    outer loop
      vertex 88.5 27.1529 100
      vertex 88.5 130.011 95.01
      vertex 88.5 130.011 100
    endloop
  endfacet
  facet normal 1 0 0
    outer loop
      vertex 88.5 130.011 95.01
      vertex 88.5 27.1529 100
      vertex 88.5 27.1529 95.01
    endloop
  endfacet
  facet normal 0.471181 -0.882036 0
    outer loop
      vertex 88.3611 27.0787 95.01
      vertex 88.5 27.1529 100
      vertex 88.3611 27.0787 100
    endloop
  endfacet
  facet normal 0.471181 -0.882036 0
    outer loop
      vertex 88.5 27.1529 100
      vertex 88.3611 27.0787 95.01
      vertex 88.5 27.1529 95.01
    endloop
  endfacet
  facet normal 0.634326 -0.773066 0
    outer loop
      vertex 87.9822 26.7678 95.01
      vertex 88.3611 27.0787 100
      vertex 87.9822 26.7678 100
    endloop
  endfacet
  facet normal 0.634326 -0.773066 0
    outer loop
      vertex 88.3611 27.0787 100
      vertex 87.9822 26.7678 95.01
      vertex 88.3611 27.0787 95.01
    endloop
  endfacet
  facet normal 0.773066 -0.634326 0
    outer loop
      vertex 87.6713 26.3889 100
      vertex 87.9822 26.7678 95.01
      vertex 87.9822 26.7678 100
    endloop
  endfacet
  facet normal 0.773066 -0.634326 0
    outer loop
      vertex 87.9822 26.7678 95.01
      vertex 87.6713 26.3889 100
      vertex 87.6713 26.3889 95.01
    endloop
  endfacet
  facet normal 0.881935 -0.471372 0
    outer loop
      vertex 87.4403 25.9567 100
      vertex 87.6713 26.3889 95.01
      vertex 87.6713 26.3889 100
    endloop
  endfacet
  facet normal 0.881935 -0.471372 0
    outer loop
      vertex 87.6713 26.3889 95.01
      vertex 87.4403 25.9567 100
      vertex 87.4403 25.9567 95.01
    endloop
  endfacet
  facet normal 0.956923 -0.290341 0
    outer loop
      vertex 87.298 25.4877 100
      vertex 87.4403 25.9567 95.01
      vertex 87.4403 25.9567 100
    endloop
  endfacet
  facet normal 0.956923 -0.290341 0
    outer loop
      vertex 87.4403 25.9567 95.01
      vertex 87.298 25.4877 100
      vertex 87.298 25.4877 95.01
    endloop
  endfacet
  facet normal 0.995192 -0.0979479 0
    outer loop
      vertex 87.25 25 100
      vertex 87.298 25.4877 95.01
      vertex 87.298 25.4877 100
    endloop
  endfacet
  facet normal 0.995192 -0.0979479 0
    outer loop
      vertex 87.298 25.4877 95.01
      vertex 87.25 25 100
      vertex 87.25 25 95.01
    endloop
  endfacet
  facet normal 0.995192 0.0979479 0
    outer loop
      vertex 87.298 24.5123 100
      vertex 87.25 25 95.01
      vertex 87.25 25 100
    endloop
  endfacet
  facet normal 0.995192 0.0979479 0
    outer loop
      vertex 87.25 25 95.01
      vertex 87.298 24.5123 100
      vertex 87.298 24.5123 95.01
    endloop
  endfacet
  facet normal 0.956923 0.290341 0
    outer loop
      vertex 87.4403 24.0433 100
      vertex 87.298 24.5123 95.01
      vertex 87.298 24.5123 100
    endloop
  endfacet
  facet normal 0.956923 0.290341 0
    outer loop
      vertex 87.298 24.5123 95.01
      vertex 87.4403 24.0433 100
      vertex 87.4403 24.0433 95.01
    endloop
  endfacet
  facet normal 0.881935 0.471372 0
    outer loop
      vertex 87.6713 23.6111 100
      vertex 87.4403 24.0433 95.01
      vertex 87.4403 24.0433 100
    endloop
  endfacet
  facet normal 0.881935 0.471372 0
    outer loop
      vertex 87.4403 24.0433 95.01
      vertex 87.6713 23.6111 100
      vertex 87.6713 23.6111 95.01
    endloop
  endfacet
  facet normal 0.773066 0.634326 0
    outer loop
      vertex 87.9822 23.2322 100
      vertex 87.6713 23.6111 95.01
      vertex 87.6713 23.6111 100
    endloop
  endfacet
  facet normal 0.773066 0.634326 0
    outer loop
      vertex 87.6713 23.6111 95.01
      vertex 87.9822 23.2322 100
      vertex 87.9822 23.2322 95.01
    endloop
  endfacet
  facet normal 0.634326 0.773066 -0
    outer loop
      vertex 88.3611 22.9213 95.01
      vertex 87.9822 23.2322 100
      vertex 88.3611 22.9213 100
    endloop
  endfacet
  facet normal 0.634326 0.773066 0
    outer loop
      vertex 87.9822 23.2322 100
      vertex 88.3611 22.9213 95.01
      vertex 87.9822 23.2322 95.01
    endloop
  endfacet
  facet normal 0.471372 0.881935 -0
    outer loop
      vertex 88.7933 22.6903 95.01
      vertex 88.3611 22.9213 100
      vertex 88.7933 22.6903 100
    endloop
  endfacet
  facet normal 0.471372 0.881935 0
    outer loop
      vertex 88.3611 22.9213 100
      vertex 88.7933 22.6903 95.01
      vertex 88.3611 22.9213 95.01
    endloop
  endfacet
  facet normal 0.290341 0.956923 -0
    outer loop
      vertex 89.2623 22.548 95.01
      vertex 88.7933 22.6903 100
      vertex 89.2623 22.548 100
    endloop
  endfacet
  facet normal 0.290341 0.956923 0
    outer loop
      vertex 88.7933 22.6903 100
      vertex 89.2623 22.548 95.01
      vertex 88.7933 22.6903 95.01
    endloop
  endfacet
  facet normal 0.0979479 0.995192 -0
    outer loop
      vertex 89.75 22.5 95.01
      vertex 89.2623 22.548 100
      vertex 89.75 22.5 100
    endloop
  endfacet
  facet normal 0.0979479 0.995192 0
    outer loop
      vertex 89.2623 22.548 100
      vertex 89.75 22.5 95.01
      vertex 89.2623 22.548 95.01
    endloop
  endfacet
  facet normal -0.0979479 0.995192 0
    outer loop
      vertex 90.2377 22.548 95.01
      vertex 89.75 22.5 100
      vertex 90.2377 22.548 100
    endloop
  endfacet
  facet normal -0.0979479 0.995192 0
    outer loop
      vertex 89.75 22.5 100
      vertex 90.2377 22.548 95.01
      vertex 89.75 22.5 95.01
    endloop
  endfacet
  facet normal -0.290341 0.956923 0
    outer loop
      vertex 90.7067 22.6903 95.01
      vertex 90.2377 22.548 100
      vertex 90.7067 22.6903 100
    endloop
  endfacet
  facet normal -0.290341 0.956923 0
    outer loop
      vertex 90.2377 22.548 100
      vertex 90.7067 22.6903 95.01
      vertex 90.2377 22.548 95.01
    endloop
  endfacet
  facet normal -0.471372 0.881935 0
    outer loop
      vertex 91.1389 22.9213 95.01
      vertex 90.7067 22.6903 100
      vertex 91.1389 22.9213 100
    endloop
  endfacet
  facet normal -0.471372 0.881935 0
    outer loop
      vertex 90.7067 22.6903 100
      vertex 91.1389 22.9213 95.01
      vertex 90.7067 22.6903 95.01
    endloop
  endfacet
  facet normal -0.634326 0.773066 0
    outer loop
      vertex 91.5178 23.2322 95.01
      vertex 91.1389 22.9213 100
      vertex 91.5178 23.2322 100
    endloop
  endfacet
  facet normal -0.634326 0.773066 0
    outer loop
      vertex 91.1389 22.9213 100
      vertex 91.5178 23.2322 95.01
      vertex 91.1389 22.9213 95.01
    endloop
  endfacet
  facet normal -0.773066 0.634326 0
    outer loop
      vertex 91.5178 23.2322 95.01
      vertex 91.8287 23.6111 100
      vertex 91.8287 23.6111 95.01
    endloop
  endfacet
  facet normal -0.773066 0.634326 0
    outer loop
      vertex 91.8287 23.6111 100
      vertex 91.5178 23.2322 95.01
      vertex 91.5178 23.2322 100
    endloop
  endfacet
  facet normal -0.881935 0.471372 0
    outer loop
      vertex 91.8287 23.6111 95.01
      vertex 92.0597 24.0433 100
      vertex 92.0597 24.0433 95.01
    endloop
  endfacet
  facet normal -0.881935 0.471372 0
    outer loop
      vertex 92.0597 24.0433 100
      vertex 91.8287 23.6111 95.01
      vertex 91.8287 23.6111 100
    endloop
  endfacet
  facet normal -0.956923 0.290341 0
    outer loop
      vertex 92.0597 24.0433 95.01
      vertex 92.202 24.5123 100
      vertex 92.202 24.5123 95.01
    endloop
  endfacet
  facet normal -0.956923 0.290341 0
    outer loop
      vertex 92.202 24.5123 100
      vertex 92.0597 24.0433 95.01
      vertex 92.0597 24.0433 100
    endloop
  endfacet
  facet normal -0.995192 0.0979479 0
    outer loop
      vertex 92.202 24.5123 95.01
      vertex 92.25 25 100
      vertex 92.25 25 95.01
    endloop
  endfacet
  facet normal -0.995192 0.0979479 0
    outer loop
      vertex 92.25 25 100
      vertex 92.202 24.5123 95.01
      vertex 92.202 24.5123 100
    endloop
  endfacet
  facet normal -0.995192 -0.0979479 0
    outer loop
      vertex 92.25 25 95.01
      vertex 92.202 25.4877 100
      vertex 92.202 25.4877 95.01
    endloop
  endfacet
  facet normal -0.995192 -0.0979479 0
    outer loop
      vertex 92.202 25.4877 100
      vertex 92.25 25 95.01
      vertex 92.25 25 100
    endloop
  endfacet
  facet normal -0.956923 -0.290341 0
    outer loop
      vertex 92.202 25.4877 95.01
      vertex 92.0597 25.9567 100
      vertex 92.0597 25.9567 95.01
    endloop
  endfacet
  facet normal -0.956923 -0.290341 0
    outer loop
      vertex 92.0597 25.9567 100
      vertex 92.202 25.4877 95.01
      vertex 92.202 25.4877 100
    endloop
  endfacet
  facet normal -0.881935 -0.471372 0
    outer loop
      vertex 92.0597 25.9567 95.01
      vertex 91.8287 26.3889 100
      vertex 91.8287 26.3889 95.01
    endloop
  endfacet
  facet normal -0.881935 -0.471372 0
    outer loop
      vertex 91.8287 26.3889 100
      vertex 92.0597 25.9567 95.01
      vertex 92.0597 25.9567 100
    endloop
  endfacet
  facet normal -0.773066 -0.634326 0
    outer loop
      vertex 91.8287 26.3889 95.01
      vertex 91.5178 26.7678 100
      vertex 91.5178 26.7678 95.01
    endloop
  endfacet
  facet normal -0.773066 -0.634326 0
    outer loop
      vertex 91.5178 26.7678 100
      vertex 91.8287 26.3889 95.01
      vertex 91.8287 26.3889 100
    endloop
  endfacet
  facet normal -0.634326 -0.773066 0
    outer loop
      vertex 91.1389 27.0787 95.01
      vertex 91.5178 26.7678 100
      vertex 91.1389 27.0787 100
    endloop
  endfacet
  facet normal -0.634326 -0.773066 -0
    outer loop
      vertex 91.5178 26.7678 100
      vertex 91.1389 27.0787 95.01
      vertex 91.5178 26.7678 95.01
    endloop
  endfacet
  facet normal -0.471181 -0.882036 0
    outer loop
      vertex 91 27.1529 95.01
      vertex 91.1389 27.0787 100
      vertex 91 27.1529 100
    endloop
  endfacet
  facet normal -0.471181 -0.882036 -0
    outer loop
      vertex 91.1389 27.0787 100
      vertex 91 27.1529 95.01
      vertex 91.1389 27.0787 95.01
    endloop
  endfacet
  facet normal -1 0 0
    outer loop
      vertex 91 27.1529 95.01
      vertex 91 127.511 100
      vertex 91 127.511 95.01
    endloop
  endfacet
  facet normal -1 -0 0
    outer loop
      vertex 91 127.511 100
      vertex 91 27.1529 95.01
      vertex 91 27.1529 100
    endloop
  endfacet
  facet normal 0 1 -0
    outer loop
      vertex 113 127.511 95.01
      vertex 91 127.511 100
      vertex 113 127.511 100
    endloop
  endfacet
  facet normal 0 1 0
    outer loop
      vertex 91 127.511 100
      vertex 113 127.511 95.01
      vertex 91 127.511 95.01
    endloop
  endfacet
  facet normal 1 -0 0
    outer loop
      vertex 113 27.1529 100
      vertex 113 127.511 95.01
      vertex 113 127.511 100
    endloop
  endfacet
  facet normal 1 0 0
    outer loop
      vertex 113 127.511 95.01
      vertex 113 27.1529 100
      vertex 113 27.1529 95.01
    endloop
  endfacet
  facet normal 0.470918 -0.882177 0
    outer loop
      vertex 112.861 27.0787 95.01
      vertex 113 27.1529 100
      vertex 112.861 27.0787 100
    endloop
  endfacet
  facet normal 0.470918 -0.882177 0
    outer loop
      vertex 113 27.1529 100
      vertex 112.861 27.0787 95.01
      vertex 113 27.1529 95.01
    endloop
  endfacet
  facet normal 0.634226 -0.773148 0
    outer loop
      vertex 112.482 26.7678 95.01
      vertex 112.861 27.0787 100
      vertex 112.482 26.7678 100
    endloop
  endfacet
  facet normal 0.634226 -0.773148 0
    outer loop
      vertex 112.861 27.0787 100
      vertex 112.482 26.7678 95.01
      vertex 112.861 27.0787 95.01
    endloop
  endfacet
  facet normal 0.772966 -0.634448 0
    outer loop
      vertex 112.171 26.3889 100
      vertex 112.482 26.7678 95.01
      vertex 112.482 26.7678 100
    endloop
  endfacet
  facet normal 0.772966 -0.634448 0
    outer loop
      vertex 112.482 26.7678 95.01
      vertex 112.171 26.3889 100
      vertex 112.171 26.3889 95.01
    endloop
  endfacet
  facet normal 0.881935 -0.471372 0
    outer loop
      vertex 111.94 25.9567 100
      vertex 112.171 26.3889 95.01
      vertex 112.171 26.3889 100
    endloop
  endfacet
  facet normal 0.881935 -0.471372 0
    outer loop
      vertex 112.171 26.3889 95.01
      vertex 111.94 25.9567 100
      vertex 111.94 25.9567 95.01
    endloop
  endfacet
  facet normal 0.957093 -0.289781 0
    outer loop
      vertex 111.798 25.4877 100
      vertex 111.94 25.9567 95.01
      vertex 111.94 25.9567 100
    endloop
  endfacet
  facet normal 0.957093 -0.289781 0
    outer loop
      vertex 111.94 25.9567 95.01
      vertex 111.798 25.4877 100
      vertex 111.798 25.4877 95.01
    endloop
  endfacet
  facet normal 0.995192 -0.0979479 0
    outer loop
      vertex 111.75 25 100
      vertex 111.798 25.4877 95.01
      vertex 111.798 25.4877 100
    endloop
  endfacet
  facet normal 0.995192 -0.0979479 0
    outer loop
      vertex 111.798 25.4877 95.01
      vertex 111.75 25 100
      vertex 111.75 25 95.01
    endloop
  endfacet
  facet normal 0.995192 0.0979479 0
    outer loop
      vertex 111.798 24.5123 100
      vertex 111.75 25 95.01
      vertex 111.75 25 100
    endloop
  endfacet
  facet normal 0.995192 0.0979479 0
    outer loop
      vertex 111.75 25 95.01
      vertex 111.798 24.5123 100
      vertex 111.798 24.5123 95.01
    endloop
  endfacet
  facet normal 0.957093 0.289781 0
    outer loop
      vertex 111.94 24.0433 100
      vertex 111.798 24.5123 95.01
      vertex 111.798 24.5123 100
    endloop
  endfacet
  facet normal 0.957093 0.289781 0
    outer loop
      vertex 111.798 24.5123 95.01
      vertex 111.94 24.0433 100
      vertex 111.94 24.0433 95.01
    endloop
  endfacet
  facet normal 0.881935 0.471372 0
    outer loop
      vertex 112.171 23.6111 100
      vertex 111.94 24.0433 95.01
      vertex 111.94 24.0433 100
    endloop
  endfacet
  facet normal 0.881935 0.471372 0
    outer loop
      vertex 111.94 24.0433 95.01
      vertex 112.171 23.6111 100
      vertex 112.171 23.6111 95.01
    endloop
  endfacet
  facet normal 0.772966 0.634448 0
    outer loop
      vertex 112.482 23.2322 100
      vertex 112.171 23.6111 95.01
      vertex 112.171 23.6111 100
    endloop
  endfacet
  facet normal 0.772966 0.634448 0
    outer loop
      vertex 112.171 23.6111 95.01
      vertex 112.482 23.2322 100
      vertex 112.482 23.2322 95.01
    endloop
  endfacet
  facet normal 0.634226 0.773148 -0
    outer loop
      vertex 112.861 22.9213 95.01
      vertex 112.482 23.2322 100
      vertex 112.861 22.9213 100
    endloop
  endfacet
  facet normal 0.634226 0.773148 0
    outer loop
      vertex 112.482 23.2322 100
      vertex 112.861 22.9213 95.01
      vertex 112.482 23.2322 95.01
    endloop
  endfacet
  facet normal 0.471542 0.881844 -0
    outer loop
      vertex 113.293 22.6903 95.01
      vertex 112.861 22.9213 100
      vertex 113.293 22.6903 100
    endloop
  endfacet
  facet normal 0.471542 0.881844 0
    outer loop
      vertex 112.861 22.9213 100
      vertex 113.293 22.6903 95.01
      vertex 112.861 22.9213 95.01
    endloop
  endfacet
  facet normal 0.290341 0.956923 -0
    outer loop
      vertex 113.762 22.548 95.01
      vertex 113.293 22.6903 100
      vertex 113.762 22.548 100
    endloop
  endfacet
  facet normal 0.290341 0.956923 0
    outer loop
      vertex 113.293 22.6903 100
      vertex 113.762 22.548 95.01
      vertex 113.293 22.6903 95.01
    endloop
  endfacet
  facet normal 0.0978883 0.995197 -0
    outer loop
      vertex 114.25 22.5 95.01
      vertex 113.762 22.548 100
      vertex 114.25 22.5 100
    endloop
  endfacet
  facet normal 0.0978883 0.995197 0
    outer loop
      vertex 113.762 22.548 100
      vertex 114.25 22.5 95.01
      vertex 113.762 22.548 95.01
    endloop
  endfacet
  facet normal -0.0978883 0.995197 0
    outer loop
      vertex 114.738 22.548 95.01
      vertex 114.25 22.5 100
      vertex 114.738 22.548 100
    endloop
  endfacet
  facet normal -0.0978883 0.995197 0
    outer loop
      vertex 114.25 22.5 100
      vertex 114.738 22.548 95.01
      vertex 114.25 22.5 95.01
    endloop
  endfacet
  facet normal -0.290341 0.956923 0
    outer loop
      vertex 179.207 22.6903 95.01
      vertex 178.738 22.548 100
      vertex 179.207 22.6903 100
    endloop
  endfacet
  facet normal -0.290341 0.956923 0
    outer loop
      vertex 178.738 22.548 100
      vertex 179.207 22.6903 95.01
      vertex 178.738 22.548 95.01
    endloop
  endfacet
  facet normal -0.471542 0.881844 0
    outer loop
      vertex 179.639 22.9213 95.01
      vertex 179.207 22.6903 100
      vertex 179.639 22.9213 100
    endloop
  endfacet
  facet normal -0.471542 0.881844 0
    outer loop
      vertex 179.207 22.6903 100
      vertex 179.639 22.9213 95.01
      vertex 179.207 22.6903 95.01
    endloop
  endfacet
  facet normal -0.634226 0.773148 0
    outer loop
      vertex 180.018 23.2322 95.01
      vertex 179.639 22.9213 100
      vertex 180.018 23.2322 100
    endloop
  endfacet
  facet normal -0.634226 0.773148 0
    outer loop
      vertex 179.639 22.9213 100
      vertex 180.018 23.2322 95.01
      vertex 179.639 22.9213 95.01
    endloop
  endfacet
  facet normal -0.772966 0.634448 0
    outer loop
      vertex 180.018 23.2322 95.01
      vertex 180.329 23.6111 100
      vertex 180.329 23.6111 95.01
    endloop
  endfacet
  facet normal -0.772966 0.634448 0
    outer loop
      vertex 180.329 23.6111 100
      vertex 180.018 23.2322 95.01
      vertex 180.018 23.2322 100
    endloop
  endfacet
  facet normal -0.881935 0.471372 0
    outer loop
      vertex 180.329 23.6111 95.01
      vertex 180.56 24.0433 100
      vertex 180.56 24.0433 95.01
    endloop
  endfacet
  facet normal -0.881935 0.471372 0
    outer loop
      vertex 180.56 24.0433 100
      vertex 180.329 23.6111 95.01
      vertex 180.329 23.6111 100
    endloop
  endfacet
  facet normal -0.957093 0.289781 0
    outer loop
      vertex 180.56 24.0433 95.01
      vertex 180.702 24.5123 100
      vertex 180.702 24.5123 95.01
    endloop
  endfacet
  facet normal -0.957093 0.289781 0
    outer loop
      vertex 180.702 24.5123 100
      vertex 180.56 24.0433 95.01
      vertex 180.56 24.0433 100
    endloop
  endfacet
  facet normal -0.995192 0.0979479 0
    outer loop
      vertex 180.702 24.5123 95.01
      vertex 180.75 25 100
      vertex 180.75 25 95.01
    endloop
  endfacet
  facet normal -0.995192 0.0979479 0
    outer loop
      vertex 180.75 25 100
      vertex 180.702 24.5123 95.01
      vertex 180.702 24.5123 100
    endloop
  endfacet
  facet normal -0.995192 -0.0979479 0
    outer loop
      vertex 180.75 25 95.01
      vertex 180.702 25.4877 100
      vertex 180.702 25.4877 95.01
    endloop
  endfacet
  facet normal -0.995192 -0.0979479 0
    outer loop
      vertex 180.702 25.4877 100
      vertex 180.75 25 95.01
      vertex 180.75 25 100
    endloop
  endfacet
  facet normal -0.957093 -0.289781 0
    outer loop
      vertex 180.702 25.4877 95.01
      vertex 180.56 25.9567 100
      vertex 180.56 25.9567 95.01
    endloop
  endfacet
  facet normal -0.957093 -0.289781 0
    outer loop
      vertex 180.56 25.9567 100
      vertex 180.702 25.4877 95.01
      vertex 180.702 25.4877 100
    endloop
  endfacet
  facet normal -0.881935 -0.471372 0
    outer loop
      vertex 180.56 25.9567 95.01
      vertex 180.329 26.3889 100
      vertex 180.329 26.3889 95.01
    endloop
  endfacet
  facet normal -0.881935 -0.471372 0
    outer loop
      vertex 180.329 26.3889 100
      vertex 180.56 25.9567 95.01
      vertex 180.56 25.9567 100
    endloop
  endfacet
  facet normal -0.772966 -0.634448 0
    outer loop
      vertex 180.329 26.3889 95.01
      vertex 180.018 26.7678 100
      vertex 180.018 26.7678 95.01
    endloop
  endfacet
  facet normal -0.772966 -0.634448 0
    outer loop
      vertex 180.018 26.7678 100
      vertex 180.329 26.3889 95.01
      vertex 180.329 26.3889 100
    endloop
  endfacet
  facet normal -0.634226 -0.773148 0
    outer loop
      vertex 179.639 27.0787 95.01
      vertex 180.018 26.7678 100
      vertex 179.639 27.0787 100
    endloop
  endfacet
  facet normal -0.634226 -0.773148 -0
    outer loop
      vertex 180.018 26.7678 100
      vertex 179.639 27.0787 95.01
      vertex 180.018 26.7678 95.01
    endloop
  endfacet
  facet normal -0.470918 -0.882177 0
    outer loop
      vertex 179.5 27.1529 95.01
      vertex 179.639 27.0787 100
      vertex 179.5 27.1529 100
    endloop
  endfacet
  facet normal -0.470918 -0.882177 -0
    outer loop
      vertex 179.639 27.0787 100
      vertex 179.5 27.1529 95.01
      vertex 179.639 27.0787 95.01
    endloop
  endfacet
  facet normal -1 0 0
    outer loop
      vertex 179.5 27.1529 95.01
      vertex 179.5 116.227 100
      vertex 179.5 116.227 95.01
    endloop
  endfacet
  facet normal -1 -0 0
    outer loop
      vertex 179.5 116.227 100
      vertex 179.5 27.1529 95.01
      vertex 179.5 27.1529 100
    endloop
  endfacet
  facet normal 0 -1 0
    outer loop
      vertex 152.5 116.227 95.01
      vertex 179.5 116.227 100
      vertex 152.5 116.227 100
    endloop
  endfacet
  facet normal 0 -1 -0
    outer loop
      vertex 179.5 116.227 100
      vertex 152.5 116.227 95.01
      vertex 179.5 116.227 95.01
    endloop
  endfacet
  facet normal 1 -0 0
    outer loop
      vertex 152.5 27.1529 100
      vertex 152.5 116.227 95.01
      vertex 152.5 116.227 100
    endloop
  endfacet
  facet normal 1 0 0
    outer loop
      vertex 152.5 116.227 95.01
      vertex 152.5 27.1529 100
      vertex 152.5 27.1529 95.01
    endloop
  endfacet
  facet normal 0.470918 -0.882177 0
    outer loop
      vertex 152.361 27.0787 95.01
      vertex 152.5 27.1529 100
      vertex 152.361 27.0787 100
    endloop
  endfacet
  facet normal 0.470918 -0.882177 0
    outer loop
      vertex 152.5 27.1529 100
      vertex 152.361 27.0787 95.01
      vertex 152.5 27.1529 95.01
    endloop
  endfacet
  facet normal 0.634226 -0.773148 0
    outer loop
      vertex 151.982 26.7678 95.01
      vertex 152.361 27.0787 100
      vertex 151.982 26.7678 100
    endloop
  endfacet
  facet normal 0.634226 -0.773148 0
    outer loop
      vertex 152.361 27.0787 100
      vertex 151.982 26.7678 95.01
      vertex 152.361 27.0787 95.01
    endloop
  endfacet
  facet normal 0.772966 -0.634448 0
    outer loop
      vertex 151.671 26.3889 100
      vertex 151.982 26.7678 95.01
      vertex 151.982 26.7678 100
    endloop
  endfacet
  facet normal 0.772966 -0.634448 0
    outer loop
      vertex 151.982 26.7678 95.01
      vertex 151.671 26.3889 100
      vertex 151.671 26.3889 95.01
    endloop
  endfacet
  facet normal 0.881935 -0.471372 0
    outer loop
      vertex 151.44 25.9567 100
      vertex 151.671 26.3889 95.01
      vertex 151.671 26.3889 100
    endloop
  endfacet
  facet normal 0.881935 -0.471372 0
    outer loop
      vertex 151.671 26.3889 95.01
      vertex 151.44 25.9567 100
      vertex 151.44 25.9567 95.01
    endloop
  endfacet
  facet normal 0.957093 -0.289781 0
    outer loop
      vertex 151.298 25.4877 100
      vertex 151.44 25.9567 95.01
      vertex 151.44 25.9567 100
    endloop
  endfacet
  facet normal 0.957093 -0.289781 0
    outer loop
      vertex 151.44 25.9567 95.01
      vertex 151.298 25.4877 100
      vertex 151.298 25.4877 95.01
    endloop
  endfacet
  facet normal 0.995192 -0.0979479 0
    outer loop
      vertex 151.25 25 100
      vertex 151.298 25.4877 95.01
      vertex 151.298 25.4877 100
    endloop
  endfacet
  facet normal 0.995192 -0.0979479 0
    outer loop
      vertex 151.298 25.4877 95.01
      vertex 151.25 25 100
      vertex 151.25 25 95.01
    endloop
  endfacet
  facet normal 0.995192 0.0979479 0
    outer loop
      vertex 151.298 24.5123 100
      vertex 151.25 25 95.01
      vertex 151.25 25 100
    endloop
  endfacet
  facet normal 0.995192 0.0979479 0
    outer loop
      vertex 151.25 25 95.01
      vertex 151.298 24.5123 100
      vertex 151.298 24.5123 95.01
    endloop
  endfacet
  facet normal 0.957093 0.289781 0
    outer loop
      vertex 151.44 24.0433 100
      vertex 151.298 24.5123 95.01
      vertex 151.298 24.5123 100
    endloop
  endfacet
  facet normal 0.957093 0.289781 0
    outer loop
      vertex 151.298 24.5123 95.01
      vertex 151.44 24.0433 100
      vertex 151.44 24.0433 95.01
    endloop
  endfacet
  facet normal 0.881935 0.471372 0
    outer loop
      vertex 151.671 23.6111 100
      vertex 151.44 24.0433 95.01
      vertex 151.44 24.0433 100
    endloop
  endfacet
  facet normal 0.881935 0.471372 0
    outer loop
      vertex 151.44 24.0433 95.01
      vertex 151.671 23.6111 100
      vertex 151.671 23.6111 95.01
    endloop
  endfacet
  facet normal 0.772966 0.634448 0
    outer loop
      vertex 151.982 23.2322 100
      vertex 151.671 23.6111 95.01
      vertex 151.671 23.6111 100
    endloop
  endfacet
  facet normal 0.772966 0.634448 0
    outer loop
      vertex 151.671 23.6111 95.01
      vertex 151.982 23.2322 100
      vertex 151.982 23.2322 95.01
    endloop
  endfacet
  facet normal 0.634226 0.773148 -0
    outer loop
      vertex 152.361 22.9213 95.01
      vertex 151.982 23.2322 100
      vertex 152.361 22.9213 100
    endloop
  endfacet
  facet normal 0.634226 0.773148 0
    outer loop
      vertex 151.982 23.2322 100
      vertex 152.361 22.9213 95.01
      vertex 151.982 23.2322 95.01
    endloop
  endfacet
  facet normal 0.471542 0.881844 -0
    outer loop
      vertex 152.793 22.6903 95.01
      vertex 152.361 22.9213 100
      vertex 152.793 22.6903 100
    endloop
  endfacet
  facet normal 0.471542 0.881844 0
    outer loop
      vertex 152.361 22.9213 100
      vertex 152.793 22.6903 95.01
      vertex 152.361 22.9213 95.01
    endloop
  endfacet
  facet normal 0.290341 0.956923 -0
    outer loop
      vertex 153.262 22.548 95.01
      vertex 152.793 22.6903 100
      vertex 153.262 22.548 100
    endloop
  endfacet
  facet normal 0.290341 0.956923 0
    outer loop
      vertex 152.793 22.6903 100
      vertex 153.262 22.548 95.01
      vertex 152.793 22.6903 95.01
    endloop
  endfacet
  facet normal 0.0978883 0.995197 -0
    outer loop
      vertex 153.75 22.5 95.01
      vertex 153.262 22.548 100
      vertex 153.75 22.5 100
    endloop
  endfacet
  facet normal 0.0978883 0.995197 0
    outer loop
      vertex 153.262 22.548 100
      vertex 153.75 22.5 95.01
      vertex 153.262 22.548 95.01
    endloop
  endfacet
  facet normal -0.0978883 0.995197 0
    outer loop
      vertex 154.238 22.548 95.01
      vertex 153.75 22.5 100
      vertex 154.238 22.548 100
    endloop
  endfacet
  facet normal -0.0978883 0.995197 0
    outer loop
      vertex 153.75 22.5 100
      vertex 154.238 22.548 95.01
      vertex 153.75 22.5 95.01
    endloop
  endfacet
  facet normal -0.290341 0.956923 0
    outer loop
      vertex 154.707 22.6903 95.01
      vertex 154.238 22.548 100
      vertex 154.707 22.6903 100
    endloop
  endfacet
  facet normal -0.290341 0.956923 0
    outer loop
      vertex 154.238 22.548 100
      vertex 154.707 22.6903 95.01
      vertex 154.238 22.548 95.01
    endloop
  endfacet
  facet normal -0.471542 0.881844 0
    outer loop
      vertex 155.139 22.9213 95.01
      vertex 154.707 22.6903 100
      vertex 155.139 22.9213 100
    endloop
  endfacet
  facet normal -0.471542 0.881844 0
    outer loop
      vertex 154.707 22.6903 100
      vertex 155.139 22.9213 95.01
      vertex 154.707 22.6903 95.01
    endloop
  endfacet
  facet normal -0.634226 0.773148 0
    outer loop
      vertex 155.518 23.2322 95.01
      vertex 155.139 22.9213 100
      vertex 155.518 23.2322 100
    endloop
  endfacet
  facet normal -0.634226 0.773148 0
    outer loop
      vertex 155.139 22.9213 100
      vertex 155.518 23.2322 95.01
      vertex 155.139 22.9213 95.01
    endloop
  endfacet
  facet normal -0.772966 0.634448 0
    outer loop
      vertex 155.518 23.2322 95.01
      vertex 155.829 23.6111 100
      vertex 155.829 23.6111 95.01
    endloop
  endfacet
  facet normal -0.772966 0.634448 0
    outer loop
      vertex 155.829 23.6111 100
      vertex 155.518 23.2322 95.01
      vertex 155.518 23.2322 100
    endloop
  endfacet
  facet normal -0.881935 0.471372 0
    outer loop
      vertex 155.829 23.6111 95.01
      vertex 156.06 24.0433 100
      vertex 156.06 24.0433 95.01
    endloop
  endfacet
  facet normal -0.881935 0.471372 0
    outer loop
      vertex 156.06 24.0433 100
      vertex 155.829 23.6111 95.01
      vertex 155.829 23.6111 100
    endloop
  endfacet
  facet normal -0.957093 0.289781 0
    outer loop
      vertex 156.06 24.0433 95.01
      vertex 156.202 24.5123 100
      vertex 156.202 24.5123 95.01
    endloop
  endfacet
  facet normal -0.957093 0.289781 0
    outer loop
      vertex 156.202 24.5123 100
      vertex 156.06 24.0433 95.01
      vertex 156.06 24.0433 100
    endloop
  endfacet
  facet normal -0.995192 0.0979479 0
    outer loop
      vertex 156.202 24.5123 95.01
      vertex 156.25 25 100
      vertex 156.25 25 95.01
    endloop
  endfacet
  facet normal -0.995192 0.0979479 0
    outer loop
      vertex 156.25 25 100
      vertex 156.202 24.5123 95.01
      vertex 156.202 24.5123 100
    endloop
  endfacet
  facet normal -0.995192 -0.0979479 0
    outer loop
      vertex 156.25 25 95.01
      vertex 156.202 25.4877 100
      vertex 156.202 25.4877 95.01
    endloop
  endfacet
  facet normal -0.995192 -0.0979479 0
    outer loop
      vertex 156.202 25.4877 100
      vertex 156.25 25 95.01
      vertex 156.25 25 100
    endloop
  endfacet
  facet normal -0.957093 -0.289781 0
    outer loop
      vertex 156.202 25.4877 95.01
      vertex 156.06 25.9567 100
      vertex 156.06 25.9567 95.01
    endloop
  endfacet
  facet normal -0.957093 -0.289781 0
    outer loop
      vertex 156.06 25.9567 100
      vertex 156.202 25.4877 95.01
      vertex 156.202 25.4877 100
    endloop
  endfacet
  facet normal -0.881935 -0.471372 0
    outer loop
      vertex 156.06 25.9567 95.01
      vertex 155.829 26.3889 100
      vertex 155.829 26.3889 95.01
    endloop
  endfacet
  facet normal -0.881935 -0.471372 0
    outer loop
      vertex 155.829 26.3889 100
      vertex 156.06 25.9567 95.01
      vertex 156.06 25.9567 100
    endloop
  endfacet
  facet normal -0.772966 -0.634448 0
    outer loop
      vertex 155.829 26.3889 95.01
      vertex 155.518 26.7678 100
      vertex 155.518 26.7678 95.01
    endloop
  endfacet
  facet normal -0.772966 -0.634448 0
    outer loop
      vertex 155.518 26.7678 100
      vertex 155.829 26.3889 95.01
      vertex 155.829 26.3889 100
    endloop
  endfacet
  facet normal -0.634226 -0.773148 0
    outer loop
      vertex 155.139 27.0787 95.01
      vertex 155.518 26.7678 100
      vertex 155.139 27.0787 100
    endloop
  endfacet
  facet normal -0.634226 -0.773148 -0
    outer loop
      vertex 155.518 26.7678 100
      vertex 155.139 27.0787 95.01
      vertex 155.518 26.7678 95.01
    endloop
  endfacet
  facet normal -0.470918 -0.882177 0
    outer loop
      vertex 155 27.1529 95.01
      vertex 155.139 27.0787 100
      vertex 155 27.1529 100
    endloop
  endfacet
  facet normal -0.470918 -0.882177 -0
    outer loop
      vertex 155.139 27.0787 100
      vertex 155 27.1529 95.01
      vertex 155.139 27.0787 95.01
    endloop
  endfacet
  facet normal -1 0 0
    outer loop
      vertex 155 27.1529 95.01
      vertex 155 113.727 100
      vertex 155 113.727 95.01
    endloop
  endfacet
  facet normal -1 -0 0
    outer loop
      vertex 155 113.727 100
      vertex 155 27.1529 95.01
      vertex 155 27.1529 100
    endloop
  endfacet
  facet normal 0 1 -0
    outer loop
      vertex 177 113.727 95.01
      vertex 155 113.727 100
      vertex 177 113.727 100
    endloop
  endfacet
  facet normal 0 1 0
    outer loop
      vertex 155 113.727 100
      vertex 177 113.727 95.01
      vertex 155 113.727 95.01
    endloop
  endfacet
  facet normal 1 -0 0
    outer loop
      vertex 177 27.1529 100
      vertex 177 113.727 95.01
      vertex 177 113.727 100
    endloop
  endfacet
  facet normal 1 0 0
    outer loop
      vertex 177 113.727 95.01
      vertex 177 27.1529 100
      vertex 177 27.1529 95.01
    endloop
  endfacet
  facet normal 0.470918 -0.882177 0
    outer loop
      vertex 176.861 27.0787 95.01
      vertex 177 27.1529 100
      vertex 176.861 27.0787 100
    endloop
  endfacet
  facet normal 0.470918 -0.882177 0
    outer loop
      vertex 177 27.1529 100
      vertex 176.861 27.0787 95.01
      vertex 177 27.1529 95.01
    endloop
  endfacet
  facet normal 0.634226 -0.773148 0
    outer loop
      vertex 176.482 26.7678 95.01
      vertex 176.861 27.0787 100
      vertex 176.482 26.7678 100
    endloop
  endfacet
  facet normal 0.634226 -0.773148 0
    outer loop
      vertex 176.861 27.0787 100
      vertex 176.482 26.7678 95.01
      vertex 176.861 27.0787 95.01
    endloop
  endfacet
  facet normal 0.772966 -0.634448 0
    outer loop
      vertex 176.171 26.3889 100
      vertex 176.482 26.7678 95.01
      vertex 176.482 26.7678 100
    endloop
  endfacet
  facet normal 0.772966 -0.634448 0
    outer loop
      vertex 176.482 26.7678 95.01
      vertex 176.171 26.3889 100
      vertex 176.171 26.3889 95.01
    endloop
  endfacet
  facet normal 0.881935 -0.471372 0
    outer loop
      vertex 175.94 25.9567 100
      vertex 176.171 26.3889 95.01
      vertex 176.171 26.3889 100
    endloop
  endfacet
  facet normal 0.881935 -0.471372 0
    outer loop
      vertex 176.171 26.3889 95.01
      vertex 175.94 25.9567 100
      vertex 175.94 25.9567 95.01
    endloop
  endfacet
  facet normal 0.957093 -0.289781 0
    outer loop
      vertex 175.798 25.4877 100
      vertex 175.94 25.9567 95.01
      vertex 175.94 25.9567 100
    endloop
  endfacet
  facet normal 0.957093 -0.289781 0
    outer loop
      vertex 175.94 25.9567 95.01
      vertex 175.798 25.4877 100
      vertex 175.798 25.4877 95.01
    endloop
  endfacet
  facet normal 0.995192 -0.0979479 0
    outer loop
      vertex 175.75 25 100
      vertex 175.798 25.4877 95.01
      vertex 175.798 25.4877 100
    endloop
  endfacet
  facet normal 0.995192 -0.0979479 0
    outer loop
      vertex 175.798 25.4877 95.01
      vertex 175.75 25 100
      vertex 175.75 25 95.01
    endloop
  endfacet
  facet normal 0.995192 0.0979479 0
    outer loop
      vertex 175.798 24.5123 100
      vertex 175.75 25 95.01
      vertex 175.75 25 100
    endloop
  endfacet
  facet normal 0.995192 0.0979479 0
    outer loop
      vertex 175.75 25 95.01
      vertex 175.798 24.5123 100
      vertex 175.798 24.5123 95.01
    endloop
  endfacet
  facet normal 0.957093 0.289781 0
    outer loop
      vertex 175.94 24.0433 100
      vertex 175.798 24.5123 95.01
      vertex 175.798 24.5123 100
    endloop
  endfacet
  facet normal 0.957093 0.289781 0
    outer loop
      vertex 175.798 24.5123 95.01
      vertex 175.94 24.0433 100
      vertex 175.94 24.0433 95.01
    endloop
  endfacet
  facet normal 0.881935 0.471372 0
    outer loop
      vertex 176.171 23.6111 100
      vertex 175.94 24.0433 95.01
      vertex 175.94 24.0433 100
    endloop
  endfacet
  facet normal 0.881935 0.471372 0
    outer loop
      vertex 175.94 24.0433 95.01
      vertex 176.171 23.6111 100
      vertex 176.171 23.6111 95.01
    endloop
  endfacet
  facet normal 0.772966 0.634448 0
    outer loop
      vertex 176.482 23.2322 100
      vertex 176.171 23.6111 95.01
      vertex 176.171 23.6111 100
    endloop
  endfacet
  facet normal 0.772966 0.634448 0
    outer loop
      vertex 176.171 23.6111 95.01
      vertex 176.482 23.2322 100
      vertex 176.482 23.2322 95.01
    endloop
  endfacet
  facet normal 0.634226 0.773148 -0
    outer loop
      vertex 176.861 22.9213 95.01
      vertex 176.482 23.2322 100
      vertex 176.861 22.9213 100
    endloop
  endfacet
  facet normal 0.634226 0.773148 0
    outer loop
      vertex 176.482 23.2322 100
      vertex 176.861 22.9213 95.01
      vertex 176.482 23.2322 95.01
    endloop
  endfacet
  facet normal 0.471542 0.881844 -0
    outer loop
      vertex 177.293 22.6903 95.01
      vertex 176.861 22.9213 100
      vertex 177.293 22.6903 100
    endloop
  endfacet
  facet normal 0.471542 0.881844 0
    outer loop
      vertex 176.861 22.9213 100
      vertex 177.293 22.6903 95.01
      vertex 176.861 22.9213 95.01
    endloop
  endfacet
  facet normal 0.290341 0.956923 -0
    outer loop
      vertex 177.762 22.548 95.01
      vertex 177.293 22.6903 100
      vertex 177.762 22.548 100
    endloop
  endfacet
  facet normal 0.290341 0.956923 0
    outer loop
      vertex 177.293 22.6903 100
      vertex 177.762 22.548 95.01
      vertex 177.293 22.6903 95.01
    endloop
  endfacet
  facet normal 0.0978883 0.995197 -0
    outer loop
      vertex 178.25 22.5 95.01
      vertex 177.762 22.548 100
      vertex 178.25 22.5 100
    endloop
  endfacet
  facet normal 0.0978883 0.995197 0
    outer loop
      vertex 177.762 22.548 100
      vertex 178.25 22.5 95.01
      vertex 177.762 22.548 95.01
    endloop
  endfacet
  facet normal -0.0978883 0.995197 0
    outer loop
      vertex 178.738 22.548 95.01
      vertex 178.25 22.5 100
      vertex 178.738 22.548 100
    endloop
  endfacet
  facet normal -0.0978883 0.995197 0
    outer loop
      vertex 178.25 22.5 100
      vertex 178.738 22.548 95.01
      vertex 178.25 22.5 95.01
    endloop
  endfacet
  facet normal -0.290341 0.956923 0
    outer loop
      vertex 243.207 22.6903 95.01
      vertex 242.738 22.548 100
      vertex 243.207 22.6903 100
    endloop
  endfacet
  facet normal -0.290341 0.956923 0
    outer loop
      vertex 242.738 22.548 100
      vertex 243.207 22.6903 95.01
      vertex 242.738 22.548 95.01
    endloop
  endfacet
  facet normal -0.471542 0.881844 0
    outer loop
      vertex 243.639 22.9213 95.01
      vertex 243.207 22.6903 100
      vertex 243.639 22.9213 100
    endloop
  endfacet
  facet normal -0.471542 0.881844 0
    outer loop
      vertex 243.207 22.6903 100
      vertex 243.639 22.9213 95.01
      vertex 243.207 22.6903 95.01
    endloop
  endfacet
  facet normal -0.634226 0.773148 0
    outer loop
      vertex 244.018 23.2322 95.01
      vertex 243.639 22.9213 100
      vertex 244.018 23.2322 100
    endloop
  endfacet
  facet normal -0.634226 0.773148 0
    outer loop
      vertex 243.639 22.9213 100
      vertex 244.018 23.2322 95.01
      vertex 243.639 22.9213 95.01
    endloop
  endfacet
  facet normal -0.772966 0.634448 0
    outer loop
      vertex 244.018 23.2322 95.01
      vertex 244.329 23.6111 100
      vertex 244.329 23.6111 95.01
    endloop
  endfacet
  facet normal -0.772966 0.634448 0
    outer loop
      vertex 244.329 23.6111 100
      vertex 244.018 23.2322 95.01
      vertex 244.018 23.2322 100
    endloop
  endfacet
  facet normal -0.881935 0.471372 0
    outer loop
      vertex 244.329 23.6111 95.01
      vertex 244.56 24.0433 100
      vertex 244.56 24.0433 95.01
    endloop
  endfacet
  facet normal -0.881935 0.471372 0
    outer loop
      vertex 244.56 24.0433 100
      vertex 244.329 23.6111 95.01
      vertex 244.329 23.6111 100
    endloop
  endfacet
  facet normal -0.957093 0.289781 0
    outer loop
      vertex 244.56 24.0433 95.01
      vertex 244.702 24.5123 100
      vertex 244.702 24.5123 95.01
    endloop
  endfacet
  facet normal -0.957093 0.289781 0
    outer loop
      vertex 244.702 24.5123 100
      vertex 244.56 24.0433 95.01
      vertex 244.56 24.0433 100
    endloop
  endfacet
  facet normal -0.995192 0.0979479 0
    outer loop
      vertex 244.702 24.5123 95.01
      vertex 244.75 25 100
      vertex 244.75 25 95.01
    endloop
  endfacet
  facet normal -0.995192 0.0979479 0
    outer loop
      vertex 244.75 25 100
      vertex 244.702 24.5123 95.01
      vertex 244.702 24.5123 100
    endloop
  endfacet
  facet normal -0.995192 -0.0979479 0
    outer loop
      vertex 244.75 25 95.01
      vertex 244.702 25.4877 100
      vertex 244.702 25.4877 95.01
    endloop
  endfacet
  facet normal -0.995192 -0.0979479 0
    outer loop
      vertex 244.702 25.4877 100
      vertex 244.75 25 95.01
      vertex 244.75 25 100
    endloop
  endfacet
  facet normal -0.957093 -0.289781 0
    outer loop
      vertex 244.702 25.4877 95.01
      vertex 244.56 25.9567 100
      vertex 244.56 25.9567 95.01
    endloop
  endfacet
  facet normal -0.957093 -0.289781 0
    outer loop
      vertex 244.56 25.9567 100
      vertex 244.702 25.4877 95.01
      vertex 244.702 25.4877 100
    endloop
  endfacet
  facet normal -0.881935 -0.471372 0
    outer loop
      vertex 244.56 25.9567 95.01
      vertex 244.329 26.3889 100
      vertex 244.329 26.3889 95.01
    endloop
  endfacet
  facet normal -0.881935 -0.471372 0
    outer loop
      vertex 244.329 26.3889 100
      vertex 244.56 25.9567 95.01
      vertex 244.56 25.9567 100
    endloop
  endfacet
  facet normal -0.772966 -0.634448 0
    outer loop
      vertex 244.329 26.3889 95.01
      vertex 244.018 26.7678 100
      vertex 244.018 26.7678 95.01
    endloop
  endfacet
  facet normal -0.772966 -0.634448 0
    outer loop
      vertex 244.018 26.7678 100
      vertex 244.329 26.3889 95.01
      vertex 244.329 26.3889 100
    endloop
  endfacet
  facet normal -0.634226 -0.773148 0
    outer loop
      vertex 243.639 27.0787 95.01
      vertex 244.018 26.7678 100
      vertex 243.639 27.0787 100
    endloop
  endfacet
  facet normal -0.634226 -0.773148 -0
    outer loop
      vertex 244.018 26.7678 100
      vertex 243.639 27.0787 95.01
      vertex 244.018 26.7678 95.01
    endloop
  endfacet
  facet normal -0.470918 -0.882177 0
    outer loop
      vertex 243.5 27.1529 95.01
      vertex 243.639 27.0787 100
      vertex 243.5 27.1529 100
    endloop
  endfacet
  facet normal -0.470918 -0.882177 -0
    outer loop
      vertex 243.639 27.0787 100
      vertex 243.5 27.1529 95.01
      vertex 243.639 27.0787 95.01
    endloop
  endfacet
  facet normal -1 0 0
    outer loop
      vertex 243.5 27.1529 95.01
      vertex 243.5 104.297 100
      vertex 243.5 104.297 95.01
    endloop
  endfacet
  facet normal -1 -0 0
    outer loop
      vertex 243.5 104.297 100
      vertex 243.5 27.1529 95.01
      vertex 243.5 27.1529 100
    endloop
  endfacet
  facet normal 0 -1 0
    outer loop
      vertex 216.5 104.297 95.01
      vertex 243.5 104.297 100
      vertex 216.5 104.297 100
    endloop
  endfacet
  facet normal 0 -1 -0
    outer loop
      vertex 243.5 104.297 100
      vertex 216.5 104.297 95.01
      vertex 243.5 104.297 95.01
    endloop
  endfacet
  facet normal 1 -0 0
    outer loop
      vertex 216.5 27.1529 100
      vertex 216.5 104.297 95.01
      vertex 216.5 104.297 100
    endloop
  endfacet
  facet normal 1 0 0
    outer loop
      vertex 216.5 104.297 95.01
      vertex 216.5 27.1529 100
      vertex 216.5 27.1529 95.01
    endloop
  endfacet
  facet normal 0.470918 -0.882177 0
    outer loop
      vertex 216.361 27.0787 95.01
      vertex 216.5 27.1529 100
      vertex 216.361 27.0787 100
    endloop
  endfacet
  facet normal 0.470918 -0.882177 0
    outer loop
      vertex 216.5 27.1529 100
      vertex 216.361 27.0787 95.01
      vertex 216.5 27.1529 95.01
    endloop
  endfacet
  facet normal 0.634226 -0.773148 0
    outer loop
      vertex 215.982 26.7678 95.01
      vertex 216.361 27.0787 100
      vertex 215.982 26.7678 100
    endloop
  endfacet
  facet normal 0.634226 -0.773148 0
    outer loop
      vertex 216.361 27.0787 100
      vertex 215.982 26.7678 95.01
      vertex 216.361 27.0787 95.01
    endloop
  endfacet
  facet normal 0.772966 -0.634448 0
    outer loop
      vertex 215.671 26.3889 100
      vertex 215.982 26.7678 95.01
      vertex 215.982 26.7678 100
    endloop
  endfacet
  facet normal 0.772966 -0.634448 0
    outer loop
      vertex 215.982 26.7678 95.01
      vertex 215.671 26.3889 100
      vertex 215.671 26.3889 95.01
    endloop
  endfacet
  facet normal 0.881935 -0.471372 0
    outer loop
      vertex 215.44 25.9567 100
      vertex 215.671 26.3889 95.01
      vertex 215.671 26.3889 100
    endloop
  endfacet
  facet normal 0.881935 -0.471372 0
    outer loop
      vertex 215.671 26.3889 95.01
      vertex 215.44 25.9567 100
      vertex 215.44 25.9567 95.01
    endloop
  endfacet
  facet normal 0.957093 -0.289781 0
    outer loop
      vertex 215.298 25.4877 100
      vertex 215.44 25.9567 95.01
      vertex 215.44 25.9567 100
    endloop
  endfacet
  facet normal 0.957093 -0.289781 0
    outer loop
      vertex 215.44 25.9567 95.01
      vertex 215.298 25.4877 100
      vertex 215.298 25.4877 95.01
    endloop
  endfacet
  facet normal 0.995192 -0.0979479 0
    outer loop
      vertex 215.25 25 100
      vertex 215.298 25.4877 95.01
      vertex 215.298 25.4877 100
    endloop
  endfacet
  facet normal 0.995192 -0.0979479 0
    outer loop
      vertex 215.298 25.4877 95.01
      vertex 215.25 25 100
      vertex 215.25 25 95.01
    endloop
  endfacet
  facet normal 0.995192 0.0979479 0
    outer loop
      vertex 215.298 24.5123 100
      vertex 215.25 25 95.01
      vertex 215.25 25 100
    endloop
  endfacet
  facet normal 0.995192 0.0979479 0
    outer loop
      vertex 215.25 25 95.01
      vertex 215.298 24.5123 100
      vertex 215.298 24.5123 95.01
    endloop
  endfacet
  facet normal 0.957093 0.289781 0
    outer loop
      vertex 215.44 24.0433 100
      vertex 215.298 24.5123 95.01
      vertex 215.298 24.5123 100
    endloop
  endfacet
  facet normal 0.957093 0.289781 0
    outer loop
      vertex 215.298 24.5123 95.01
      vertex 215.44 24.0433 100
      vertex 215.44 24.0433 95.01
    endloop
  endfacet
  facet normal 0.881935 0.471372 0
    outer loop
      vertex 215.671 23.6111 100
      vertex 215.44 24.0433 95.01
      vertex 215.44 24.0433 100
    endloop
  endfacet
  facet normal 0.881935 0.471372 0
    outer loop
      vertex 215.44 24.0433 95.01
      vertex 215.671 23.6111 100
      vertex 215.671 23.6111 95.01
    endloop
  endfacet
  facet normal 0.772966 0.634448 0
    outer loop
      vertex 215.982 23.2322 100
      vertex 215.671 23.6111 95.01
      vertex 215.671 23.6111 100
    endloop
  endfacet
  facet normal 0.772966 0.634448 0
    outer loop
      vertex 215.671 23.6111 95.01
      vertex 215.982 23.2322 100
      vertex 215.982 23.2322 95.01
    endloop
  endfacet
  facet normal 0.634226 0.773148 -0
    outer loop
      vertex 216.361 22.9213 95.01
      vertex 215.982 23.2322 100
      vertex 216.361 22.9213 100
    endloop
  endfacet
  facet normal 0.634226 0.773148 0
    outer loop
      vertex 215.982 23.2322 100
      vertex 216.361 22.9213 95.01
      vertex 215.982 23.2322 95.01
    endloop
  endfacet
  facet normal 0.471542 0.881844 -0
    outer loop
      vertex 216.793 22.6903 95.01
      vertex 216.361 22.9213 100
      vertex 216.793 22.6903 100
    endloop
  endfacet
  facet normal 0.471542 0.881844 0
    outer loop
      vertex 216.361 22.9213 100
      vertex 216.793 22.6903 95.01
      vertex 216.361 22.9213 95.01
    endloop
  endfacet
  facet normal 0.290341 0.956923 -0
    outer loop
      vertex 217.262 22.548 95.01
      vertex 216.793 22.6903 100
      vertex 217.262 22.548 100
    endloop
  endfacet
  facet normal 0.290341 0.956923 0
    outer loop
      vertex 216.793 22.6903 100
      vertex 217.262 22.548 95.01
      vertex 216.793 22.6903 95.01
    endloop
  endfacet
  facet normal 0.0978883 0.995197 -0
    outer loop
      vertex 217.75 22.5 95.01
      vertex 217.262 22.548 100
      vertex 217.75 22.5 100
    endloop
  endfacet
  facet normal 0.0978883 0.995197 0
    outer loop
      vertex 217.262 22.548 100
      vertex 217.75 22.5 95.01
      vertex 217.262 22.548 95.01
    endloop
  endfacet
  facet normal -0.0978883 0.995197 0
    outer loop
      vertex 218.238 22.548 95.01
      vertex 217.75 22.5 100
      vertex 218.238 22.548 100
    endloop
  endfacet
  facet normal -0.0978883 0.995197 0
    outer loop
      vertex 217.75 22.5 100
      vertex 218.238 22.548 95.01
      vertex 217.75 22.5 95.01
    endloop
  endfacet
  facet normal -0.290341 0.956923 0
    outer loop
      vertex 218.707 22.6903 95.01
      vertex 218.238 22.548 100
      vertex 218.707 22.6903 100
    endloop
  endfacet
  facet normal -0.290341 0.956923 0
    outer loop
      vertex 218.238 22.548 100
      vertex 218.707 22.6903 95.01
      vertex 218.238 22.548 95.01
    endloop
  endfacet
  facet normal -0.471542 0.881844 0
    outer loop
      vertex 219.139 22.9213 95.01
      vertex 218.707 22.6903 100
      vertex 219.139 22.9213 100
    endloop
  endfacet
  facet normal -0.471542 0.881844 0
    outer loop
      vertex 218.707 22.6903 100
      vertex 219.139 22.9213 95.01
      vertex 218.707 22.6903 95.01
    endloop
  endfacet
  facet normal -0.634226 0.773148 0
    outer loop
      vertex 219.518 23.2322 95.01
      vertex 219.139 22.9213 100
      vertex 219.518 23.2322 100
    endloop
  endfacet
  facet normal -0.634226 0.773148 0
    outer loop
      vertex 219.139 22.9213 100
      vertex 219.518 23.2322 95.01
      vertex 219.139 22.9213 95.01
    endloop
  endfacet
  facet normal -0.772966 0.634448 0
    outer loop
      vertex 219.518 23.2322 95.01
      vertex 219.829 23.6111 100
      vertex 219.829 23.6111 95.01
    endloop
  endfacet
  facet normal -0.772966 0.634448 0
    outer loop
      vertex 219.829 23.6111 100
      vertex 219.518 23.2322 95.01
      vertex 219.518 23.2322 100
    endloop
  endfacet
  facet normal -0.881935 0.471372 0
    outer loop
      vertex 219.829 23.6111 95.01
      vertex 220.06 24.0433 100
      vertex 220.06 24.0433 95.01
    endloop
  endfacet
  facet normal -0.881935 0.471372 0
    outer loop
      vertex 220.06 24.0433 100
      vertex 219.829 23.6111 95.01
      vertex 219.829 23.6111 100
    endloop
  endfacet
  facet normal -0.957093 0.289781 0
    outer loop
      vertex 220.06 24.0433 95.01
      vertex 220.202 24.5123 100
      vertex 220.202 24.5123 95.01
    endloop
  endfacet
  facet normal -0.957093 0.289781 0
    outer loop
      vertex 220.202 24.5123 100
      vertex 220.06 24.0433 95.01
      vertex 220.06 24.0433 100
    endloop
  endfacet
  facet normal -0.995192 0.0979479 0
    outer loop
      vertex 220.202 24.5123 95.01
      vertex 220.25 25 100
      vertex 220.25 25 95.01
    endloop
  endfacet
  facet normal -0.995192 0.0979479 0
    outer loop
      vertex 220.25 25 100
      vertex 220.202 24.5123 95.01
      vertex 220.202 24.5123 100
    endloop
  endfacet
  facet normal -0.995192 -0.0979479 0
    outer loop
      vertex 220.25 25 95.01
      vertex 220.202 25.4877 100
      vertex 220.202 25.4877 95.01
    endloop
  endfacet
  facet normal -0.995192 -0.0979479 0
    outer loop
      vertex 220.202 25.4877 100
      vertex 220.25 25 95.01
      vertex 220.25 25 100
    endloop
  endfacet
  facet normal -0.957093 -0.289781 0
    outer loop
      vertex 220.202 25.4877 95.01
      vertex 220.06 25.9567 100
      vertex 220.06 25.9567 95.01
    endloop
  endfacet
  facet normal -0.957093 -0.289781 0
    outer loop
      vertex 220.06 25.9567 100
      vertex 220.202 25.4877 95.01
      vertex 220.202 25.4877 100
    endloop
  endfacet
  facet normal -0.881935 -0.471372 0
    outer loop
      vertex 220.06 25.9567 95.01
      vertex 219.829 26.3889 100
      vertex 219.829 26.3889 95.01
    endloop
  endfacet
  facet normal -0.881935 -0.471372 0
    outer loop
      vertex 219.829 26.3889 100
      vertex 220.06 25.9567 95.01
      vertex 220.06 25.9567 100
    endloop
  endfacet
  facet normal -0.772966 -0.634448 0
    outer loop
      vertex 219.829 26.3889 95.01
      vertex 219.518 26.7678 100
      vertex 219.518 26.7678 95.01
    endloop
  endfacet
  facet normal -0.772966 -0.634448 0
    outer loop
      vertex 219.518 26.7678 100
      vertex 219.829 26.3889 95.01
      vertex 219.829 26.3889 100
    endloop
  endfacet
  facet normal -0.634226 -0.773148 0
    outer loop
      vertex 219.139 27.0787 95.01
      vertex 219.518 26.7678 100
      vertex 219.139 27.0787 100
    endloop
  endfacet
  facet normal -0.634226 -0.773148 -0
    outer loop
      vertex 219.518 26.7678 100
      vertex 219.139 27.0787 95.01
      vertex 219.518 26.7678 95.01
    endloop
  endfacet
  facet normal -0.470918 -0.882177 0
    outer loop
      vertex 219 27.1529 95.01
      vertex 219.139 27.0787 100
      vertex 219 27.1529 100
    endloop
  endfacet
  facet normal -0.470918 -0.882177 -0
    outer loop
      vertex 219.139 27.0787 100
      vertex 219 27.1529 95.01
      vertex 219.139 27.0787 95.01
    endloop
  endfacet
  facet normal -1 0 0
    outer loop
      vertex 219 27.1529 95.01
      vertex 219 101.797 100
      vertex 219 101.797 95.01
    endloop
  endfacet
  facet normal -1 -0 0
    outer loop
      vertex 219 101.797 100
      vertex 219 27.1529 95.01
      vertex 219 27.1529 100
    endloop
  endfacet
  facet normal 0 1 -0
    outer loop
      vertex 241 101.797 95.01
      vertex 219 101.797 100
      vertex 241 101.797 100
    endloop
  endfacet
  facet normal 0 1 0
    outer loop
      vertex 219 101.797 100
      vertex 241 101.797 95.01
      vertex 219 101.797 95.01
    endloop
  endfacet
  facet normal 1 -0 0
    outer loop
      vertex 241 27.1529 100
      vertex 241 101.797 95.01
      vertex 241 101.797 100
    endloop
  endfacet
  facet normal 1 0 0
    outer loop
      vertex 241 101.797 95.01
      vertex 241 27.1529 100
      vertex 241 27.1529 95.01
    endloop
  endfacet
  facet normal 0.470918 -0.882177 0
    outer loop
      vertex 240.861 27.0787 95.01
      vertex 241 27.1529 100
      vertex 240.861 27.0787 100
    endloop
  endfacet
  facet normal 0.470918 -0.882177 0
    outer loop
      vertex 241 27.1529 100
      vertex 240.861 27.0787 95.01
      vertex 241 27.1529 95.01
    endloop
  endfacet
  facet normal 0.634226 -0.773148 0
    outer loop
      vertex 240.482 26.7678 95.01
      vertex 240.861 27.0787 100
      vertex 240.482 26.7678 100
    endloop
  endfacet
  facet normal 0.634226 -0.773148 0
    outer loop
      vertex 240.861 27.0787 100
      vertex 240.482 26.7678 95.01
      vertex 240.861 27.0787 95.01
    endloop
  endfacet
  facet normal 0.772966 -0.634448 0
    outer loop
      vertex 240.171 26.3889 100
      vertex 240.482 26.7678 95.01
      vertex 240.482 26.7678 100
    endloop
  endfacet
  facet normal 0.772966 -0.634448 0
    outer loop
      vertex 240.482 26.7678 95.01
      vertex 240.171 26.3889 100
      vertex 240.171 26.3889 95.01
    endloop
  endfacet
  facet normal 0.881935 -0.471372 0
    outer loop
      vertex 239.94 25.9567 100
      vertex 240.171 26.3889 95.01
      vertex 240.171 26.3889 100
    endloop
  endfacet
  facet normal 0.881935 -0.471372 0
    outer loop
      vertex 240.171 26.3889 95.01
      vertex 239.94 25.9567 100
      vertex 239.94 25.9567 95.01
    endloop
  endfacet
  facet normal 0.957093 -0.289781 0
    outer loop
      vertex 239.798 25.4877 100
      vertex 239.94 25.9567 95.01
      vertex 239.94 25.9567 100
    endloop
  endfacet
  facet normal 0.957093 -0.289781 0
    outer loop
      vertex 239.94 25.9567 95.01
      vertex 239.798 25.4877 100
      vertex 239.798 25.4877 95.01
    endloop
  endfacet
  facet normal 0.995192 -0.0979479 0
    outer loop
      vertex 239.75 25 100
      vertex 239.798 25.4877 95.01
      vertex 239.798 25.4877 100
    endloop
  endfacet
  facet normal 0.995192 -0.0979479 0
    outer loop
      vertex 239.798 25.4877 95.01
      vertex 239.75 25 100
      vertex 239.75 25 95.01
    endloop
  endfacet
  facet normal 0.995192 0.0979479 0
    outer loop
      vertex 239.798 24.5123 100
      vertex 239.75 25 95.01
      vertex 239.75 25 100
    endloop
  endfacet
  facet normal 0.995192 0.0979479 0
    outer loop
      vertex 239.75 25 95.01
      vertex 239.798 24.5123 100
      vertex 239.798 24.5123 95.01
    endloop
  endfacet
  facet normal 0.957093 0.289781 0
    outer loop
      vertex 239.94 24.0433 100
      vertex 239.798 24.5123 95.01
      vertex 239.798 24.5123 100
    endloop
  endfacet
  facet normal 0.957093 0.289781 0
    outer loop
      vertex 239.798 24.5123 95.01
      vertex 239.94 24.0433 100
      vertex 239.94 24.0433 95.01
    endloop
  endfacet
  facet normal 0.881935 0.471372 0
    outer loop
      vertex 240.171 23.6111 100
      vertex 239.94 24.0433 95.01
      vertex 239.94 24.0433 100
    endloop
  endfacet
  facet normal 0.881935 0.471372 0
    outer loop
      vertex 239.94 24.0433 95.01
      vertex 240.171 23.6111 100
      vertex 240.171 23.6111 95.01
    endloop
  endfacet
  facet normal 0.772966 0.634448 0
    outer loop
      vertex 240.482 23.2322 100
      vertex 240.171 23.6111 95.01
      vertex 240.171 23.6111 100
    endloop
  endfacet
  facet normal 0.772966 0.634448 0
    outer loop
      vertex 240.171 23.6111 95.01
      vertex 240.482 23.2322 100
      vertex 240.482 23.2322 95.01
    endloop
  endfacet
  facet normal 0.634226 0.773148 -0
    outer loop
      vertex 240.861 22.9213 95.01
      vertex 240.482 23.2322 100
      vertex 240.861 22.9213 100
    endloop
  endfacet
  facet normal 0.634226 0.773148 0
    outer loop
      vertex 240.482 23.2322 100
      vertex 240.861 22.9213 95.01
      vertex 240.482 23.2322 95.01
    endloop
  endfacet
  facet normal 0.471542 0.881844 -0
    outer loop
      vertex 241.293 22.6903 95.01
      vertex 240.861 22.9213 100
      vertex 241.293 22.6903 100
    endloop
  endfacet
  facet normal 0.471542 0.881844 0
    outer loop
      vertex 240.861 22.9213 100
      vertex 241.293 22.6903 95.01
      vertex 240.861 22.9213 95.01
    endloop
  endfacet
  facet normal 0.290341 0.956923 -0
    outer loop
      vertex 241.762 22.548 95.01
      vertex 241.293 22.6903 100
      vertex 241.762 22.548 100
    endloop
  endfacet
  facet normal 0.290341 0.956923 0
    outer loop
      vertex 241.293 22.6903 100
      vertex 241.762 22.548 95.01
      vertex 241.293 22.6903 95.01
    endloop
  endfacet
  facet normal 0.0978883 0.995197 -0
    outer loop
      vertex 242.25 22.5 95.01
      vertex 241.762 22.548 100
      vertex 242.25 22.5 100
    endloop
  endfacet
  facet normal 0.0978883 0.995197 0
    outer loop
      vertex 241.762 22.548 100
      vertex 242.25 22.5 95.01
      vertex 241.762 22.548 95.01
    endloop
  endfacet
  facet normal -0.0978883 0.995197 0
    outer loop
      vertex 242.738 22.548 95.01
      vertex 242.25 22.5 100
      vertex 242.738 22.548 100
    endloop
  endfacet
  facet normal -0.0978883 0.995197 0
    outer loop
      vertex 242.25 22.5 100
      vertex 242.738 22.548 95.01
      vertex 242.25 22.5 95.01
    endloop
  endfacet
endsolid OpenSCAD_Model
