AssemblyConfigName,Component,ConfigName,FeatureName,FeatureType,DimFullName,Value_mm,Value_in,Tolerance_Type,IsDriven,IsLinked,IsGlobalVar,EquationOrComment
MASTER_TEMPLATE,TNG-000_MasterLayout-1,MASTER_TEMPLATE,SK_OUTER_BOX,ProfileFeature,drum_len_in_sketch@SK_OUTER_BOX@TNG-000_MasterLayout.Part,457.2000,18.0000,N/A,TRUE,FALSE,FALSE,
MASTER_TEMPLATE,TNG-000_MasterLayout-1,MASTER_TEMPLATE,SK_OUTER_BOX,ProfileFeature,drum_wid_in@SK_OUTER_BOX@TNG-000_MasterLayout.Part,254.0000,10.0000,N/A,TRUE,FALSE,FALSE,
MASTER_TEMPLATE,TNG-000_MasterLayout-1,MASTER_TEMPLATE,SK_CAVITY,ProfileFeature,end_cap_thk_in_sketch@SK_CAVITY@TNG-000_MasterLayout.Part,12.7000,0.5000,N/A,TRUE,FALSE,FALSE,
MASTER_TEMPLATE,TNG-000_MasterLayout-1,MASTER_TEMPLATE,SK_CAVITY,ProfileFeature,side_thk_in_sketch@SK_CAVITY@TNG-000_MasterLayout.Part,12.7000,0.5000,N/A,TRUE,FALSE,FALSE,
MASTER_TEMPLATE,TNG-000_MasterLayout-1,MASTER_TEMPLATE,SK_HEIGHT_STACK,ProfileFeature,top_thk_in_sketch@SK_HEIGHT_STACK@TNG-000_MasterLayout.Part,12.7000,0.5000,N/A,TRUE,FALSE,FALSE,
MASTER_TEMPLATE,TNG-000_MasterLayout-1,MASTER_TEMPLATE,SK_HEIGHT_STACK,ProfileFeature,bottom_thk_in_sketch@SK_HEIGHT_STACK@TNG-000_MasterLayout.Part,12.7000,0.5000,N/A,TRUE,FALSE,FALSE,
MASTER_TEMPLATE,TNG-000_MasterLayout-1,MASTER_TEMPLATE,SK_HEIGHT_STACK,ProfileFeature,cavity_hgt_in@SK_HEIGHT_STACK@TNG-000_MasterLayout.Part,127.0000,5.0000,N/A,TRUE,FALSE,FALSE,
MASTER_TEMPLATE,TNG-000_MasterLayout-1,MASTER_TEMPLATE,SK_PORT,ProfileFeature,port_dia_in@SK_PORT@TNG-000_MasterLayout.Part,38.1000,1.5000,N/A,TRUE,FALSE,FALSE,
MASTER_TEMPLATE,TNG-000_MasterLayout-1,MASTER_TEMPLATE,SK_FEET,ProfileFeature,foot_dia@SK_FEET@TNG-000_MasterLayout.Part,31.7500,1.2500,N/A,TRUE,FALSE,FALSE,
MASTER_TEMPLATE,TNG-000_MasterLayout-1,MASTER_TEMPLATE,SK_FEET,ProfileFeature,foot_setting@SK_FEET@TNG-000_MasterLayout.Part,45.7200,1.8000,N/A,TRUE,FALSE,FALSE,
MASTER_TEMPLATE,TNG-000_MasterLayout-1,MASTER_TEMPLATE,SK_FEET,ProfileFeature,screw_hole@SK_FEET@TNG-000_MasterLayout.Part,3.1750,0.1250,N/A,TRUE,FALSE,FALSE,
MASTER_TEMPLATE,TNG-000_MasterLayout-1,MASTER_TEMPLATE,SK_TONGUE_BANKS,ProfileFeature,D1@SK_TONGUE_BANKS@TNG-000_MasterLayout.Part,60.9600,2.4000,N/A,FALSE,FALSE,FALSE,
MASTER_TEMPLATE,TNG-000_MasterLayout-1,MASTER_TEMPLATE,SK_TONGUE_BANKS,ProfileFeature,D2@SK_TONGUE_BANKS@TNG-000_MasterLayout.Part,60.9600,2.4000,N/A,FALSE,FALSE,FALSE,
MASTER_TEMPLATE,TNG-000_MasterLayout-1,MASTER_TEMPLATE,T01_6TMagazineBaseline,ProfileFeature,D1@T01_6TMagazineBaseline@TNG-000_MasterLayout.Part,22.0980,0.8700,N/A,FALSE,FALSE,FALSE,
MASTER_TEMPLATE,TNG-000_MasterLayout-1,MASTER_TEMPLATE,T01_6TMagazineBaseline,ProfileFeature,D2@T01_6TMagazineBaseline@TNG-000_MasterLayout.Part,216.5190,8.5244,N/A,FALSE,FALSE,FALSE,
MASTER_TEMPLATE,TNG-000_MasterLayout-1,MASTER_TEMPLATE,T01_6TMagazineBaseline,ProfileFeature,D3@T01_6TMagazineBaseline@TNG-000_MasterLayout.Part,60.9600,2.4000,N/A,FALSE,FALSE,FALSE,
MASTER_TEMPLATE,TNG-000_MasterLayout-1,MASTER_TEMPLATE,T01_6TMagazineBaseline,ProfileFeature,D4@T01_6TMagazineBaseline@TNG-000_MasterLayout.Part,6.2611,0.2465,N/A,FALSE,FALSE,FALSE,
MASTER_TEMPLATE,TNG-000_MasterLayout-1,MASTER_TEMPLATE,T01_6TMagazineBaseline,ProfileFeature,D5@T01_6TMagazineBaseline@TNG-000_MasterLayout.Part,15.7141,0.6187,N/A,FALSE,FALSE,FALSE,
MASTER_TEMPLATE,TNG-000_MasterLayout-1,MASTER_TEMPLATE,T01_6TMagazineBaseline,ProfileFeature,D6@T01_6TMagazineBaseline@TNG-000_MasterLayout.Part,11.8257,0.4656,N/A,FALSE,FALSE,FALSE,
MASTER_TEMPLATE,TNG-000_MasterLayout-1,MASTER_TEMPLATE,T01_6TMagazineBaseline,ProfileFeature,D7@T01_6TMagazineBaseline@TNG-000_MasterLayout.Part,4.7873,0.1885,N/A,FALSE,FALSE,FALSE,
MASTER_TEMPLATE,TNG-000_MasterLayout-1,MASTER_TEMPLATE,T01_6TMagazineBaseline,ProfileFeature,D8@T01_6TMagazineBaseline@TNG-000_MasterLayout.Part,5.5875,0.2200,N/A,FALSE,FALSE,FALSE,
MASTER_TEMPLATE,TNG-000_MasterLayout-1,MASTER_TEMPLATE,T01_6TMagazineBaseline,ProfileFeature,D9@T01_6TMagazineBaseline@TNG-000_MasterLayout.Part,6.7466,0.2656,N/A,FALSE,FALSE,FALSE,
MASTER_TEMPLATE,TNG-000_MasterLayout-1,MASTER_TEMPLATE,T01_6TMagazineBaseline,ProfileFeature,D10@T01_6TMagazineBaseline@TNG-000_MasterLayout.Part,6.5945,0.2596,N/A,FALSE,FALSE,FALSE,
MASTER_TEMPLATE,TNG-000_MasterLayout-1,MASTER_TEMPLATE,T01_6TMagazineBaseline,ProfileFeature,D11@T01_6TMagazineBaseline@TNG-000_MasterLayout.Part,6.5077,0.2562,N/A,FALSE,FALSE,FALSE,
MASTER_TEMPLATE,TNG-000_MasterLayout-1,MASTER_TEMPLATE,T01_6TMagazineBaseline,ProfileFeature,D12@T01_6TMagazineBaseline@TNG-000_MasterLayout.Part,5.7544,0.2266,N/A,FALSE,FALSE,FALSE,
MASTER_TEMPLATE,TNG-000_MasterLayout-1,MASTER_TEMPLATE,T01_6TMagazineBaseline,ProfileFeature,D13@T01_6TMagazineBaseline@TNG-000_MasterLayout.Part,14.6706,0.5776,N/A,FALSE,FALSE,FALSE,
MASTER_TEMPLATE,TNG-000_MasterLayout-1,MASTER_TEMPLATE,T01_6TMagazineBaseline,ProfileFeature,D14@T01_6TMagazineBaseline@TNG-000_MasterLayout.Part,11.7242,0.4616,N/A,FALSE,FALSE,FALSE,
MASTER_TEMPLATE,TNG-000_MasterLayout-1,MASTER_TEMPLATE,T01_6TMagazineBaseline,ProfileFeature,D15@T01_6TMagazineBaseline@TNG-000_MasterLayout.Part,6.8136,0.2683,N/A,FALSE,FALSE,FALSE,
MASTER_TEMPLATE,TNG-000_MasterLayout-1,MASTER_TEMPLATE,T01_6TMagazineBaseline,ProfileFeature,D16@T01_6TMagazineBaseline@TNG-000_MasterLayout.Part,3.9899,0.1571,N/A,FALSE,FALSE,FALSE,
MASTER_TEMPLATE,TNG-000_MasterLayout-1,MASTER_TEMPLATE,T01_6TMagazineBaseline,ProfileFeature,D17@T01_6TMagazineBaseline@TNG-000_MasterLayout.Part,1.7187,0.0677,N/A,FALSE,FALSE,FALSE,
MASTER_TEMPLATE,TNG-000_MasterLayout-1,MASTER_TEMPLATE,T01_6TMagazineBaseline,ProfileFeature,D18@T01_6TMagazineBaseline@TNG-000_MasterLayout.Part,8.3002,0.3268,N/A,FALSE,FALSE,FALSE,
MASTER_TEMPLATE,TNG-000_MasterLayout-1,MASTER_TEMPLATE,T01_6TMagazineBaseline,ProfileFeature,D19@T01_6TMagazineBaseline@TNG-000_MasterLayout.Part,13.4312,0.5288,N/A,FALSE,FALSE,FALSE,
MASTER_TEMPLATE,TNG-000_MasterLayout-1,MASTER_TEMPLATE,T01_6TMagazineBaseline,ProfileFeature,D20@T01_6TMagazineBaseline@TNG-000_MasterLayout.Part,15.1542,0.5966,N/A,FALSE,FALSE,FALSE,
MASTER_TEMPLATE,TNG-000_MasterLayout-1,MASTER_TEMPLATE,T01_6TMagazineBaseline,ProfileFeature,D21@T01_6TMagazineBaseline@TNG-000_MasterLayout.Part,201.1677,7.9200,N/A,FALSE,FALSE,FALSE,
MASTER_TEMPLATE,TNG-000_MasterLayout-1,MASTER_TEMPLATE,T01_6TMagazineBaseline,ProfileFeature,D22@T01_6TMagazineBaseline@TNG-000_MasterLayout.Part,16.1507,0.6359,N/A,FALSE,FALSE,FALSE,
MASTER_TEMPLATE,TNG-000_MasterLayout-1,MASTER_TEMPLATE,T01_6TMagazineBaseline,ProfileFeature,D23@T01_6TMagazineBaseline@TNG-000_MasterLayout.Part,94.6563,3.7266,N/A,FALSE,FALSE,FALSE,
MASTER_TEMPLATE,TNG-000_MasterLayout-1,MASTER_TEMPLATE,T01_6TMagazineBaseline,ProfileFeature,D24@T01_6TMagazineBaseline@TNG-000_MasterLayout.Part,18.6970,0.7361,N/A,FALSE,FALSE,FALSE,
MASTER_TEMPLATE,TNG-000_MasterLayout-1,MASTER_TEMPLATE,T01_6TMagazineBaseline,ProfileFeature,D25@T01_6TMagazineBaseline@TNG-000_MasterLayout.Part,15.3513,0.6044,N/A,FALSE,FALSE,FALSE,
MASTER_TEMPLATE,TNG-000_MasterLayout-1,MASTER_TEMPLATE,T01_6TMagazineBaseline,ProfileFeature,D26@T01_6TMagazineBaseline@TNG-000_MasterLayout.Part,9.1212,0.3591,N/A,FALSE,FALSE,FALSE,
MASTER_TEMPLATE,TNG-000_MasterLayout-1,MASTER_TEMPLATE,T02_6TMagazineBaseline,ProfileFeature,D1@T02_6TMagazineBaseline@TNG-000_MasterLayout.Part,60.9600,2.4000,N/A,FALSE,FALSE,FALSE,
MASTER_TEMPLATE,TNG-000_MasterLayout-1,MASTER_TEMPLATE,T02_6TMagazineBaseline,ProfileFeature,D3@T02_6TMagazineBaseline@TNG-000_MasterLayout.Part,25.4000,1.0000,N/A,FALSE,FALSE,FALSE,
MASTER_TEMPLATE,TNG-000_MasterLayout-1,MASTER_TEMPLATE,T02_6TMagazineBaseline,ProfileFeature,D4@T02_6TMagazineBaseline@TNG-000_MasterLayout.Part,171.4500,6.7500,N/A,FALSE,FALSE,FALSE,
MASTER_TEMPLATE,TNG-000_MasterLayout-1,MASTER_TEMPLATE,T02_6TMagazineBaseline,ProfileFeature,D2@T02_6TMagazineBaseline@TNG-000_MasterLayout.Part,1.7780,0.0700,N/A,FALSE,FALSE,FALSE,
MASTER_TEMPLATE,TNG-000_MasterLayout-1,MASTER_TEMPLATE,T03_6TMagazineBaseline,ProfileFeature,D1@T03_6TMagazineBaseline@TNG-000_MasterLayout.Part,22.0980,0.8700,N/A,FALSE,FALSE,FALSE,
MASTER_TEMPLATE,TNG-000_MasterLayout-1,MASTER_TEMPLATE,T03_6TMagazineBaseline,ProfileFeature,D2@T03_6TMagazineBaseline@TNG-000_MasterLayout.Part,216.6791,8.5307,N/A,FALSE,FALSE,FALSE,
MASTER_TEMPLATE,TNG-000_MasterLayout-1,MASTER_TEMPLATE,T03_6TMagazineBaseline,ProfileFeature,D3@T03_6TMagazineBaseline@TNG-000_MasterLayout.Part,1.8543,0.0730,N/A,FALSE,FALSE,FALSE,
MASTER_TEMPLATE,TNG-000_MasterLayout-1,MASTER_TEMPLATE,T03_6TMagazineBaseline,ProfileFeature,D4@T03_6TMagazineBaseline@TNG-000_MasterLayout.Part,9.7584,0.3842,N/A,FALSE,FALSE,FALSE,
MASTER_TEMPLATE,TNG-000_MasterLayout-1,MASTER_TEMPLATE,T03_6TMagazineBaseline,ProfileFeature,D5@T03_6TMagazineBaseline@TNG-000_MasterLayout.Part,23.2011,0.9134,N/A,FALSE,FALSE,FALSE,
MASTER_TEMPLATE,TNG-000_MasterLayout-1,MASTER_TEMPLATE,T03_6TMagazineBaseline,ProfileFeature,D6@T03_6TMagazineBaseline@TNG-000_MasterLayout.Part,32.2938,1.2714,N/A,FALSE,FALSE,FALSE,
MASTER_TEMPLATE,TNG-000_MasterLayout-1,MASTER_TEMPLATE,T03_6TMagazineBaseline,ProfileFeature,D7@T03_6TMagazineBaseline@TNG-000_MasterLayout.Part,38.9813,1.5347,N/A,FALSE,FALSE,FALSE,
MASTER_TEMPLATE,TNG-000_MasterLayout-1,MASTER_TEMPLATE,T03_6TMagazineBaseline,ProfileFeature,D8@T03_6TMagazineBaseline@TNG-000_MasterLayout.Part,43.5023,1.7127,N/A,FALSE,FALSE,FALSE,
MASTER_TEMPLATE,TNG-000_MasterLayout-1,MASTER_TEMPLATE,T03_6TMagazineBaseline,ProfileFeature,D9@T03_6TMagazineBaseline@TNG-000_MasterLayout.Part,3.7332,0.1470,N/A,FALSE,FALSE,FALSE,
MASTER_TEMPLATE,TNG-000_MasterLayout-1,MASTER_TEMPLATE,T03_6TMagazineBaseline,ProfileFeature,D10@T03_6TMagazineBaseline@TNG-000_MasterLayout.Part,4.3043,0.1695,N/A,FALSE,FALSE,FALSE,
MASTER_TEMPLATE,TNG-000_MasterLayout-1,MASTER_TEMPLATE,T03_6TMagazineBaseline,ProfileFeature,D11@T03_6TMagazineBaseline@TNG-000_MasterLayout.Part,39.0245,1.5364,N/A,FALSE,FALSE,FALSE,
MASTER_TEMPLATE,TNG-000_MasterLayout-1,MASTER_TEMPLATE,T03_6TMagazineBaseline,ProfileFeature,D12@T03_6TMagazineBaseline@TNG-000_MasterLayout.Part,31.1173,1.2251,N/A,FALSE,FALSE,FALSE,
MASTER_TEMPLATE,TNG-000_MasterLayout-1,MASTER_TEMPLATE,T03_6TMagazineBaseline,ProfileFeature,D13@T03_6TMagazineBaseline@TNG-000_MasterLayout.Part,14.3641,0.5655,N/A,FALSE,FALSE,FALSE,
MASTER_TEMPLATE,TNG-000_MasterLayout-1,MASTER_TEMPLATE,T03_6TMagazineBaseline,ProfileFeature,D14@T03_6TMagazineBaseline@TNG-000_MasterLayout.Part,36.3742,1.4321,N/A,FALSE,FALSE,FALSE,
MASTER_TEMPLATE,TNG-000_MasterLayout-1,MASTER_TEMPLATE,T03_6TMagazineBaseline,ProfileFeature,D15@T03_6TMagazineBaseline@TNG-000_MasterLayout.Part,29.9611,1.1796,N/A,FALSE,FALSE,FALSE,
MASTER_TEMPLATE,TNG-000_MasterLayout-1,MASTER_TEMPLATE,T03_6TMagazineBaseline,ProfileFeature,D16@T03_6TMagazineBaseline@TNG-000_MasterLayout.Part,24.1546,0.9510,N/A,FALSE,FALSE,FALSE,
MASTER_TEMPLATE,TNG-000_MasterLayout-1,MASTER_TEMPLATE,T03_6TMagazineBaseline,ProfileFeature,D17@T03_6TMagazineBaseline@TNG-000_MasterLayout.Part,60.9600,2.4000,N/A,FALSE,FALSE,FALSE,
MASTER_TEMPLATE,TNG-000_MasterLayout-1,MASTER_TEMPLATE,T03_6TMagazineBaseline,ProfileFeature,D18@T03_6TMagazineBaseline@TNG-000_MasterLayout.Part,1.7780,0.0700,N/A,FALSE,FALSE,FALSE,
MASTER_TEMPLATE,TNG-000_MasterLayout-1,MASTER_TEMPLATE,T04_6TMagazineBaseline,ProfileFeature,D1@T04_6TMagazineBaseline@TNG-000_MasterLayout.Part,22.0980,0.8700,N/A,FALSE,FALSE,FALSE,
MASTER_TEMPLATE,TNG-000_MasterLayout-1,MASTER_TEMPLATE,T04_6TMagazineBaseline,ProfileFeature,D2@T04_6TMagazineBaseline@TNG-000_MasterLayout.Part,162.9456,6.4152,N/A,FALSE,FALSE,FALSE,
MASTER_TEMPLATE,TNG-000_MasterLayout-1,MASTER_TEMPLATE,T04_6TMagazineBaseline,ProfileFeature,D3@T04_6TMagazineBaseline@TNG-000_MasterLayout.Part,6.4609,0.2544,N/A,FALSE,FALSE,FALSE,
MASTER_TEMPLATE,TNG-000_MasterLayout-1,MASTER_TEMPLATE,T04_6TMagazineBaseline,ProfileFeature,D4@T04_6TMagazineBaseline@TNG-000_MasterLayout.Part,11.6248,0.4577,N/A,FALSE,FALSE,FALSE,
MASTER_TEMPLATE,TNG-000_MasterLayout-1,MASTER_TEMPLATE,T04_6TMagazineBaseline,ProfileFeature,D5@T04_6TMagazineBaseline@TNG-000_MasterLayout.Part,16.8488,0.6633,N/A,FALSE,FALSE,FALSE,
MASTER_TEMPLATE,TNG-000_MasterLayout-1,MASTER_TEMPLATE,T04_6TMagazineBaseline,ProfileFeature,D6@T04_6TMagazineBaseline@TNG-000_MasterLayout.Part,23.0896,0.9090,N/A,FALSE,FALSE,FALSE,
MASTER_TEMPLATE,TNG-000_MasterLayout-1,MASTER_TEMPLATE,T04_6TMagazineBaseline,ProfileFeature,D7@T04_6TMagazineBaseline@TNG-000_MasterLayout.Part,27.2967,1.0747,N/A,FALSE,FALSE,FALSE,
MASTER_TEMPLATE,TNG-000_MasterLayout-1,MASTER_TEMPLATE,T04_6TMagazineBaseline,ProfileFeature,D8@T04_6TMagazineBaseline@TNG-000_MasterLayout.Part,29.1169,1.1463,N/A,FALSE,FALSE,FALSE,
MASTER_TEMPLATE,TNG-000_MasterLayout-1,MASTER_TEMPLATE,T04_6TMagazineBaseline,ProfileFeature,D9@T04_6TMagazineBaseline@TNG-000_MasterLayout.Part,29.4608,1.1599,N/A,FALSE,FALSE,FALSE,
MASTER_TEMPLATE,TNG-000_MasterLayout-1,MASTER_TEMPLATE,T04_6TMagazineBaseline,ProfileFeature,D10@T04_6TMagazineBaseline@TNG-000_MasterLayout.Part,29.8991,1.1771,N/A,FALSE,FALSE,FALSE,
MASTER_TEMPLATE,TNG-000_MasterLayout-1,MASTER_TEMPLATE,T04_6TMagazineBaseline,ProfileFeature,D11@T04_6TMagazineBaseline@TNG-000_MasterLayout.Part,29.9987,1.1811,N/A,FALSE,FALSE,FALSE,
MASTER_TEMPLATE,TNG-000_MasterLayout-1,MASTER_TEMPLATE,T04_6TMagazineBaseline,ProfileFeature,D12@T04_6TMagazineBaseline@TNG-000_MasterLayout.Part,29.8798,1.1764,N/A,FALSE,FALSE,FALSE,
MASTER_TEMPLATE,TNG-000_MasterLayout-1,MASTER_TEMPLATE,T04_6TMagazineBaseline,ProfileFeature,D13@T04_6TMagazineBaseline@TNG-000_MasterLayout.Part,29.6160,1.1660,N/A,FALSE,FALSE,FALSE,
MASTER_TEMPLATE,TNG-000_MasterLayout-1,MASTER_TEMPLATE,T04_6TMagazineBaseline,ProfileFeature,D14@T04_6TMagazineBaseline@TNG-000_MasterLayout.Part,28.6892,1.1295,N/A,FALSE,FALSE,FALSE,
MASTER_TEMPLATE,TNG-000_MasterLayout-1,MASTER_TEMPLATE,T04_6TMagazineBaseline,ProfileFeature,D16@T04_6TMagazineBaseline@TNG-000_MasterLayout.Part,25.5516,1.0060,N/A,FALSE,FALSE,FALSE,
MASTER_TEMPLATE,TNG-000_MasterLayout-1,MASTER_TEMPLATE,T04_6TMagazineBaseline,ProfileFeature,D17@T04_6TMagazineBaseline@TNG-000_MasterLayout.Part,22.2256,0.8750,N/A,FALSE,FALSE,FALSE,
MASTER_TEMPLATE,TNG-000_MasterLayout-1,MASTER_TEMPLATE,T04_6TMagazineBaseline,ProfileFeature,D15@T04_6TMagazineBaseline@TNG-000_MasterLayout.Part,35.0089,1.3783,N/A,FALSE,FALSE,FALSE,
MASTER_TEMPLATE,TNG-000_MasterLayout-1,MASTER_TEMPLATE,T04_6TMagazineBaseline,ProfileFeature,D18@T04_6TMagazineBaseline@TNG-000_MasterLayout.Part,34.1892,1.3460,N/A,FALSE,FALSE,FALSE,
MASTER_TEMPLATE,TNG-000_MasterLayout-1,MASTER_TEMPLATE,T04_6TMagazineBaseline,ProfileFeature,D19@T04_6TMagazineBaseline@TNG-000_MasterLayout.Part,32.1428,1.2655,N/A,FALSE,FALSE,FALSE,
MASTER_TEMPLATE,TNG-000_MasterLayout-1,MASTER_TEMPLATE,T04_6TMagazineBaseline,ProfileFeature,D20@T04_6TMagazineBaseline@TNG-000_MasterLayout.Part,25.0566,0.9865,N/A,FALSE,FALSE,FALSE,
MASTER_TEMPLATE,TNG-000_MasterLayout-1,MASTER_TEMPLATE,T04_6TMagazineBaseline,ProfileFeature,D21@T04_6TMagazineBaseline@TNG-000_MasterLayout.Part,16.0922,0.6336,N/A,FALSE,FALSE,FALSE,
MASTER_TEMPLATE,TNG-000_MasterLayout-1,MASTER_TEMPLATE,T04_6TMagazineBaseline,ProfileFeature,D22@T04_6TMagazineBaseline@TNG-000_MasterLayout.Part,34.8806,1.3733,N/A,FALSE,FALSE,FALSE,
MASTER_TEMPLATE,TNG-000_MasterLayout-1,MASTER_TEMPLATE,T04_6TMagazineBaseline,ProfileFeature,D23@T04_6TMagazineBaseline@TNG-000_MasterLayout.Part,38.3927,1.5115,N/A,FALSE,FALSE,FALSE,
MASTER_TEMPLATE,TNG-000_MasterLayout-1,MASTER_TEMPLATE,T04_6TMagazineBaseline,ProfileFeature,D24@T04_6TMagazineBaseline@TNG-000_MasterLayout.Part,13.7170,0.5400,N/A,FALSE,FALSE,FALSE,
MASTER_TEMPLATE,TNG-000_MasterLayout-1,MASTER_TEMPLATE,T04_6TMagazineBaseline,ProfileFeature,D25@T04_6TMagazineBaseline@TNG-000_MasterLayout.Part,40.9528,1.6123,N/A,FALSE,FALSE,FALSE,
MASTER_TEMPLATE,TNG-000_MasterLayout-1,MASTER_TEMPLATE,T04_6TMagazineBaseline,ProfileFeature,D28@T04_6TMagazineBaseline@TNG-000_MasterLayout.Part,6.9078,0.2720,N/A,FALSE,FALSE,FALSE,
MASTER_TEMPLATE,TNG-000_MasterLayout-1,MASTER_TEMPLATE,T04_6TMagazineBaseline,ProfileFeature,D29@T04_6TMagazineBaseline@TNG-000_MasterLayout.Part,23.0948,0.9092,N/A,FALSE,FALSE,FALSE,
MASTER_TEMPLATE,TNG-000_MasterLayout-1,MASTER_TEMPLATE,T04_6TMagazineBaseline,ProfileFeature,D30@T04_6TMagazineBaseline@TNG-000_MasterLayout.Part,29.6621,1.1678,N/A,FALSE,FALSE,FALSE,
MASTER_TEMPLATE,TNG-000_MasterLayout-1,MASTER_TEMPLATE,T04_6TMagazineBaseline,ProfileFeature,D31@T04_6TMagazineBaseline@TNG-000_MasterLayout.Part,36.7066,1.4451,N/A,FALSE,FALSE,FALSE,
MASTER_TEMPLATE,TNG-000_MasterLayout-1,MASTER_TEMPLATE,T04_6TMagazineBaseline,ProfileFeature,D32@T04_6TMagazineBaseline@TNG-000_MasterLayout.Part,3.4422,0.1355,N/A,FALSE,FALSE,FALSE,
MASTER_TEMPLATE,TNG-000_MasterLayout-1,MASTER_TEMPLATE,T04_6TMagazineBaseline,ProfileFeature,D27@T04_6TMagazineBaseline@TNG-000_MasterLayout.Part,1.7780,0.0700,N/A,FALSE,FALSE,FALSE,
MASTER_TEMPLATE,TNG-000_MasterLayout-1,MASTER_TEMPLATE,T04_6TMagazineBaseline,ProfileFeature,D26@T04_6TMagazineBaseline@TNG-000_MasterLayout.Part,60.9600,2.4000,N/A,FALSE,FALSE,FALSE,
MASTER_TEMPLATE,TNG-000_MasterLayout-1,MASTER_TEMPLATE,T04_6TMagazineBaseline,ProfileFeature,D33@T04_6TMagazineBaseline@TNG-000_MasterLayout.Part,72.8381,2.8676,N/A,FALSE,FALSE,FALSE,
MASTER_TEMPLATE,TNG-000_MasterLayout-1,MASTER_TEMPLATE,T04_6TMagazineBaseline,ProfileFeature,D34@T04_6TMagazineBaseline@TNG-000_MasterLayout.Part,26.8973,1.0589,N/A,FALSE,FALSE,FALSE,
MASTER_TEMPLATE,TNG-000_MasterLayout-1,MASTER_TEMPLATE,T05_6TMagazineBaseline,ProfileFeature,D1@T05_6TMagazineBaseline@TNG-000_MasterLayout.Part,22.0980,0.8700,N/A,FALSE,FALSE,FALSE,
MASTER_TEMPLATE,TNG-000_MasterLayout-1,MASTER_TEMPLATE,T05_6TMagazineBaseline,ProfileFeature,D2@T05_6TMagazineBaseline@TNG-000_MasterLayout.Part,60.9600,2.4000,N/A,FALSE,FALSE,FALSE,
MASTER_TEMPLATE,TNG-000_MasterLayout-1,MASTER_TEMPLATE,T05_6TMagazineBaseline,ProfileFeature,D3@T05_6TMagazineBaseline@TNG-000_MasterLayout.Part,160.0200,6.3000,N/A,FALSE,FALSE,FALSE,
MASTER_TEMPLATE,TNG-000_MasterLayout-1,MASTER_TEMPLATE,T05_6TMagazineBaseline,ProfileFeature,D4@T05_6TMagazineBaseline@TNG-000_MasterLayout.Part,1.7780,0.0700,N/A,FALSE,FALSE,FALSE,
MASTER_TEMPLATE,TNG-000_MasterLayout-1,MASTER_TEMPLATE,T06_6TMagazineBaseline,ProfileFeature,D1@T06_6TMagazineBaseline@TNG-000_MasterLayout.Part,22.0980,0.8700,N/A,FALSE,FALSE,FALSE,
MASTER_TEMPLATE,TNG-000_MasterLayout-1,MASTER_TEMPLATE,T06_6TMagazineBaseline,ProfileFeature,D2@T06_6TMagazineBaseline@TNG-000_MasterLayout.Part,60.9600,2.4000,N/A,FALSE,FALSE,FALSE,
MASTER_TEMPLATE,TNG-000_MasterLayout-1,MASTER_TEMPLATE,T06_6TMagazineBaseline,ProfileFeature,D3@T06_6TMagazineBaseline@TNG-000_MasterLayout.Part,1.7780,0.0700,N/A,FALSE,FALSE,FALSE,
MASTER_TEMPLATE,TNG-000_MasterLayout-1,MASTER_TEMPLATE,T06_6TMagazineBaseline,ProfileFeature,D4@T06_6TMagazineBaseline@TNG-000_MasterLayout.Part,24.7311,0.9737,N/A,FALSE,FALSE,FALSE,
MASTER_TEMPLATE,TNG-000_MasterLayout-1,MASTER_TEMPLATE,T06_6TMagazineBaseline,ProfileFeature,D5@T06_6TMagazineBaseline@TNG-000_MasterLayout.Part,30.7148,1.2092,N/A,FALSE,FALSE,FALSE,
MASTER_TEMPLATE,TNG-000_MasterLayout-1,MASTER_TEMPLATE,T06_6TMagazineBaseline,ProfileFeature,D6@T06_6TMagazineBaseline@TNG-000_MasterLayout.Part,100.3423,3.9505,N/A,FALSE,FALSE,FALSE,
MASTER_TEMPLATE,TNG-000_MasterLayout-1,MASTER_TEMPLATE,T06_6TMagazineBaseline,ProfileFeature,D7@T06_6TMagazineBaseline@TNG-000_MasterLayout.Part,38.3203,1.5087,N/A,FALSE,FALSE,FALSE,
MASTER_TEMPLATE,TNG-000_MasterLayout-1,MASTER_TEMPLATE,T06_6TMagazineBaseline,ProfileFeature,D8@T06_6TMagazineBaseline@TNG-000_MasterLayout.Part,11.0645,0.4356,N/A,FALSE,FALSE,FALSE,
MASTER_TEMPLATE,TNG-000_MasterLayout-1,MASTER_TEMPLATE,T06_6TMagazineBaseline,ProfileFeature,D9@T06_6TMagazineBaseline@TNG-000_MasterLayout.Part,21.2762,0.8376,N/A,FALSE,FALSE,FALSE,
MASTER_TEMPLATE,TNG-000_MasterLayout-1,MASTER_TEMPLATE,T06_6TMagazineBaseline,ProfileFeature,D10@T06_6TMagazineBaseline@TNG-000_MasterLayout.Part,33.6322,1.3241,N/A,FALSE,FALSE,FALSE,
MASTER_TEMPLATE,TNG-000_MasterLayout-1,MASTER_TEMPLATE,T06_6TMagazineBaseline,ProfileFeature,D11@T06_6TMagazineBaseline@TNG-000_MasterLayout.Part,44.4226,1.7489,N/A,FALSE,FALSE,FALSE,
MASTER_TEMPLATE,TNG-000_MasterLayout-1,MASTER_TEMPLATE,T06_6TMagazineBaseline,ProfileFeature,D13@T06_6TMagazineBaseline@TNG-000_MasterLayout.Part,218.4400,8.6000,N/A,FALSE,FALSE,FALSE,
MASTER_TEMPLATE,TNG-000_MasterLayout-1,MASTER_TEMPLATE,T06_6TMagazineBaseline,ProfileFeature,D14@T06_6TMagazineBaseline@TNG-000_MasterLayout.Part,39.0589,1.5378,N/A,FALSE,FALSE,FALSE,
MASTER_TEMPLATE,TNG-000_MasterLayout-1,MASTER_TEMPLATE,T06_6TMagazineBaseline,ProfileFeature,D15@T06_6TMagazineBaseline@TNG-000_MasterLayout.Part,37.9341,1.4935,N/A,FALSE,FALSE,FALSE,
MASTER_TEMPLATE,TNG-000_MasterLayout-1,MASTER_TEMPLATE,T06_6TMagazineBaseline,ProfileFeature,D12@T06_6TMagazineBaseline@TNG-000_MasterLayout.Part,100.3423,3.9505,N/A,FALSE,FALSE,FALSE,
MASTER_TEMPLATE,TNG-000_MasterLayout-1,MASTER_TEMPLATE,T06_6TMagazineBaseline,ProfileFeature,D16@T06_6TMagazineBaseline@TNG-000_MasterLayout.Part,50.9472,2.0058,N/A,FALSE,FALSE,FALSE,
MASTER_TEMPLATE,TNG-000_MasterLayout-1,MASTER_TEMPLATE,[Equation 0],Equation,,,,,,,TRUE,"""drum_len_in"" = 18in"
MASTER_TEMPLATE,TNG-000_MasterLayout-1,MASTER_TEMPLATE,[Equation 1],Equation,,,,,,,TRUE,"""drum_wid_in"" = 10in"
MASTER_TEMPLATE,TNG-000_MasterLayout-1,MASTER_TEMPLATE,[Equation 2],Equation,,,,,,,TRUE,"""drum_hgt_in""= 6in"
MASTER_TEMPLATE,TNG-000_MasterLayout-1,MASTER_TEMPLATE,[Equation 3],Equation,,,,,,,TRUE,"""top_thk_in"" = 0.5in"
MASTER_TEMPLATE,TNG-000_MasterLayout-1,MASTER_TEMPLATE,[Equation 4],Equation,,,,,,,TRUE,"""bottom_thk_in""= 0.5in"
MASTER_TEMPLATE,TNG-000_MasterLayout-1,MASTER_TEMPLATE,[Equation 5],Equation,,,,,,,TRUE,"""side_thk_in""= 0.5in"
MASTER_TEMPLATE,TNG-000_MasterLayout-1,MASTER_TEMPLATE,[Equation 6],Equation,,,,,,,TRUE,"""end_cap_thk_in""= 0.5in"
MASTER_TEMPLATE,TNG-000_MasterLayout-1,MASTER_TEMPLATE,[Equation 7],Equation,,,,,,,TRUE,"""slit_kerf_in"" = 0.075in"
MASTER_TEMPLATE,TNG-000_MasterLayout-1,MASTER_TEMPLATE,[Equation 8],Equation,,,,,,,TRUE,"""slit_end_rad_in""= 0.25in"
MASTER_TEMPLATE,TNG-000_MasterLayout-1,MASTER_TEMPLATE,[Equation 9],Equation,,,,,,,TRUE,"""tongue_gap_in""= 0.06in"
MASTER_TEMPLATE,TNG-000_MasterLayout-1,MASTER_TEMPLATE,[Equation 10],Equation,,,,,,,TRUE,"""port_dia_in""= 1.5in"
MASTER_TEMPLATE,TNG-000_MasterLayout-1,MASTER_TEMPLATE,[Equation 11],Equation,,,,,,,TRUE,"""foot_dia_in""= 1.25in"
MASTER_TEMPLATE,TNG-000_MasterLayout-1,MASTER_TEMPLATE,[Equation 12],Equation,,,,,,,TRUE,"""foot_hgt_in""= 0.75in"
MASTER_TEMPLATE,TNG-000_MasterLayout-1,MASTER_TEMPLATE,[Equation 13],Equation,,,,,,,TRUE,"""rough_len_factor""= 2 ^ ( - ""sharp_bias_cents"" / 2400 )"
MASTER_TEMPLATE,TNG-000_MasterLayout-1,MASTER_TEMPLATE,[Equation 14],Equation,,,,,,,TRUE,"""sharp_bias_cents""= 12"
MASTER_TEMPLATE,TNG-000_MasterLayout-1,MASTER_TEMPLATE,[Equation 15],Equation,,,,,,,TRUE,"""tongue_width_in""= 1.0in"
MASTER_TEMPLATE,TNG-000_MasterLayout-1,MASTER_TEMPLATE,[Equation 16],Equation,,,,,,,TRUE,"""cavity_len_in""= ""drum_len_in"" - 2 * ""end_cap_thk_in"""
MASTER_TEMPLATE,TNG-000_MasterLayout-1,MASTER_TEMPLATE,[Equation 17],Equation,,,,,,,TRUE,"""cavity_wid_in""= ""drum_wid_in"" - 2 * ""side_thk_in"""
MASTER_TEMPLATE,TNG-000_MasterLayout-1,MASTER_TEMPLATE,[Equation 18],Equation,,,,,,,TRUE,"""cavity_hgt_in""= ""drum_hgt_in"" - ""top_thk_in"" - ""bottom_thk_in"""
MASTER_TEMPLATE,TNG-000_MasterLayout-1,MASTER_TEMPLATE,[Equation 19],Equation,,,,,,,TRUE,"""cavity_vol_in3""= ""cavity_len_in"" * ""cavity_wid_in"" * ""cavity_hgt_in"""
MASTER_TEMPLATE,TNG-000_MasterLayout-1,MASTER_TEMPLATE,[Equation 20],Equation,,,,,,,TRUE,"""panel_top_len""= ""drum_len_in"""
MASTER_TEMPLATE,TNG-000_MasterLayout-1,MASTER_TEMPLATE,[Equation 21],Equation,,,,,,,TRUE,"""panel_top_wid""= ""drum_wid_in"""
MASTER_TEMPLATE,TNG-000_MasterLayout-1,MASTER_TEMPLATE,[Equation 22],Equation,,,,,,,TRUE,"""side_panel_len""= ""drum_len_in"""
MASTER_TEMPLATE,TNG-000_MasterLayout-1,MASTER_TEMPLATE,[Equation 23],Equation,,,,,,,TRUE,"""side_panel_hgt""= ""drum_hgt_in"" - ""top_thk_in"" - ""bottom_thk_in"""
MASTER_TEMPLATE,TNG-000_MasterLayout-1,MASTER_TEMPLATE,[Equation 24],Equation,,,,,,,TRUE,"""bank_l_count"" = 8"
MASTER_TEMPLATE,TNG-000_MasterLayout-1,MASTER_TEMPLATE,[Equation 25],Equation,,,,,,,TRUE,"""bank_r_count"" = 8"
MASTER_TEMPLATE,TNG-000_MasterLayout-1,MASTER_TEMPLATE,[Equation 26],Equation,,,,,,,TRUE,"""bank_spacing_y""= 1.1"
MASTER_TEMPLATE,TNG-000_MasterLayout-1,MASTER_TEMPLATE,[Equation 27],Equation,,,,,,,TRUE,"""mirror_banks""= 1"
MASTER_TEMPLATE,TNG-000_MasterLayout-1,MASTER_TEMPLATE,[Equation 28],Equation,,,,,,,TRUE,"""t01_freq_hz""= 440 * 2 ^ ( ( ""t01_midi_note"" - 69 ) / 12 )"
MASTER_TEMPLATE,TNG-000_MasterLayout-1,MASTER_TEMPLATE,[Equation 29],Equation,,,,,,,TRUE,"""t01_len_in""= 8.5243695in"
MASTER_TEMPLATE,TNG-000_MasterLayout-1,MASTER_TEMPLATE,[Equation 30],Equation,,,,,,,TRUE,"""t01_bank""= 1"
MASTER_TEMPLATE,TNG-000_MasterLayout-1,MASTER_TEMPLATE,[Equation 31],Equation,,,,,,,TRUE,"""t01_scale_degree""= 1"
MASTER_TEMPLATE,TNG-000_MasterLayout-1,MASTER_TEMPLATE,[Equation 32],Equation,,,,,,,TRUE,"""tuning_allowance_in""= 1in"
MASTER_TEMPLATE,TNG-000_MasterLayout-1,MASTER_TEMPLATE,[Equation 33],Equation,,,,,,,TRUE,"""screw_size""= 0.125in"
MASTER_TEMPLATE,TNG-000_MasterLayout-1,MASTER_TEMPLATE,[Equation 34],Equation,,,,,,,TRUE,"""screw_clearance_in""= 0.003in"
MASTER_TEMPLATE,TNG-000_MasterLayout-1,MASTER_TEMPLATE,[Equation 35],Equation,,,,,,,TRUE,"""bank_r_origin_x""= ""drum_len_in"" - 2 * ""end_cap_thk_in"""
MASTER_TEMPLATE,TNG-000_MasterLayout-1,MASTER_TEMPLATE,[Equation 36],Equation,,,,,,,TRUE,"""bank_l_origin_x""= ""end_cap_thk_in"""
MASTER_TEMPLATE,TNG-000_MasterLayout-1,MASTER_TEMPLATE,[Equation 37],Equation,,,,,,,TRUE,"""freq_hz""= 440"
MASTER_TEMPLATE,TNG-000_MasterLayout-1,MASTER_TEMPLATE,[Equation 38],Equation,,,,,,,TRUE,"""t01_midi_note""= 60"
MASTER_TEMPLATE,TNG-000_MasterLayout-1,MASTER_TEMPLATE,[Equation 39],Equation,,,,,,,TRUE,"""k_imperial""= 27000"
MASTER_TEMPLATE,TNG-000_MasterLayout-1,MASTER_TEMPLATE,[Equation 40],Equation,,,,,,,TRUE,"""t01_est_len_in""= sqr ( ""k_imperial"" * ""top_thk_in"" / ""t01_freq_hz"" )"
MASTER_TEMPLATE,TNG-000_MasterLayout-1,MASTER_TEMPLATE,[Equation 41],Equation,,,,,,,TRUE,"""t02_freq_hz""= 440 * 2 ^ ( ( ""t02_midi_note"" - 69 ) / 12 )"
MASTER_TEMPLATE,TNG-000_MasterLayout-1,MASTER_TEMPLATE,[Equation 42],Equation,,,,,,,TRUE,"""t03_freq_hz""= 440 * 2 ^ ( ( ""t03_midi_note"" - 69 ) / 12 )"
MASTER_TEMPLATE,TNG-000_MasterLayout-1,MASTER_TEMPLATE,[Equation 43],Equation,,,,,,,TRUE,"""t04_freq_hz""= 440 * 2 ^ ( ( ""t04_midi_note"" - 69 ) / 12 )"
MASTER_TEMPLATE,TNG-000_MasterLayout-1,MASTER_TEMPLATE,[Equation 44],Equation,,,,,,,TRUE,"""t05_freq_hz""= 440 * 2 ^ ( ( ""t05_midi_note"" - 69 ) / 12 )"
MASTER_TEMPLATE,TNG-000_MasterLayout-1,MASTER_TEMPLATE,[Equation 45],Equation,,,,,,,TRUE,"""t06_freq_hz""= 440 * 2 ^ ( ( ""t06_midi_note"" - 69 ) / 12 )"
MASTER_TEMPLATE,TNG-000_MasterLayout-1,MASTER_TEMPLATE,[Equation 46],Equation,,,,,,,TRUE,"""t07_freq_hz""= 440 * 2 ^ ( ( ""t07_midi_note"" - 69 ) / 12 )"
MASTER_TEMPLATE,TNG-000_MasterLayout-1,MASTER_TEMPLATE,[Equation 47],Equation,,,,,,,TRUE,"""t08_freq_hz""= 440 * 2 ^ ( ( ""t08_midi_note"" - 69 ) / 12 )"
MASTER_TEMPLATE,TNG-000_MasterLayout-1,MASTER_TEMPLATE,[Equation 48],Equation,,,,,,,TRUE,"""t09_freq_hz""= 440 * 2 ^ ( ( ""t09_midi_note"" - 69 ) / 12 )"
MASTER_TEMPLATE,TNG-000_MasterLayout-1,MASTER_TEMPLATE,[Equation 49],Equation,,,,,,,TRUE,"""t10_freq_hz""= 440 * 2 ^ ( ( ""t10_midi_note"" - 69 ) / 12 )"
MASTER_TEMPLATE,TNG-000_MasterLayout-1,MASTER_TEMPLATE,[Equation 50],Equation,,,,,,,TRUE,"""t11_freq_hz""= 440 * 2 ^ ( ( ""t11_midi_note"" - 69 ) / 12 )"
MASTER_TEMPLATE,TNG-000_MasterLayout-1,MASTER_TEMPLATE,[Equation 51],Equation,,,,,,,TRUE,"""t12_freq_hz""= 440 * 2 ^ ( ( ""t12_midi_note"" - 69 ) / 12 )"
MASTER_TEMPLATE,TNG-000_MasterLayout-1,MASTER_TEMPLATE,[Equation 52],Equation,,,,,,,TRUE,"""t13_freq_hz""= 440 * 2 ^ ( ( ""t13_midi_note"" - 69 ) / 12 )"
MASTER_TEMPLATE,TNG-000_MasterLayout-1,MASTER_TEMPLATE,[Equation 53],Equation,,,,,,,TRUE,"""t14_freq_hz""= 440 * 2 ^ ( ( ""t14_midi_note"" - 69 ) / 12 )"
MASTER_TEMPLATE,TNG-000_MasterLayout-1,MASTER_TEMPLATE,[Equation 54],Equation,,,,,,,TRUE,"""t15_freq_hz""= 440 * 2 ^ ( ( ""t15_midi_note"" - 69 ) / 12 )"
MASTER_TEMPLATE,TNG-000_MasterLayout-1,MASTER_TEMPLATE,[Equation 55],Equation,,,,,,,TRUE,"""t02_len_in"" = 8.6in"
MASTER_TEMPLATE,TNG-000_MasterLayout-1,MASTER_TEMPLATE,[Equation 56],Equation,,,,,,,TRUE,"""t03_len_in""=6in"
MASTER_TEMPLATE,TNG-000_MasterLayout-1,MASTER_TEMPLATE,[Equation 57],Equation,,,,,,,TRUE,"""t04_len_in""=5.9in"
MASTER_TEMPLATE,TNG-000_MasterLayout-1,MASTER_TEMPLATE,[Equation 58],Equation,,,,,,,TRUE,"""t05_len_in""= 6.3in"
MASTER_TEMPLATE,TNG-000_MasterLayout-1,MASTER_TEMPLATE,[Equation 59],Equation,,,,,,,TRUE,"""t06_len_in"" = 8in"
MASTER_TEMPLATE,TNG-000_MasterLayout-1,MASTER_TEMPLATE,[Equation 60],Equation,,,,,,,TRUE,"""t07_len_in"" = 10in"
MASTER_TEMPLATE,TNG-000_MasterLayout-1,MASTER_TEMPLATE,[Equation 61],Equation,,,,,,,TRUE,"""t08_len_in"" = 10in"
MASTER_TEMPLATE,TNG-000_MasterLayout-1,MASTER_TEMPLATE,[Equation 62],Equation,,,,,,,TRUE,"""t09_len_in"" = 10in"
MASTER_TEMPLATE,TNG-000_MasterLayout-1,MASTER_TEMPLATE,[Equation 63],Equation,,,,,,,TRUE,"""t10_len_in"" = 10in"
MASTER_TEMPLATE,TNG-000_MasterLayout-1,MASTER_TEMPLATE,[Equation 64],Equation,,,,,,,TRUE,"""t11_len_in"" = 10in"
MASTER_TEMPLATE,TNG-000_MasterLayout-1,MASTER_TEMPLATE,[Equation 65],Equation,,,,,,,TRUE,"""t12_len_in"" = 10in"
MASTER_TEMPLATE,TNG-000_MasterLayout-1,MASTER_TEMPLATE,[Equation 66],Equation,,,,,,,TRUE,"""t13_len_in"" = 10in"
MASTER_TEMPLATE,TNG-000_MasterLayout-1,MASTER_TEMPLATE,[Equation 67],Equation,,,,,,,TRUE,"""t14_len_in"" = 10in"
MASTER_TEMPLATE,TNG-000_MasterLayout-1,MASTER_TEMPLATE,[Equation 68],Equation,,,,,,,TRUE,"""t15_len_in"" = 10in"
MASTER_TEMPLATE,TNG-000_MasterLayout-1,MASTER_TEMPLATE,[Equation 69],Equation,,,,,,,TRUE,"""t16_len_in"" = 10in"
MASTER_TEMPLATE,TNG-000_MasterLayout-1,MASTER_TEMPLATE,[Equation 70],Equation,,,,,,,TRUE,"""t02_bank""= 1"
MASTER_TEMPLATE,TNG-000_MasterLayout-1,MASTER_TEMPLATE,[Equation 71],Equation,,,,,,,TRUE,"""t03_bank""= 1"
MASTER_TEMPLATE,TNG-000_MasterLayout-1,MASTER_TEMPLATE,[Equation 72],Equation,,,,,,,TRUE,"""t04_bank""= 1"
MASTER_TEMPLATE,TNG-000_MasterLayout-1,MASTER_TEMPLATE,[Equation 73],Equation,,,,,,,TRUE,"""t05_bank""=1"
MASTER_TEMPLATE,TNG-000_MasterLayout-1,MASTER_TEMPLATE,[Equation 74],Equation,,,,,,,TRUE,"""t06_bank""=1"
MASTER_TEMPLATE,TNG-000_MasterLayout-1,MASTER_TEMPLATE,[Equation 75],Equation,,,,,,,TRUE,"""t07_bank"" = 1"
MASTER_TEMPLATE,TNG-000_MasterLayout-1,MASTER_TEMPLATE,[Equation 76],Equation,,,,,,,TRUE,"""t08_bank"" = 1"
MASTER_TEMPLATE,TNG-000_MasterLayout-1,MASTER_TEMPLATE,[Equation 77],Equation,,,,,,,TRUE,"""t09_bank"" = 2"
MASTER_TEMPLATE,TNG-000_MasterLayout-1,MASTER_TEMPLATE,[Equation 78],Equation,,,,,,,TRUE,"""t10_bank"" = 2"
MASTER_TEMPLATE,TNG-000_MasterLayout-1,MASTER_TEMPLATE,[Equation 79],Equation,,,,,,,TRUE,"""t11_bank"" = 2"
MASTER_TEMPLATE,TNG-000_MasterLayout-1,MASTER_TEMPLATE,[Equation 80],Equation,,,,,,,TRUE,"""t12_bank"" = 2"
MASTER_TEMPLATE,TNG-000_MasterLayout-1,MASTER_TEMPLATE,[Equation 81],Equation,,,,,,,TRUE,"""t13_bank"" = 2"
MASTER_TEMPLATE,TNG-000_MasterLayout-1,MASTER_TEMPLATE,[Equation 82],Equation,,,,,,,TRUE,"""t14_bank"" = 2"
MASTER_TEMPLATE,TNG-000_MasterLayout-1,MASTER_TEMPLATE,[Equation 83],Equation,,,,,,,TRUE,"""t15_bank"" = 2"
MASTER_TEMPLATE,TNG-000_MasterLayout-1,MASTER_TEMPLATE,[Equation 84],Equation,,,,,,,TRUE,"""t16_bank"" = 2"
MASTER_TEMPLATE,TNG-000_MasterLayout-1,MASTER_TEMPLATE,[Equation 85],Equation,,,,,,,FALSE,"""drum_len_in_sketch@SK_OUTER_BOX""= ""drum_len_in"""
MASTER_TEMPLATE,TNG-000_MasterLayout-1,MASTER_TEMPLATE,[Equation 86],Equation,,,,,,,FALSE,"""drum_wid_in@SK_OUTER_BOX""= ""drum_wid_in"""
MASTER_TEMPLATE,TNG-000_MasterLayout-1,MASTER_TEMPLATE,[Equation 87],Equation,,,,,,,FALSE,"""side_thk_in_sketch@SK_CAVITY""= ""side_thk_in"""
MASTER_TEMPLATE,TNG-000_MasterLayout-1,MASTER_TEMPLATE,[Equation 88],Equation,,,,,,,FALSE,"""end_cap_thk_in_sketch@SK_CAVITY""= ""end_cap_thk_in"""
MASTER_TEMPLATE,TNG-000_MasterLayout-1,MASTER_TEMPLATE,[Equation 89],Equation,,,,,,,FALSE,"""cavity_hgt_in@SK_HEIGHT_STACK""= ""cavity_hgt_in"""
MASTER_TEMPLATE,TNG-000_MasterLayout-1,MASTER_TEMPLATE,[Equation 90],Equation,,,,,,,FALSE,"""top_thk_in_sketch@SK_HEIGHT_STACK"" = ""top_thk_in"""
MASTER_TEMPLATE,TNG-000_MasterLayout-1,MASTER_TEMPLATE,[Equation 91],Equation,,,,,,,FALSE,"""bottom_thk_in_sketch@SK_HEIGHT_STACK""= ""bottom_thk_in"""
MASTER_TEMPLATE,TNG-000_MasterLayout-1,MASTER_TEMPLATE,[Equation 92],Equation,,,,,,,FALSE,"""port_dia_in@SK_PORT""= ""port_dia_in"""
MASTER_TEMPLATE,TNG-000_MasterLayout-1,MASTER_TEMPLATE,[Equation 93],Equation,,,,,,,FALSE,"""foot_dia@SK_FEET""= ""foot_dia_in"""
MASTER_TEMPLATE,TNG-000_MasterLayout-1,MASTER_TEMPLATE,[Equation 94],Equation,,,,,,,TRUE,"""t02_midi_note""= 61"
MASTER_TEMPLATE,TNG-000_MasterLayout-1,MASTER_TEMPLATE,[Equation 95],Equation,,,,,,,TRUE,"""t03_midi_note""= 62"
MASTER_TEMPLATE,TNG-000_MasterLayout-1,MASTER_TEMPLATE,[Equation 96],Equation,,,,,,,TRUE,"""t04_midi_note""= 64"
MASTER_TEMPLATE,TNG-000_MasterLayout-1,MASTER_TEMPLATE,[Equation 97],Equation,,,,,,,TRUE,"""t05_midi_note""= 67"
MASTER_TEMPLATE,TNG-000_MasterLayout-1,MASTER_TEMPLATE,[Equation 98],Equation,,,,,,,TRUE,"""t06_midi_note""= 70"
MASTER_TEMPLATE,TNG-000_MasterLayout-1,MASTER_TEMPLATE,[Equation 99],Equation,,,,,,,TRUE,"""t07_midi_note"" = 77"
MASTER_TEMPLATE,TNG-000_MasterLayout-1,MASTER_TEMPLATE,[Equation 100],Equation,,,,,,,TRUE,"""t08_midi_note"" = 79"
MASTER_TEMPLATE,TNG-000_MasterLayout-1,MASTER_TEMPLATE,[Equation 101],Equation,,,,,,,TRUE,"""t09_midi_note"" = 80"
MASTER_TEMPLATE,TNG-000_MasterLayout-1,MASTER_TEMPLATE,[Equation 102],Equation,,,,,,,TRUE,"""t10_midi_note"" = 85"
MASTER_TEMPLATE,TNG-000_MasterLayout-1,MASTER_TEMPLATE,[Equation 103],Equation,,,,,,,TRUE,"""t11_midi_note"" = 89"
MASTER_TEMPLATE,TNG-000_MasterLayout-1,MASTER_TEMPLATE,[Equation 104],Equation,,,,,,,TRUE,"""t12_midi_note"" = 96"
MASTER_TEMPLATE,TNG-000_MasterLayout-1,MASTER_TEMPLATE,[Equation 105],Equation,,,,,,,TRUE,"""t13_midi_note"" = 98"
MASTER_TEMPLATE,TNG-000_MasterLayout-1,MASTER_TEMPLATE,[Equation 106],Equation,,,,,,,TRUE,"""t14_midi_note"" = 99"
MASTER_TEMPLATE,TNG-000_MasterLayout-1,MASTER_TEMPLATE,[Equation 107],Equation,,,,,,,TRUE,"""t15_midi_note"" = 100"
MASTER_TEMPLATE,TNG-000_MasterLayout-1,MASTER_TEMPLATE,[Equation 108],Equation,,,,,,,TRUE,"""t16_midi_note"" = 101"
MASTER_TEMPLATE,TNG-000_MasterLayout-1,MASTER_TEMPLATE,[Equation 109],Equation,,,,,,,TRUE,"""t16_freq_hz""= 440 * 2 ^ ( ( ""t16_midi_note"" - 69 ) / 12 )"
MASTER_TEMPLATE,TNG-000_MasterLayout-1,MASTER_TEMPLATE,[Equation 110],Equation,,,,,,,TRUE,"""foot_inset_in""= 1.8in"
MASTER_TEMPLATE,TNG-000_MasterLayout-1,MASTER_TEMPLATE,[Equation 111],Equation,,,,,,,TRUE,"""foot_screw_hole_dia_in""= 0.129in"
MASTER_TEMPLATE,TNG-000_MasterLayout-1,MASTER_TEMPLATE,[Equation 112],Equation,,,,,,,FALSE,"""foot_setting@SK_FEET""= ""foot_inset_in"""
MASTER_TEMPLATE,TNG-000_MasterLayout-1,MASTER_TEMPLATE,[Equation 113],Equation,,,,,,,FALSE,"""screw_hole@SK_FEET""= ""screw_size"""
MASTER_TEMPLATE,TNG-000_MasterLayout-1,MASTER_TEMPLATE,[Equation 114],Equation,,,,,,,TRUE,"""t01_wid"" = 1in"
MASTER_TEMPLATE,TNG-000_MasterLayout-1,MASTER_TEMPLATE,[Equation 115],Equation,,,,,,,TRUE,"""t02_wid"" = 1in"
MASTER_TEMPLATE,TNG-000_MasterLayout-1,MASTER_TEMPLATE,[Equation 116],Equation,,,,,,,TRUE,"""t03_wid"" = 1in"
MASTER_TEMPLATE,TNG-000_MasterLayout-1,MASTER_TEMPLATE,[Equation 117],Equation,,,,,,,TRUE,"""t04_wid""= 0.87in"
MASTER_TEMPLATE,TNG-000_MasterLayout-1,MASTER_TEMPLATE,[Equation 118],Equation,,,,,,,TRUE,"""t05_wid"" = 1in"
MASTER_TEMPLATE,TNG-000_MasterLayout-1,MASTER_TEMPLATE,[Equation 119],Equation,,,,,,,TRUE,"""t06_wid"" = 1in"
MASTER_TEMPLATE,TNG-000_MasterLayout-1,MASTER_TEMPLATE,[Equation 120],Equation,,,,,,,TRUE,"""t07_wid"" = 1in"
MASTER_TEMPLATE,TNG-000_MasterLayout-1,MASTER_TEMPLATE,[Equation 121],Equation,,,,,,,TRUE,"""t08_wid"" = 1in"
MASTER_TEMPLATE,TNG-000_MasterLayout-1,MASTER_TEMPLATE,[Equation 122],Equation,,,,,,,TRUE,"""t09_wid"" = 1in"
MASTER_TEMPLATE,TNG-000_MasterLayout-1,MASTER_TEMPLATE,[Equation 123],Equation,,,,,,,TRUE,"""t10_wid"" = 1in"
MASTER_TEMPLATE,TNG-000_MasterLayout-1,MASTER_TEMPLATE,[Equation 124],Equation,,,,,,,TRUE,"""t11_wid"" = 1in"
MASTER_TEMPLATE,TNG-000_MasterLayout-1,MASTER_TEMPLATE,[Equation 125],Equation,,,,,,,TRUE,"""t12_wid"" = 1in"
MASTER_TEMPLATE,TNG-000_MasterLayout-1,MASTER_TEMPLATE,[Equation 126],Equation,,,,,,,TRUE,"""t13_wid"" = 1in"
MASTER_TEMPLATE,TNG-000_MasterLayout-1,MASTER_TEMPLATE,[Equation 127],Equation,,,,,,,TRUE,"""t14_wid"" = 1in"
MASTER_TEMPLATE,TNG-000_MasterLayout-1,MASTER_TEMPLATE,[Equation 128],Equation,,,,,,,TRUE,"""t16_wid"" = 1in"
MASTER_TEMPLATE,TNG-000_MasterLayout-1,MASTER_TEMPLATE,[Equation 129],Equation,,,,,,,TRUE,"""t15_wid""= 0in"
MASTER_TEMPLATE,TNG-000_MasterLayout-1,MASTER_TEMPLATE,[Equation 130],Equation,,,,,,,TRUE,"""r_tong_bank""=2.16066"
MASTER_TEMPLATE,TNG-000_MasterLayout-1,MASTER_TEMPLATE,[Equation 131],Equation,,,,,,,TRUE,"""l_tong_bank""=2.4"
Large_Bilateral_16T,TNG-000_MasterLayout-1,Large_Bilateral_16T,SK_OUTER_BOX,ProfileFeature,drum_len_in_sketch@SK_OUTER_BOX@TNG-000_MasterLayout.Part,609.6000,24.0000,N/A,TRUE,FALSE,FALSE,
Large_Bilateral_16T,TNG-000_MasterLayout-1,Large_Bilateral_16T,SK_OUTER_BOX,ProfileFeature,drum_wid_in@SK_OUTER_BOX@TNG-000_MasterLayout.Part,254.0000,10.0000,N/A,TRUE,FALSE,FALSE,
Large_Bilateral_16T,TNG-000_MasterLayout-1,Large_Bilateral_16T,SK_CAVITY,ProfileFeature,end_cap_thk_in_sketch@SK_CAVITY@TNG-000_MasterLayout.Part,12.7000,0.5000,N/A,TRUE,FALSE,FALSE,
Large_Bilateral_16T,TNG-000_MasterLayout-1,Large_Bilateral_16T,SK_CAVITY,ProfileFeature,side_thk_in_sketch@SK_CAVITY@TNG-000_MasterLayout.Part,12.7000,0.5000,N/A,TRUE,FALSE,FALSE,
Large_Bilateral_16T,TNG-000_MasterLayout-1,Large_Bilateral_16T,SK_HEIGHT_STACK,ProfileFeature,top_thk_in_sketch@SK_HEIGHT_STACK@TNG-000_MasterLayout.Part,12.7000,0.5000,N/A,TRUE,FALSE,FALSE,
Large_Bilateral_16T,TNG-000_MasterLayout-1,Large_Bilateral_16T,SK_HEIGHT_STACK,ProfileFeature,bottom_thk_in_sketch@SK_HEIGHT_STACK@TNG-000_MasterLayout.Part,12.7000,0.5000,N/A,TRUE,FALSE,FALSE,
Large_Bilateral_16T,TNG-000_MasterLayout-1,Large_Bilateral_16T,SK_HEIGHT_STACK,ProfileFeature,cavity_hgt_in@SK_HEIGHT_STACK@TNG-000_MasterLayout.Part,177.8000,7.0000,N/A,TRUE,FALSE,FALSE,
Large_Bilateral_16T,TNG-000_MasterLayout-1,Large_Bilateral_16T,SK_PORT,ProfileFeature,port_dia_in@SK_PORT@TNG-000_MasterLayout.Part,38.1000,1.5000,N/A,TRUE,FALSE,FALSE,
Large_Bilateral_16T,TNG-000_MasterLayout-1,Large_Bilateral_16T,SK_FEET,ProfileFeature,foot_dia@SK_FEET@TNG-000_MasterLayout.Part,31.7500,1.2500,N/A,TRUE,FALSE,FALSE,
Large_Bilateral_16T,TNG-000_MasterLayout-1,Large_Bilateral_16T,SK_FEET,ProfileFeature,foot_setting@SK_FEET@TNG-000_MasterLayout.Part,45.7200,1.8000,N/A,TRUE,FALSE,FALSE,
Large_Bilateral_16T,TNG-000_MasterLayout-1,Large_Bilateral_16T,SK_FEET,ProfileFeature,screw_hole@SK_FEET@TNG-000_MasterLayout.Part,3.1750,0.1250,N/A,TRUE,FALSE,FALSE,
Large_Bilateral_16T,TNG-000_MasterLayout-1,Large_Bilateral_16T,SK_TONGUE_BANKS,ProfileFeature,D1@SK_TONGUE_BANKS@TNG-000_MasterLayout.Part,60.9600,2.4000,N/A,FALSE,FALSE,FALSE,
Large_Bilateral_16T,TNG-000_MasterLayout-1,Large_Bilateral_16T,SK_TONGUE_BANKS,ProfileFeature,D2@SK_TONGUE_BANKS@TNG-000_MasterLayout.Part,60.9600,2.4000,N/A,FALSE,FALSE,FALSE,
Large_Bilateral_16T,TNG-000_MasterLayout-1,Large_Bilateral_16T,T01_6TMagazineBaseline,ProfileFeature,D1@T01_6TMagazineBaseline@TNG-000_MasterLayout.Part,22.0980,0.8700,N/A,FALSE,FALSE,FALSE,
Large_Bilateral_16T,TNG-000_MasterLayout-1,Large_Bilateral_16T,T01_6TMagazineBaseline,ProfileFeature,D2@T01_6TMagazineBaseline@TNG-000_MasterLayout.Part,216.5190,8.5244,N/A,FALSE,FALSE,FALSE,
Large_Bilateral_16T,TNG-000_MasterLayout-1,Large_Bilateral_16T,T01_6TMagazineBaseline,ProfileFeature,D3@T01_6TMagazineBaseline@TNG-000_MasterLayout.Part,60.9600,2.4000,N/A,FALSE,FALSE,FALSE,
Large_Bilateral_16T,TNG-000_MasterLayout-1,Large_Bilateral_16T,T01_6TMagazineBaseline,ProfileFeature,D4@T01_6TMagazineBaseline@TNG-000_MasterLayout.Part,6.2611,0.2465,N/A,FALSE,FALSE,FALSE,
Large_Bilateral_16T,TNG-000_MasterLayout-1,Large_Bilateral_16T,T01_6TMagazineBaseline,ProfileFeature,D5@T01_6TMagazineBaseline@TNG-000_MasterLayout.Part,15.7141,0.6187,N/A,FALSE,FALSE,FALSE,
Large_Bilateral_16T,TNG-000_MasterLayout-1,Large_Bilateral_16T,T01_6TMagazineBaseline,ProfileFeature,D6@T01_6TMagazineBaseline@TNG-000_MasterLayout.Part,11.8257,0.4656,N/A,FALSE,FALSE,FALSE,
Large_Bilateral_16T,TNG-000_MasterLayout-1,Large_Bilateral_16T,T01_6TMagazineBaseline,ProfileFeature,D7@T01_6TMagazineBaseline@TNG-000_MasterLayout.Part,4.7873,0.1885,N/A,FALSE,FALSE,FALSE,
Large_Bilateral_16T,TNG-000_MasterLayout-1,Large_Bilateral_16T,T01_6TMagazineBaseline,ProfileFeature,D8@T01_6TMagazineBaseline@TNG-000_MasterLayout.Part,5.5875,0.2200,N/A,FALSE,FALSE,FALSE,
Large_Bilateral_16T,TNG-000_MasterLayout-1,Large_Bilateral_16T,T01_6TMagazineBaseline,ProfileFeature,D9@T01_6TMagazineBaseline@TNG-000_MasterLayout.Part,6.7466,0.2656,N/A,FALSE,FALSE,FALSE,
Large_Bilateral_16T,TNG-000_MasterLayout-1,Large_Bilateral_16T,T01_6TMagazineBaseline,ProfileFeature,D10@T01_6TMagazineBaseline@TNG-000_MasterLayout.Part,6.5945,0.2596,N/A,FALSE,FALSE,FALSE,
Large_Bilateral_16T,TNG-000_MasterLayout-1,Large_Bilateral_16T,T01_6TMagazineBaseline,ProfileFeature,D11@T01_6TMagazineBaseline@TNG-000_MasterLayout.Part,6.5077,0.2562,N/A,FALSE,FALSE,FALSE,
Large_Bilateral_16T,TNG-000_MasterLayout-1,Large_Bilateral_16T,T01_6TMagazineBaseline,ProfileFeature,D12@T01_6TMagazineBaseline@TNG-000_MasterLayout.Part,5.7544,0.2266,N/A,FALSE,FALSE,FALSE,
Large_Bilateral_16T,TNG-000_MasterLayout-1,Large_Bilateral_16T,T01_6TMagazineBaseline,ProfileFeature,D13@T01_6TMagazineBaseline@TNG-000_MasterLayout.Part,14.6706,0.5776,N/A,FALSE,FALSE,FALSE,
Large_Bilateral_16T,TNG-000_MasterLayout-1,Large_Bilateral_16T,T01_6TMagazineBaseline,ProfileFeature,D14@T01_6TMagazineBaseline@TNG-000_MasterLayout.Part,11.7242,0.4616,N/A,FALSE,FALSE,FALSE,
Large_Bilateral_16T,TNG-000_MasterLayout-1,Large_Bilateral_16T,T01_6TMagazineBaseline,ProfileFeature,D15@T01_6TMagazineBaseline@TNG-000_MasterLayout.Part,6.8136,0.2683,N/A,FALSE,FALSE,FALSE,
Large_Bilateral_16T,TNG-000_MasterLayout-1,Large_Bilateral_16T,T01_6TMagazineBaseline,ProfileFeature,D16@T01_6TMagazineBaseline@TNG-000_MasterLayout.Part,3.9899,0.1571,N/A,FALSE,FALSE,FALSE,
Large_Bilateral_16T,TNG-000_MasterLayout-1,Large_Bilateral_16T,T01_6TMagazineBaseline,ProfileFeature,D17@T01_6TMagazineBaseline@TNG-000_MasterLayout.Part,1.7187,0.0677,N/A,FALSE,FALSE,FALSE,
Large_Bilateral_16T,TNG-000_MasterLayout-1,Large_Bilateral_16T,T01_6TMagazineBaseline,ProfileFeature,D18@T01_6TMagazineBaseline@TNG-000_MasterLayout.Part,8.3002,0.3268,N/A,FALSE,FALSE,FALSE,
Large_Bilateral_16T,TNG-000_MasterLayout-1,Large_Bilateral_16T,T01_6TMagazineBaseline,ProfileFeature,D19@T01_6TMagazineBaseline@TNG-000_MasterLayout.Part,13.4312,0.5288,N/A,FALSE,FALSE,FALSE,
Large_Bilateral_16T,TNG-000_MasterLayout-1,Large_Bilateral_16T,T01_6TMagazineBaseline,ProfileFeature,D20@T01_6TMagazineBaseline@TNG-000_MasterLayout.Part,15.1542,0.5966,N/A,FALSE,FALSE,FALSE,
Large_Bilateral_16T,TNG-000_MasterLayout-1,Large_Bilateral_16T,T01_6TMagazineBaseline,ProfileFeature,D21@T01_6TMagazineBaseline@TNG-000_MasterLayout.Part,201.1677,7.9200,N/A,FALSE,FALSE,FALSE,
Large_Bilateral_16T,TNG-000_MasterLayout-1,Large_Bilateral_16T,T01_6TMagazineBaseline,ProfileFeature,D22@T01_6TMagazineBaseline@TNG-000_MasterLayout.Part,16.1507,0.6359,N/A,FALSE,FALSE,FALSE,
Large_Bilateral_16T,TNG-000_MasterLayout-1,Large_Bilateral_16T,T01_6TMagazineBaseline,ProfileFeature,D23@T01_6TMagazineBaseline@TNG-000_MasterLayout.Part,94.6563,3.7266,N/A,FALSE,FALSE,FALSE,
Large_Bilateral_16T,TNG-000_MasterLayout-1,Large_Bilateral_16T,T01_6TMagazineBaseline,ProfileFeature,D24@T01_6TMagazineBaseline@TNG-000_MasterLayout.Part,18.6970,0.7361,N/A,FALSE,FALSE,FALSE,
Large_Bilateral_16T,TNG-000_MasterLayout-1,Large_Bilateral_16T,T01_6TMagazineBaseline,ProfileFeature,D25@T01_6TMagazineBaseline@TNG-000_MasterLayout.Part,15.3513,0.6044,N/A,FALSE,FALSE,FALSE,
Large_Bilateral_16T,TNG-000_MasterLayout-1,Large_Bilateral_16T,T01_6TMagazineBaseline,ProfileFeature,D26@T01_6TMagazineBaseline@TNG-000_MasterLayout.Part,9.1212,0.3591,N/A,FALSE,FALSE,FALSE,
Large_Bilateral_16T,TNG-000_MasterLayout-1,Large_Bilateral_16T,T02_6TMagazineBaseline,ProfileFeature,D1@T02_6TMagazineBaseline@TNG-000_MasterLayout.Part,60.9600,2.4000,N/A,FALSE,FALSE,FALSE,
Large_Bilateral_16T,TNG-000_MasterLayout-1,Large_Bilateral_16T,T02_6TMagazineBaseline,ProfileFeature,D3@T02_6TMagazineBaseline@TNG-000_MasterLayout.Part,25.4000,1.0000,N/A,FALSE,FALSE,FALSE,
Large_Bilateral_16T,TNG-000_MasterLayout-1,Large_Bilateral_16T,T02_6TMagazineBaseline,ProfileFeature,D4@T02_6TMagazineBaseline@TNG-000_MasterLayout.Part,171.4500,6.7500,N/A,FALSE,FALSE,FALSE,
Large_Bilateral_16T,TNG-000_MasterLayout-1,Large_Bilateral_16T,T02_6TMagazineBaseline,ProfileFeature,D2@T02_6TMagazineBaseline@TNG-000_MasterLayout.Part,1.7780,0.0700,N/A,FALSE,FALSE,FALSE,
Large_Bilateral_16T,TNG-000_MasterLayout-1,Large_Bilateral_16T,T03_6TMagazineBaseline,ProfileFeature,D1@T03_6TMagazineBaseline@TNG-000_MasterLayout.Part,22.0980,0.8700,N/A,FALSE,FALSE,FALSE,
Large_Bilateral_16T,TNG-000_MasterLayout-1,Large_Bilateral_16T,T03_6TMagazineBaseline,ProfileFeature,D2@T03_6TMagazineBaseline@TNG-000_MasterLayout.Part,216.6791,8.5307,N/A,FALSE,FALSE,FALSE,
Large_Bilateral_16T,TNG-000_MasterLayout-1,Large_Bilateral_16T,T03_6TMagazineBaseline,ProfileFeature,D3@T03_6TMagazineBaseline@TNG-000_MasterLayout.Part,1.8543,0.0730,N/A,FALSE,FALSE,FALSE,
Large_Bilateral_16T,TNG-000_MasterLayout-1,Large_Bilateral_16T,T03_6TMagazineBaseline,ProfileFeature,D4@T03_6TMagazineBaseline@TNG-000_MasterLayout.Part,9.7584,0.3842,N/A,FALSE,FALSE,FALSE,
Large_Bilateral_16T,TNG-000_MasterLayout-1,Large_Bilateral_16T,T03_6TMagazineBaseline,ProfileFeature,D5@T03_6TMagazineBaseline@TNG-000_MasterLayout.Part,23.2011,0.9134,N/A,FALSE,FALSE,FALSE,
Large_Bilateral_16T,TNG-000_MasterLayout-1,Large_Bilateral_16T,T03_6TMagazineBaseline,ProfileFeature,D6@T03_6TMagazineBaseline@TNG-000_MasterLayout.Part,32.2938,1.2714,N/A,FALSE,FALSE,FALSE,
Large_Bilateral_16T,TNG-000_MasterLayout-1,Large_Bilateral_16T,T03_6TMagazineBaseline,ProfileFeature,D7@T03_6TMagazineBaseline@TNG-000_MasterLayout.Part,38.9813,1.5347,N/A,FALSE,FALSE,FALSE,
Large_Bilateral_16T,TNG-000_MasterLayout-1,Large_Bilateral_16T,T03_6TMagazineBaseline,ProfileFeature,D8@T03_6TMagazineBaseline@TNG-000_MasterLayout.Part,43.5023,1.7127,N/A,FALSE,FALSE,FALSE,
Large_Bilateral_16T,TNG-000_MasterLayout-1,Large_Bilateral_16T,T03_6TMagazineBaseline,ProfileFeature,D9@T03_6TMagazineBaseline@TNG-000_MasterLayout.Part,3.7332,0.1470,N/A,FALSE,FALSE,FALSE,
Large_Bilateral_16T,TNG-000_MasterLayout-1,Large_Bilateral_16T,T03_6TMagazineBaseline,ProfileFeature,D10@T03_6TMagazineBaseline@TNG-000_MasterLayout.Part,4.3043,0.1695,N/A,FALSE,FALSE,FALSE,
Large_Bilateral_16T,TNG-000_MasterLayout-1,Large_Bilateral_16T,T03_6TMagazineBaseline,ProfileFeature,D11@T03_6TMagazineBaseline@TNG-000_MasterLayout.Part,39.0245,1.5364,N/A,FALSE,FALSE,FALSE,
Large_Bilateral_16T,TNG-000_MasterLayout-1,Large_Bilateral_16T,T03_6TMagazineBaseline,ProfileFeature,D12@T03_6TMagazineBaseline@TNG-000_MasterLayout.Part,31.1173,1.2251,N/A,FALSE,FALSE,FALSE,
Large_Bilateral_16T,TNG-000_MasterLayout-1,Large_Bilateral_16T,T03_6TMagazineBaseline,ProfileFeature,D13@T03_6TMagazineBaseline@TNG-000_MasterLayout.Part,14.3641,0.5655,N/A,FALSE,FALSE,FALSE,
Large_Bilateral_16T,TNG-000_MasterLayout-1,Large_Bilateral_16T,T03_6TMagazineBaseline,ProfileFeature,D14@T03_6TMagazineBaseline@TNG-000_MasterLayout.Part,36.3742,1.4321,N/A,FALSE,FALSE,FALSE,
Large_Bilateral_16T,TNG-000_MasterLayout-1,Large_Bilateral_16T,T03_6TMagazineBaseline,ProfileFeature,D15@T03_6TMagazineBaseline@TNG-000_MasterLayout.Part,29.9611,1.1796,N/A,FALSE,FALSE,FALSE,
Large_Bilateral_16T,TNG-000_MasterLayout-1,Large_Bilateral_16T,T03_6TMagazineBaseline,ProfileFeature,D16@T03_6TMagazineBaseline@TNG-000_MasterLayout.Part,24.1546,0.9510,N/A,FALSE,FALSE,FALSE,
Large_Bilateral_16T,TNG-000_MasterLayout-1,Large_Bilateral_16T,T03_6TMagazineBaseline,ProfileFeature,D17@T03_6TMagazineBaseline@TNG-000_MasterLayout.Part,60.9600,2.4000,N/A,FALSE,FALSE,FALSE,
Large_Bilateral_16T,TNG-000_MasterLayout-1,Large_Bilateral_16T,T03_6TMagazineBaseline,ProfileFeature,D18@T03_6TMagazineBaseline@TNG-000_MasterLayout.Part,1.7780,0.0700,N/A,FALSE,FALSE,FALSE,
Large_Bilateral_16T,TNG-000_MasterLayout-1,Large_Bilateral_16T,T04_6TMagazineBaseline,ProfileFeature,D1@T04_6TMagazineBaseline@TNG-000_MasterLayout.Part,22.0980,0.8700,N/A,FALSE,FALSE,FALSE,
Large_Bilateral_16T,TNG-000_MasterLayout-1,Large_Bilateral_16T,T04_6TMagazineBaseline,ProfileFeature,D2@T04_6TMagazineBaseline@TNG-000_MasterLayout.Part,162.9456,6.4152,N/A,FALSE,FALSE,FALSE,
Large_Bilateral_16T,TNG-000_MasterLayout-1,Large_Bilateral_16T,T04_6TMagazineBaseline,ProfileFeature,D3@T04_6TMagazineBaseline@TNG-000_MasterLayout.Part,6.4609,0.2544,N/A,FALSE,FALSE,FALSE,
Large_Bilateral_16T,TNG-000_MasterLayout-1,Large_Bilateral_16T,T04_6TMagazineBaseline,ProfileFeature,D4@T04_6TMagazineBaseline@TNG-000_MasterLayout.Part,11.6248,0.4577,N/A,FALSE,FALSE,FALSE,
Large_Bilateral_16T,TNG-000_MasterLayout-1,Large_Bilateral_16T,T04_6TMagazineBaseline,ProfileFeature,D5@T04_6TMagazineBaseline@TNG-000_MasterLayout.Part,16.8488,0.6633,N/A,FALSE,FALSE,FALSE,
Large_Bilateral_16T,TNG-000_MasterLayout-1,Large_Bilateral_16T,T04_6TMagazineBaseline,ProfileFeature,D6@T04_6TMagazineBaseline@TNG-000_MasterLayout.Part,23.0896,0.9090,N/A,FALSE,FALSE,FALSE,
Large_Bilateral_16T,TNG-000_MasterLayout-1,Large_Bilateral_16T,T04_6TMagazineBaseline,ProfileFeature,D7@T04_6TMagazineBaseline@TNG-000_MasterLayout.Part,27.2967,1.0747,N/A,FALSE,FALSE,FALSE,
Large_Bilateral_16T,TNG-000_MasterLayout-1,Large_Bilateral_16T,T04_6TMagazineBaseline,ProfileFeature,D8@T04_6TMagazineBaseline@TNG-000_MasterLayout.Part,29.1169,1.1463,N/A,FALSE,FALSE,FALSE,
Large_Bilateral_16T,TNG-000_MasterLayout-1,Large_Bilateral_16T,T04_6TMagazineBaseline,ProfileFeature,D9@T04_6TMagazineBaseline@TNG-000_MasterLayout.Part,29.4608,1.1599,N/A,FALSE,FALSE,FALSE,
Large_Bilateral_16T,TNG-000_MasterLayout-1,Large_Bilateral_16T,T04_6TMagazineBaseline,ProfileFeature,D10@T04_6TMagazineBaseline@TNG-000_MasterLayout.Part,29.8991,1.1771,N/A,FALSE,FALSE,FALSE,
Large_Bilateral_16T,TNG-000_MasterLayout-1,Large_Bilateral_16T,T04_6TMagazineBaseline,ProfileFeature,D11@T04_6TMagazineBaseline@TNG-000_MasterLayout.Part,29.9987,1.1811,N/A,FALSE,FALSE,FALSE,
Large_Bilateral_16T,TNG-000_MasterLayout-1,Large_Bilateral_16T,T04_6TMagazineBaseline,ProfileFeature,D12@T04_6TMagazineBaseline@TNG-000_MasterLayout.Part,29.8798,1.1764,N/A,FALSE,FALSE,FALSE,
Large_Bilateral_16T,TNG-000_MasterLayout-1,Large_Bilateral_16T,T04_6TMagazineBaseline,ProfileFeature,D13@T04_6TMagazineBaseline@TNG-000_MasterLayout.Part,29.6160,1.1660,N/A,FALSE,FALSE,FALSE,
Large_Bilateral_16T,TNG-000_MasterLayout-1,Large_Bilateral_16T,T04_6TMagazineBaseline,ProfileFeature,D14@T04_6TMagazineBaseline@TNG-000_MasterLayout.Part,28.6892,1.1295,N/A,FALSE,FALSE,FALSE,
Large_Bilateral_16T,TNG-000_MasterLayout-1,Large_Bilateral_16T,T04_6TMagazineBaseline,ProfileFeature,D16@T04_6TMagazineBaseline@TNG-000_MasterLayout.Part,25.5516,1.0060,N/A,FALSE,FALSE,FALSE,
Large_Bilateral_16T,TNG-000_MasterLayout-1,Large_Bilateral_16T,T04_6TMagazineBaseline,ProfileFeature,D17@T04_6TMagazineBaseline@TNG-000_MasterLayout.Part,22.2256,0.8750,N/A,FALSE,FALSE,FALSE,
Large_Bilateral_16T,TNG-000_MasterLayout-1,Large_Bilateral_16T,T04_6TMagazineBaseline,ProfileFeature,D15@T04_6TMagazineBaseline@TNG-000_MasterLayout.Part,35.0089,1.3783,N/A,FALSE,FALSE,FALSE,
Large_Bilateral_16T,TNG-000_MasterLayout-1,Large_Bilateral_16T,T04_6TMagazineBaseline,ProfileFeature,D18@T04_6TMagazineBaseline@TNG-000_MasterLayout.Part,34.1892,1.3460,N/A,FALSE,FALSE,FALSE,
Large_Bilateral_16T,TNG-000_MasterLayout-1,Large_Bilateral_16T,T04_6TMagazineBaseline,ProfileFeature,D19@T04_6TMagazineBaseline@TNG-000_MasterLayout.Part,32.1428,1.2655,N/A,FALSE,FALSE,FALSE,
Large_Bilateral_16T,TNG-000_MasterLayout-1,Large_Bilateral_16T,T04_6TMagazineBaseline,ProfileFeature,D20@T04_6TMagazineBaseline@TNG-000_MasterLayout.Part,25.0566,0.9865,N/A,FALSE,FALSE,FALSE,
Large_Bilateral_16T,TNG-000_MasterLayout-1,Large_Bilateral_16T,T04_6TMagazineBaseline,ProfileFeature,D21@T04_6TMagazineBaseline@TNG-000_MasterLayout.Part,16.0922,0.6336,N/A,FALSE,FALSE,FALSE,
Large_Bilateral_16T,TNG-000_MasterLayout-1,Large_Bilateral_16T,T04_6TMagazineBaseline,ProfileFeature,D22@T04_6TMagazineBaseline@TNG-000_MasterLayout.Part,34.8806,1.3733,N/A,FALSE,FALSE,FALSE,
Large_Bilateral_16T,TNG-000_MasterLayout-1,Large_Bilateral_16T,T04_6TMagazineBaseline,ProfileFeature,D23@T04_6TMagazineBaseline@TNG-000_MasterLayout.Part,38.3927,1.5115,N/A,FALSE,FALSE,FALSE,
Large_Bilateral_16T,TNG-000_MasterLayout-1,Large_Bilateral_16T,T04_6TMagazineBaseline,ProfileFeature,D24@T04_6TMagazineBaseline@TNG-000_MasterLayout.Part,13.7170,0.5400,N/A,FALSE,FALSE,FALSE,
Large_Bilateral_16T,TNG-000_MasterLayout-1,Large_Bilateral_16T,T04_6TMagazineBaseline,ProfileFeature,D25@T04_6TMagazineBaseline@TNG-000_MasterLayout.Part,40.9528,1.6123,N/A,FALSE,FALSE,FALSE,
Large_Bilateral_16T,TNG-000_MasterLayout-1,Large_Bilateral_16T,T04_6TMagazineBaseline,ProfileFeature,D28@T04_6TMagazineBaseline@TNG-000_MasterLayout.Part,6.9078,0.2720,N/A,FALSE,FALSE,FALSE,
Large_Bilateral_16T,TNG-000_MasterLayout-1,Large_Bilateral_16T,T04_6TMagazineBaseline,ProfileFeature,D29@T04_6TMagazineBaseline@TNG-000_MasterLayout.Part,23.0948,0.9092,N/A,FALSE,FALSE,FALSE,
Large_Bilateral_16T,TNG-000_MasterLayout-1,Large_Bilateral_16T,T04_6TMagazineBaseline,ProfileFeature,D30@T04_6TMagazineBaseline@TNG-000_MasterLayout.Part,29.6621,1.1678,N/A,FALSE,FALSE,FALSE,
Large_Bilateral_16T,TNG-000_MasterLayout-1,Large_Bilateral_16T,T04_6TMagazineBaseline,ProfileFeature,D31@T04_6TMagazineBaseline@TNG-000_MasterLayout.Part,36.7066,1.4451,N/A,FALSE,FALSE,FALSE,
Large_Bilateral_16T,TNG-000_MasterLayout-1,Large_Bilateral_16T,T04_6TMagazineBaseline,ProfileFeature,D32@T04_6TMagazineBaseline@TNG-000_MasterLayout.Part,3.4422,0.1355,N/A,FALSE,FALSE,FALSE,
Large_Bilateral_16T,TNG-000_MasterLayout-1,Large_Bilateral_16T,T04_6TMagazineBaseline,ProfileFeature,D27@T04_6TMagazineBaseline@TNG-000_MasterLayout.Part,1.7780,0.0700,N/A,FALSE,FALSE,FALSE,
Large_Bilateral_16T,TNG-000_MasterLayout-1,Large_Bilateral_16T,T04_6TMagazineBaseline,ProfileFeature,D26@T04_6TMagazineBaseline@TNG-000_MasterLayout.Part,60.9600,2.4000,N/A,FALSE,FALSE,FALSE,
Large_Bilateral_16T,TNG-000_MasterLayout-1,Large_Bilateral_16T,T04_6TMagazineBaseline,ProfileFeature,D33@T04_6TMagazineBaseline@TNG-000_MasterLayout.Part,72.8381,2.8676,N/A,FALSE,FALSE,FALSE,
Large_Bilateral_16T,TNG-000_MasterLayout-1,Large_Bilateral_16T,T04_6TMagazineBaseline,ProfileFeature,D34@T04_6TMagazineBaseline@TNG-000_MasterLayout.Part,26.8973,1.0589,N/A,FALSE,FALSE,FALSE,
Large_Bilateral_16T,TNG-000_MasterLayout-1,Large_Bilateral_16T,T05_6TMagazineBaseline,ProfileFeature,D1@T05_6TMagazineBaseline@TNG-000_MasterLayout.Part,22.0980,0.8700,N/A,FALSE,FALSE,FALSE,
Large_Bilateral_16T,TNG-000_MasterLayout-1,Large_Bilateral_16T,T05_6TMagazineBaseline,ProfileFeature,D2@T05_6TMagazineBaseline@TNG-000_MasterLayout.Part,60.9600,2.4000,N/A,FALSE,FALSE,FALSE,
Large_Bilateral_16T,TNG-000_MasterLayout-1,Large_Bilateral_16T,T05_6TMagazineBaseline,ProfileFeature,D3@T05_6TMagazineBaseline@TNG-000_MasterLayout.Part,160.0200,6.3000,N/A,FALSE,FALSE,FALSE,
Large_Bilateral_16T,TNG-000_MasterLayout-1,Large_Bilateral_16T,T05_6TMagazineBaseline,ProfileFeature,D4@T05_6TMagazineBaseline@TNG-000_MasterLayout.Part,1.7780,0.0700,N/A,FALSE,FALSE,FALSE,
Large_Bilateral_16T,TNG-000_MasterLayout-1,Large_Bilateral_16T,T06_6TMagazineBaseline,ProfileFeature,D1@T06_6TMagazineBaseline@TNG-000_MasterLayout.Part,22.0980,0.8700,N/A,FALSE,FALSE,FALSE,
Large_Bilateral_16T,TNG-000_MasterLayout-1,Large_Bilateral_16T,T06_6TMagazineBaseline,ProfileFeature,D2@T06_6TMagazineBaseline@TNG-000_MasterLayout.Part,60.9600,2.4000,N/A,FALSE,FALSE,FALSE,
Large_Bilateral_16T,TNG-000_MasterLayout-1,Large_Bilateral_16T,T06_6TMagazineBaseline,ProfileFeature,D3@T06_6TMagazineBaseline@TNG-000_MasterLayout.Part,1.7780,0.0700,N/A,FALSE,FALSE,FALSE,
Large_Bilateral_16T,TNG-000_MasterLayout-1,Large_Bilateral_16T,T06_6TMagazineBaseline,ProfileFeature,D4@T06_6TMagazineBaseline@TNG-000_MasterLayout.Part,24.7311,0.9737,N/A,FALSE,FALSE,FALSE,
Large_Bilateral_16T,TNG-000_MasterLayout-1,Large_Bilateral_16T,T06_6TMagazineBaseline,ProfileFeature,D5@T06_6TMagazineBaseline@TNG-000_MasterLayout.Part,30.7148,1.2092,N/A,FALSE,FALSE,FALSE,
Large_Bilateral_16T,TNG-000_MasterLayout-1,Large_Bilateral_16T,T06_6TMagazineBaseline,ProfileFeature,D6@T06_6TMagazineBaseline@TNG-000_MasterLayout.Part,100.3423,3.9505,N/A,FALSE,FALSE,FALSE,
Large_Bilateral_16T,TNG-000_MasterLayout-1,Large_Bilateral_16T,T06_6TMagazineBaseline,ProfileFeature,D7@T06_6TMagazineBaseline@TNG-000_MasterLayout.Part,38.3203,1.5087,N/A,FALSE,FALSE,FALSE,
Large_Bilateral_16T,TNG-000_MasterLayout-1,Large_Bilateral_16T,T06_6TMagazineBaseline,ProfileFeature,D8@T06_6TMagazineBaseline@TNG-000_MasterLayout.Part,11.0645,0.4356,N/A,FALSE,FALSE,FALSE,
Large_Bilateral_16T,TNG-000_MasterLayout-1,Large_Bilateral_16T,T06_6TMagazineBaseline,ProfileFeature,D9@T06_6TMagazineBaseline@TNG-000_MasterLayout.Part,21.2762,0.8376,N/A,FALSE,FALSE,FALSE,
Large_Bilateral_16T,TNG-000_MasterLayout-1,Large_Bilateral_16T,T06_6TMagazineBaseline,ProfileFeature,D10@T06_6TMagazineBaseline@TNG-000_MasterLayout.Part,33.6322,1.3241,N/A,FALSE,FALSE,FALSE,
Large_Bilateral_16T,TNG-000_MasterLayout-1,Large_Bilateral_16T,T06_6TMagazineBaseline,ProfileFeature,D11@T06_6TMagazineBaseline@TNG-000_MasterLayout.Part,44.4226,1.7489,N/A,FALSE,FALSE,FALSE,
Large_Bilateral_16T,TNG-000_MasterLayout-1,Large_Bilateral_16T,T06_6TMagazineBaseline,ProfileFeature,D13@T06_6TMagazineBaseline@TNG-000_MasterLayout.Part,218.4400,8.6000,N/A,FALSE,FALSE,FALSE,
Large_Bilateral_16T,TNG-000_MasterLayout-1,Large_Bilateral_16T,T06_6TMagazineBaseline,ProfileFeature,D14@T06_6TMagazineBaseline@TNG-000_MasterLayout.Part,39.0589,1.5378,N/A,FALSE,FALSE,FALSE,
Large_Bilateral_16T,TNG-000_MasterLayout-1,Large_Bilateral_16T,T06_6TMagazineBaseline,ProfileFeature,D15@T06_6TMagazineBaseline@TNG-000_MasterLayout.Part,37.9341,1.4935,N/A,FALSE,FALSE,FALSE,
Large_Bilateral_16T,TNG-000_MasterLayout-1,Large_Bilateral_16T,T06_6TMagazineBaseline,ProfileFeature,D12@T06_6TMagazineBaseline@TNG-000_MasterLayout.Part,100.3423,3.9505,N/A,FALSE,FALSE,FALSE,
Large_Bilateral_16T,TNG-000_MasterLayout-1,Large_Bilateral_16T,T06_6TMagazineBaseline,ProfileFeature,D16@T06_6TMagazineBaseline@TNG-000_MasterLayout.Part,50.9472,2.0058,N/A,FALSE,FALSE,FALSE,
Large_Bilateral_16T,TNG-000_MasterLayout-1,Large_Bilateral_16T,[Equation 0],Equation,,,,,,,TRUE,"""drum_len_in"" = 24in"
Large_Bilateral_16T,TNG-000_MasterLayout-1,Large_Bilateral_16T,[Equation 1],Equation,,,,,,,TRUE,"""drum_wid_in"" = 10in"
Large_Bilateral_16T,TNG-000_MasterLayout-1,Large_Bilateral_16T,[Equation 2],Equation,,,,,,,TRUE,"""drum_hgt_in"" = 8in"
Large_Bilateral_16T,TNG-000_MasterLayout-1,Large_Bilateral_16T,[Equation 3],Equation,,,,,,,TRUE,"""top_thk_in"" = 0.5in"
Large_Bilateral_16T,TNG-000_MasterLayout-1,Large_Bilateral_16T,[Equation 4],Equation,,,,,,,TRUE,"""bottom_thk_in""= 0.5in"
Large_Bilateral_16T,TNG-000_MasterLayout-1,Large_Bilateral_16T,[Equation 5],Equation,,,,,,,TRUE,"""side_thk_in""= 0.5in"
Large_Bilateral_16T,TNG-000_MasterLayout-1,Large_Bilateral_16T,[Equation 6],Equation,,,,,,,TRUE,"""end_cap_thk_in""= 0.5in"
Large_Bilateral_16T,TNG-000_MasterLayout-1,Large_Bilateral_16T,[Equation 7],Equation,,,,,,,TRUE,"""slit_kerf_in"" = 0.075in"
Large_Bilateral_16T,TNG-000_MasterLayout-1,Large_Bilateral_16T,[Equation 8],Equation,,,,,,,TRUE,"""slit_end_rad_in""= 0.25in"
Large_Bilateral_16T,TNG-000_MasterLayout-1,Large_Bilateral_16T,[Equation 9],Equation,,,,,,,TRUE,"""tongue_gap_in""= 0.06in"
Large_Bilateral_16T,TNG-000_MasterLayout-1,Large_Bilateral_16T,[Equation 10],Equation,,,,,,,TRUE,"""port_dia_in""= 1.5in"
Large_Bilateral_16T,TNG-000_MasterLayout-1,Large_Bilateral_16T,[Equation 11],Equation,,,,,,,TRUE,"""foot_dia_in""= 1.25in"
Large_Bilateral_16T,TNG-000_MasterLayout-1,Large_Bilateral_16T,[Equation 12],Equation,,,,,,,TRUE,"""foot_hgt_in""= 0.75in"
Large_Bilateral_16T,TNG-000_MasterLayout-1,Large_Bilateral_16T,[Equation 13],Equation,,,,,,,TRUE,"""rough_len_factor""= 2 ^ ( - ""sharp_bias_cents"" / 2400 )"
Large_Bilateral_16T,TNG-000_MasterLayout-1,Large_Bilateral_16T,[Equation 14],Equation,,,,,,,TRUE,"""sharp_bias_cents""= 12"
Large_Bilateral_16T,TNG-000_MasterLayout-1,Large_Bilateral_16T,[Equation 15],Equation,,,,,,,TRUE,"""tongue_width_in""= 1.0in"
Large_Bilateral_16T,TNG-000_MasterLayout-1,Large_Bilateral_16T,[Equation 16],Equation,,,,,,,TRUE,"""cavity_len_in""= ""drum_len_in"" - 2 * ""end_cap_thk_in"""
Large_Bilateral_16T,TNG-000_MasterLayout-1,Large_Bilateral_16T,[Equation 17],Equation,,,,,,,TRUE,"""cavity_wid_in""= ""drum_wid_in"" - 2 * ""side_thk_in"""
Large_Bilateral_16T,TNG-000_MasterLayout-1,Large_Bilateral_16T,[Equation 18],Equation,,,,,,,TRUE,"""cavity_hgt_in""= ""drum_hgt_in"" - ""top_thk_in"" - ""bottom_thk_in"""
Large_Bilateral_16T,TNG-000_MasterLayout-1,Large_Bilateral_16T,[Equation 19],Equation,,,,,,,TRUE,"""cavity_vol_in3""= ""cavity_len_in"" * ""cavity_wid_in"" * ""cavity_hgt_in"""
Large_Bilateral_16T,TNG-000_MasterLayout-1,Large_Bilateral_16T,[Equation 20],Equation,,,,,,,TRUE,"""panel_top_len""= ""drum_len_in"""
Large_Bilateral_16T,TNG-000_MasterLayout-1,Large_Bilateral_16T,[Equation 21],Equation,,,,,,,TRUE,"""panel_top_wid""= ""drum_wid_in"""
Large_Bilateral_16T,TNG-000_MasterLayout-1,Large_Bilateral_16T,[Equation 22],Equation,,,,,,,TRUE,"""side_panel_len""= ""drum_len_in"""
Large_Bilateral_16T,TNG-000_MasterLayout-1,Large_Bilateral_16T,[Equation 23],Equation,,,,,,,TRUE,"""side_panel_hgt""= ""drum_hgt_in"" - ""top_thk_in"" - ""bottom_thk_in"""
Large_Bilateral_16T,TNG-000_MasterLayout-1,Large_Bilateral_16T,[Equation 24],Equation,,,,,,,TRUE,"""bank_l_count"" = 8"
Large_Bilateral_16T,TNG-000_MasterLayout-1,Large_Bilateral_16T,[Equation 25],Equation,,,,,,,TRUE,"""bank_r_count"" = 8"
Large_Bilateral_16T,TNG-000_MasterLayout-1,Large_Bilateral_16T,[Equation 26],Equation,,,,,,,TRUE,"""bank_spacing_y""= 1.1"
Large_Bilateral_16T,TNG-000_MasterLayout-1,Large_Bilateral_16T,[Equation 27],Equation,,,,,,,TRUE,"""mirror_banks""= 1"
Large_Bilateral_16T,TNG-000_MasterLayout-1,Large_Bilateral_16T,[Equation 28],Equation,,,,,,,TRUE,"""t01_freq_hz""= 440 * 2 ^ ( ( ""t01_midi_note"" - 69 ) / 12 )"
Large_Bilateral_16T,TNG-000_MasterLayout-1,Large_Bilateral_16T,[Equation 29],Equation,,,,,,,TRUE,"""t01_len_in""= 8.5243695in"
Large_Bilateral_16T,TNG-000_MasterLayout-1,Large_Bilateral_16T,[Equation 30],Equation,,,,,,,TRUE,"""t01_bank""= 1"
Large_Bilateral_16T,TNG-000_MasterLayout-1,Large_Bilateral_16T,[Equation 31],Equation,,,,,,,TRUE,"""t01_scale_degree""= 1"
Large_Bilateral_16T,TNG-000_MasterLayout-1,Large_Bilateral_16T,[Equation 32],Equation,,,,,,,TRUE,"""tuning_allowance_in""= 1in"
Large_Bilateral_16T,TNG-000_MasterLayout-1,Large_Bilateral_16T,[Equation 33],Equation,,,,,,,TRUE,"""screw_size""= 0.125in"
Large_Bilateral_16T,TNG-000_MasterLayout-1,Large_Bilateral_16T,[Equation 34],Equation,,,,,,,TRUE,"""screw_clearance_in""= 0.003in"
Large_Bilateral_16T,TNG-000_MasterLayout-1,Large_Bilateral_16T,[Equation 35],Equation,,,,,,,TRUE,"""bank_r_origin_x""= ""drum_len_in"" - 2 * ""end_cap_thk_in"""
Large_Bilateral_16T,TNG-000_MasterLayout-1,Large_Bilateral_16T,[Equation 36],Equation,,,,,,,TRUE,"""bank_l_origin_x""= ""end_cap_thk_in"""
Large_Bilateral_16T,TNG-000_MasterLayout-1,Large_Bilateral_16T,[Equation 37],Equation,,,,,,,TRUE,"""freq_hz""= 440"
Large_Bilateral_16T,TNG-000_MasterLayout-1,Large_Bilateral_16T,[Equation 38],Equation,,,,,,,TRUE,"""t01_midi_note""= 60"
Large_Bilateral_16T,TNG-000_MasterLayout-1,Large_Bilateral_16T,[Equation 39],Equation,,,,,,,TRUE,"""k_imperial""= 27000"
Large_Bilateral_16T,TNG-000_MasterLayout-1,Large_Bilateral_16T,[Equation 40],Equation,,,,,,,TRUE,"""t01_est_len_in""= sqr ( ""k_imperial"" * ""top_thk_in"" / ""t01_freq_hz"" )"
Large_Bilateral_16T,TNG-000_MasterLayout-1,Large_Bilateral_16T,[Equation 41],Equation,,,,,,,TRUE,"""t02_freq_hz""= 440 * 2 ^ ( ( ""t02_midi_note"" - 69 ) / 12 )"
Large_Bilateral_16T,TNG-000_MasterLayout-1,Large_Bilateral_16T,[Equation 42],Equation,,,,,,,TRUE,"""t03_freq_hz""= 440 * 2 ^ ( ( ""t03_midi_note"" - 69 ) / 12 )"
Large_Bilateral_16T,TNG-000_MasterLayout-1,Large_Bilateral_16T,[Equation 43],Equation,,,,,,,TRUE,"""t04_freq_hz""= 440 * 2 ^ ( ( ""t04_midi_note"" - 69 ) / 12 )"
Large_Bilateral_16T,TNG-000_MasterLayout-1,Large_Bilateral_16T,[Equation 44],Equation,,,,,,,TRUE,"""t05_freq_hz""= 440 * 2 ^ ( ( ""t05_midi_note"" - 69 ) / 12 )"
Large_Bilateral_16T,TNG-000_MasterLayout-1,Large_Bilateral_16T,[Equation 45],Equation,,,,,,,TRUE,"""t06_freq_hz""= 440 * 2 ^ ( ( ""t06_midi_note"" - 69 ) / 12 )"
Large_Bilateral_16T,TNG-000_MasterLayout-1,Large_Bilateral_16T,[Equation 46],Equation,,,,,,,TRUE,"""t07_freq_hz""= 440 * 2 ^ ( ( ""t07_midi_note"" - 69 ) / 12 )"
Large_Bilateral_16T,TNG-000_MasterLayout-1,Large_Bilateral_16T,[Equation 47],Equation,,,,,,,TRUE,"""t08_freq_hz""= 440 * 2 ^ ( ( ""t08_midi_note"" - 69 ) / 12 )"
Large_Bilateral_16T,TNG-000_MasterLayout-1,Large_Bilateral_16T,[Equation 48],Equation,,,,,,,TRUE,"""t09_freq_hz""= 440 * 2 ^ ( ( ""t09_midi_note"" - 69 ) / 12 )"
Large_Bilateral_16T,TNG-000_MasterLayout-1,Large_Bilateral_16T,[Equation 49],Equation,,,,,,,TRUE,"""t10_freq_hz""= 440 * 2 ^ ( ( ""t10_midi_note"" - 69 ) / 12 )"
Large_Bilateral_16T,TNG-000_MasterLayout-1,Large_Bilateral_16T,[Equation 50],Equation,,,,,,,TRUE,"""t11_freq_hz""= 440 * 2 ^ ( ( ""t11_midi_note"" - 69 ) / 12 )"
Large_Bilateral_16T,TNG-000_MasterLayout-1,Large_Bilateral_16T,[Equation 51],Equation,,,,,,,TRUE,"""t12_freq_hz""= 440 * 2 ^ ( ( ""t12_midi_note"" - 69 ) / 12 )"
Large_Bilateral_16T,TNG-000_MasterLayout-1,Large_Bilateral_16T,[Equation 52],Equation,,,,,,,TRUE,"""t13_freq_hz""= 440 * 2 ^ ( ( ""t13_midi_note"" - 69 ) / 12 )"
Large_Bilateral_16T,TNG-000_MasterLayout-1,Large_Bilateral_16T,[Equation 53],Equation,,,,,,,TRUE,"""t14_freq_hz""= 440 * 2 ^ ( ( ""t14_midi_note"" - 69 ) / 12 )"
Large_Bilateral_16T,TNG-000_MasterLayout-1,Large_Bilateral_16T,[Equation 54],Equation,,,,,,,TRUE,"""t15_freq_hz""= 440 * 2 ^ ( ( ""t15_midi_note"" - 69 ) / 12 )"
Large_Bilateral_16T,TNG-000_MasterLayout-1,Large_Bilateral_16T,[Equation 55],Equation,,,,,,,TRUE,"""t02_len_in"" = 8.6in"
Large_Bilateral_16T,TNG-000_MasterLayout-1,Large_Bilateral_16T,[Equation 56],Equation,,,,,,,TRUE,"""t03_len_in""=6in"
Large_Bilateral_16T,TNG-000_MasterLayout-1,Large_Bilateral_16T,[Equation 57],Equation,,,,,,,TRUE,"""t04_len_in""=5.9in"
Large_Bilateral_16T,TNG-000_MasterLayout-1,Large_Bilateral_16T,[Equation 58],Equation,,,,,,,TRUE,"""t05_len_in""= 6.3in"
Large_Bilateral_16T,TNG-000_MasterLayout-1,Large_Bilateral_16T,[Equation 59],Equation,,,,,,,TRUE,"""t06_len_in"" = 8in"
Large_Bilateral_16T,TNG-000_MasterLayout-1,Large_Bilateral_16T,[Equation 60],Equation,,,,,,,TRUE,"""t07_len_in"" = 10in"
Large_Bilateral_16T,TNG-000_MasterLayout-1,Large_Bilateral_16T,[Equation 61],Equation,,,,,,,TRUE,"""t08_len_in"" = 10in"
Large_Bilateral_16T,TNG-000_MasterLayout-1,Large_Bilateral_16T,[Equation 62],Equation,,,,,,,TRUE,"""t09_len_in"" = 10in"
Large_Bilateral_16T,TNG-000_MasterLayout-1,Large_Bilateral_16T,[Equation 63],Equation,,,,,,,TRUE,"""t10_len_in"" = 10in"
Large_Bilateral_16T,TNG-000_MasterLayout-1,Large_Bilateral_16T,[Equation 64],Equation,,,,,,,TRUE,"""t11_len_in"" = 10in"
Large_Bilateral_16T,TNG-000_MasterLayout-1,Large_Bilateral_16T,[Equation 65],Equation,,,,,,,TRUE,"""t12_len_in"" = 10in"
Large_Bilateral_16T,TNG-000_MasterLayout-1,Large_Bilateral_16T,[Equation 66],Equation,,,,,,,TRUE,"""t13_len_in"" = 10in"
Large_Bilateral_16T,TNG-000_MasterLayout-1,Large_Bilateral_16T,[Equation 67],Equation,,,,,,,TRUE,"""t14_len_in"" = 10in"
Large_Bilateral_16T,TNG-000_MasterLayout-1,Large_Bilateral_16T,[Equation 68],Equation,,,,,,,TRUE,"""t15_len_in"" = 10in"
Large_Bilateral_16T,TNG-000_MasterLayout-1,Large_Bilateral_16T,[Equation 69],Equation,,,,,,,TRUE,"""t16_len_in"" = 10in"
Large_Bilateral_16T,TNG-000_MasterLayout-1,Large_Bilateral_16T,[Equation 70],Equation,,,,,,,TRUE,"""t02_bank""= 1"
Large_Bilateral_16T,TNG-000_MasterLayout-1,Large_Bilateral_16T,[Equation 71],Equation,,,,,,,TRUE,"""t03_bank""= 1"
Large_Bilateral_16T,TNG-000_MasterLayout-1,Large_Bilateral_16T,[Equation 72],Equation,,,,,,,TRUE,"""t04_bank""= 1"
Large_Bilateral_16T,TNG-000_MasterLayout-1,Large_Bilateral_16T,[Equation 73],Equation,,,,,,,TRUE,"""t05_bank""=1"
Large_Bilateral_16T,TNG-000_MasterLayout-1,Large_Bilateral_16T,[Equation 74],Equation,,,,,,,TRUE,"""t06_bank""=1"
Large_Bilateral_16T,TNG-000_MasterLayout-1,Large_Bilateral_16T,[Equation 75],Equation,,,,,,,TRUE,"""t07_bank"" = 1"
Large_Bilateral_16T,TNG-000_MasterLayout-1,Large_Bilateral_16T,[Equation 76],Equation,,,,,,,TRUE,"""t08_bank"" = 1"
Large_Bilateral_16T,TNG-000_MasterLayout-1,Large_Bilateral_16T,[Equation 77],Equation,,,,,,,TRUE,"""t09_bank"" = 2"
Large_Bilateral_16T,TNG-000_MasterLayout-1,Large_Bilateral_16T,[Equation 78],Equation,,,,,,,TRUE,"""t10_bank"" = 2"
Large_Bilateral_16T,TNG-000_MasterLayout-1,Large_Bilateral_16T,[Equation 79],Equation,,,,,,,TRUE,"""t11_bank"" = 2"
Large_Bilateral_16T,TNG-000_MasterLayout-1,Large_Bilateral_16T,[Equation 80],Equation,,,,,,,TRUE,"""t12_bank"" = 2"
Large_Bilateral_16T,TNG-000_MasterLayout-1,Large_Bilateral_16T,[Equation 81],Equation,,,,,,,TRUE,"""t13_bank"" = 2"
Large_Bilateral_16T,TNG-000_MasterLayout-1,Large_Bilateral_16T,[Equation 82],Equation,,,,,,,TRUE,"""t14_bank"" = 2"
Large_Bilateral_16T,TNG-000_MasterLayout-1,Large_Bilateral_16T,[Equation 83],Equation,,,,,,,TRUE,"""t15_bank"" = 2"
Large_Bilateral_16T,TNG-000_MasterLayout-1,Large_Bilateral_16T,[Equation 84],Equation,,,,,,,TRUE,"""t16_bank"" = 2"
Large_Bilateral_16T,TNG-000_MasterLayout-1,Large_Bilateral_16T,[Equation 85],Equation,,,,,,,FALSE,"""drum_len_in_sketch@SK_OUTER_BOX""= ""drum_len_in"""
Large_Bilateral_16T,TNG-000_MasterLayout-1,Large_Bilateral_16T,[Equation 86],Equation,,,,,,,FALSE,"""drum_wid_in@SK_OUTER_BOX""= ""drum_wid_in"""
Large_Bilateral_16T,TNG-000_MasterLayout-1,Large_Bilateral_16T,[Equation 87],Equation,,,,,,,FALSE,"""side_thk_in_sketch@SK_CAVITY""= ""side_thk_in"""
Large_Bilateral_16T,TNG-000_MasterLayout-1,Large_Bilateral_16T,[Equation 88],Equation,,,,,,,FALSE,"""end_cap_thk_in_sketch@SK_CAVITY""= ""end_cap_thk_in"""
Large_Bilateral_16T,TNG-000_MasterLayout-1,Large_Bilateral_16T,[Equation 89],Equation,,,,,,,FALSE,"""cavity_hgt_in@SK_HEIGHT_STACK""= ""cavity_hgt_in"""
Large_Bilateral_16T,TNG-000_MasterLayout-1,Large_Bilateral_16T,[Equation 90],Equation,,,,,,,FALSE,"""top_thk_in_sketch@SK_HEIGHT_STACK"" = ""top_thk_in"""
Large_Bilateral_16T,TNG-000_MasterLayout-1,Large_Bilateral_16T,[Equation 91],Equation,,,,,,,FALSE,"""bottom_thk_in_sketch@SK_HEIGHT_STACK""= ""bottom_thk_in"""
Large_Bilateral_16T,TNG-000_MasterLayout-1,Large_Bilateral_16T,[Equation 92],Equation,,,,,,,FALSE,"""port_dia_in@SK_PORT""= ""port_dia_in"""
Large_Bilateral_16T,TNG-000_MasterLayout-1,Large_Bilateral_16T,[Equation 93],Equation,,,,,,,FALSE,"""foot_dia@SK_FEET""= ""foot_dia_in"""
Large_Bilateral_16T,TNG-000_MasterLayout-1,Large_Bilateral_16T,[Equation 94],Equation,,,,,,,TRUE,"""t02_midi_note""= 61"
Large_Bilateral_16T,TNG-000_MasterLayout-1,Large_Bilateral_16T,[Equation 95],Equation,,,,,,,TRUE,"""t03_midi_note""= 62"
Large_Bilateral_16T,TNG-000_MasterLayout-1,Large_Bilateral_16T,[Equation 96],Equation,,,,,,,TRUE,"""t04_midi_note""= 64"
Large_Bilateral_16T,TNG-000_MasterLayout-1,Large_Bilateral_16T,[Equation 97],Equation,,,,,,,TRUE,"""t05_midi_note""= 67"
Large_Bilateral_16T,TNG-000_MasterLayout-1,Large_Bilateral_16T,[Equation 98],Equation,,,,,,,TRUE,"""t06_midi_note""= 70"
Large_Bilateral_16T,TNG-000_MasterLayout-1,Large_Bilateral_16T,[Equation 99],Equation,,,,,,,TRUE,"""t07_midi_note"" = 77"
Large_Bilateral_16T,TNG-000_MasterLayout-1,Large_Bilateral_16T,[Equation 100],Equation,,,,,,,TRUE,"""t08_midi_note"" = 79"
Large_Bilateral_16T,TNG-000_MasterLayout-1,Large_Bilateral_16T,[Equation 101],Equation,,,,,,,TRUE,"""t09_midi_note"" = 80"
Large_Bilateral_16T,TNG-000_MasterLayout-1,Large_Bilateral_16T,[Equation 102],Equation,,,,,,,TRUE,"""t10_midi_note"" = 85"
Large_Bilateral_16T,TNG-000_MasterLayout-1,Large_Bilateral_16T,[Equation 103],Equation,,,,,,,TRUE,"""t11_midi_note"" = 87"
Large_Bilateral_16T,TNG-000_MasterLayout-1,Large_Bilateral_16T,[Equation 104],Equation,,,,,,,TRUE,"""t12_midi_note"" = 89"
Large_Bilateral_16T,TNG-000_MasterLayout-1,Large_Bilateral_16T,[Equation 105],Equation,,,,,,,TRUE,"""t13_midi_note"" = 90"
Large_Bilateral_16T,TNG-000_MasterLayout-1,Large_Bilateral_16T,[Equation 106],Equation,,,,,,,TRUE,"""t14_midi_note"" = 92"
Large_Bilateral_16T,TNG-000_MasterLayout-1,Large_Bilateral_16T,[Equation 107],Equation,,,,,,,TRUE,"""t15_midi_note"" = 94"
Large_Bilateral_16T,TNG-000_MasterLayout-1,Large_Bilateral_16T,[Equation 108],Equation,,,,,,,TRUE,"""t16_midi_note"" = 96"
Large_Bilateral_16T,TNG-000_MasterLayout-1,Large_Bilateral_16T,[Equation 109],Equation,,,,,,,TRUE,"""t16_freq_hz""= 440 * 2 ^ ( ( ""t16_midi_note"" - 69 ) / 12 )"
Large_Bilateral_16T,TNG-000_MasterLayout-1,Large_Bilateral_16T,[Equation 110],Equation,,,,,,,TRUE,"""foot_inset_in""= 1.8in"
Large_Bilateral_16T,TNG-000_MasterLayout-1,Large_Bilateral_16T,[Equation 111],Equation,,,,,,,TRUE,"""foot_screw_hole_dia_in""= 0.129in"
Large_Bilateral_16T,TNG-000_MasterLayout-1,Large_Bilateral_16T,[Equation 112],Equation,,,,,,,FALSE,"""foot_setting@SK_FEET""= ""foot_inset_in"""
Large_Bilateral_16T,TNG-000_MasterLayout-1,Large_Bilateral_16T,[Equation 113],Equation,,,,,,,FALSE,"""screw_hole@SK_FEET""= ""screw_size"""
Large_Bilateral_16T,TNG-000_MasterLayout-1,Large_Bilateral_16T,[Equation 114],Equation,,,,,,,TRUE,"""t01_wid"" = 1in"
Large_Bilateral_16T,TNG-000_MasterLayout-1,Large_Bilateral_16T,[Equation 115],Equation,,,,,,,TRUE,"""t02_wid"" = 1in"
Large_Bilateral_16T,TNG-000_MasterLayout-1,Large_Bilateral_16T,[Equation 116],Equation,,,,,,,TRUE,"""t03_wid"" = 1in"
Large_Bilateral_16T,TNG-000_MasterLayout-1,Large_Bilateral_16T,[Equation 117],Equation,,,,,,,TRUE,"""t04_wid""= 0.87in"
Large_Bilateral_16T,TNG-000_MasterLayout-1,Large_Bilateral_16T,[Equation 118],Equation,,,,,,,TRUE,"""t05_wid"" = 1in"
Large_Bilateral_16T,TNG-000_MasterLayout-1,Large_Bilateral_16T,[Equation 119],Equation,,,,,,,TRUE,"""t06_wid"" = 1in"
Large_Bilateral_16T,TNG-000_MasterLayout-1,Large_Bilateral_16T,[Equation 120],Equation,,,,,,,TRUE,"""t07_wid"" = 1in"
Large_Bilateral_16T,TNG-000_MasterLayout-1,Large_Bilateral_16T,[Equation 121],Equation,,,,,,,TRUE,"""t08_wid"" = 1in"
Large_Bilateral_16T,TNG-000_MasterLayout-1,Large_Bilateral_16T,[Equation 122],Equation,,,,,,,TRUE,"""t09_wid"" = 1in"
Large_Bilateral_16T,TNG-000_MasterLayout-1,Large_Bilateral_16T,[Equation 123],Equation,,,,,,,TRUE,"""t10_wid"" = 1in"
Large_Bilateral_16T,TNG-000_MasterLayout-1,Large_Bilateral_16T,[Equation 124],Equation,,,,,,,TRUE,"""t11_wid"" = 1in"
Large_Bilateral_16T,TNG-000_MasterLayout-1,Large_Bilateral_16T,[Equation 125],Equation,,,,,,,TRUE,"""t12_wid"" = 1in"
Large_Bilateral_16T,TNG-000_MasterLayout-1,Large_Bilateral_16T,[Equation 126],Equation,,,,,,,TRUE,"""t13_wid"" = 1in"
Large_Bilateral_16T,TNG-000_MasterLayout-1,Large_Bilateral_16T,[Equation 127],Equation,,,,,,,TRUE,"""t14_wid"" = 1in"
Large_Bilateral_16T,TNG-000_MasterLayout-1,Large_Bilateral_16T,[Equation 128],Equation,,,,,,,TRUE,"""t16_wid"" = 1in"
Large_Bilateral_16T,TNG-000_MasterLayout-1,Large_Bilateral_16T,[Equation 129],Equation,,,,,,,TRUE,"""t15_wid""= 0in"
Large_Bilateral_16T,TNG-000_MasterLayout-1,Large_Bilateral_16T,[Equation 130],Equation,,,,,,,TRUE,"""r_tong_bank""=2.16066"
Large_Bilateral_16T,TNG-000_MasterLayout-1,Large_Bilateral_16T,[Equation 131],Equation,,,,,,,TRUE,"""l_tong_bank""=2.4"
Large_Bilateral_14T,TNG-000_MasterLayout-1,Large_Bilateral_14T,SK_OUTER_BOX,ProfileFeature,drum_len_in_sketch@SK_OUTER_BOX@TNG-000_MasterLayout.Part,584.2000,23.0000,N/A,TRUE,FALSE,FALSE,
Large_Bilateral_14T,TNG-000_MasterLayout-1,Large_Bilateral_14T,SK_OUTER_BOX,ProfileFeature,drum_wid_in@SK_OUTER_BOX@TNG-000_MasterLayout.Part,228.6000,9.0000,N/A,TRUE,FALSE,FALSE,
Large_Bilateral_14T,TNG-000_MasterLayout-1,Large_Bilateral_14T,SK_CAVITY,ProfileFeature,end_cap_thk_in_sketch@SK_CAVITY@TNG-000_MasterLayout.Part,12.7000,0.5000,N/A,TRUE,FALSE,FALSE,
Large_Bilateral_14T,TNG-000_MasterLayout-1,Large_Bilateral_14T,SK_CAVITY,ProfileFeature,side_thk_in_sketch@SK_CAVITY@TNG-000_MasterLayout.Part,12.7000,0.5000,N/A,TRUE,FALSE,FALSE,
Large_Bilateral_14T,TNG-000_MasterLayout-1,Large_Bilateral_14T,SK_HEIGHT_STACK,ProfileFeature,top_thk_in_sketch@SK_HEIGHT_STACK@TNG-000_MasterLayout.Part,12.7000,0.5000,N/A,TRUE,FALSE,FALSE,
Large_Bilateral_14T,TNG-000_MasterLayout-1,Large_Bilateral_14T,SK_HEIGHT_STACK,ProfileFeature,bottom_thk_in_sketch@SK_HEIGHT_STACK@TNG-000_MasterLayout.Part,12.7000,0.5000,N/A,TRUE,FALSE,FALSE,
Large_Bilateral_14T,TNG-000_MasterLayout-1,Large_Bilateral_14T,SK_HEIGHT_STACK,ProfileFeature,cavity_hgt_in@SK_HEIGHT_STACK@TNG-000_MasterLayout.Part,177.8000,7.0000,N/A,TRUE,FALSE,FALSE,
Large_Bilateral_14T,TNG-000_MasterLayout-1,Large_Bilateral_14T,SK_PORT,ProfileFeature,port_dia_in@SK_PORT@TNG-000_MasterLayout.Part,38.1000,1.5000,N/A,TRUE,FALSE,FALSE,
Large_Bilateral_14T,TNG-000_MasterLayout-1,Large_Bilateral_14T,SK_FEET,ProfileFeature,foot_dia@SK_FEET@TNG-000_MasterLayout.Part,31.7500,1.2500,N/A,TRUE,FALSE,FALSE,
Large_Bilateral_14T,TNG-000_MasterLayout-1,Large_Bilateral_14T,SK_FEET,ProfileFeature,foot_setting@SK_FEET@TNG-000_MasterLayout.Part,45.7200,1.8000,N/A,TRUE,FALSE,FALSE,
Large_Bilateral_14T,TNG-000_MasterLayout-1,Large_Bilateral_14T,SK_FEET,ProfileFeature,screw_hole@SK_FEET@TNG-000_MasterLayout.Part,3.1750,0.1250,N/A,TRUE,FALSE,FALSE,
Large_Bilateral_14T,TNG-000_MasterLayout-1,Large_Bilateral_14T,SK_TONGUE_BANKS,ProfileFeature,D1@SK_TONGUE_BANKS@TNG-000_MasterLayout.Part,60.9600,2.4000,N/A,FALSE,FALSE,FALSE,
Large_Bilateral_14T,TNG-000_MasterLayout-1,Large_Bilateral_14T,SK_TONGUE_BANKS,ProfileFeature,D2@SK_TONGUE_BANKS@TNG-000_MasterLayout.Part,60.9600,2.4000,N/A,FALSE,FALSE,FALSE,
Large_Bilateral_14T,TNG-000_MasterLayout-1,Large_Bilateral_14T,T01_6TMagazineBaseline,ProfileFeature,D1@T01_6TMagazineBaseline@TNG-000_MasterLayout.Part,22.0980,0.8700,N/A,FALSE,FALSE,FALSE,
Large_Bilateral_14T,TNG-000_MasterLayout-1,Large_Bilateral_14T,T01_6TMagazineBaseline,ProfileFeature,D2@T01_6TMagazineBaseline@TNG-000_MasterLayout.Part,216.5190,8.5244,N/A,FALSE,FALSE,FALSE,
Large_Bilateral_14T,TNG-000_MasterLayout-1,Large_Bilateral_14T,T01_6TMagazineBaseline,ProfileFeature,D3@T01_6TMagazineBaseline@TNG-000_MasterLayout.Part,60.9600,2.4000,N/A,FALSE,FALSE,FALSE,
Large_Bilateral_14T,TNG-000_MasterLayout-1,Large_Bilateral_14T,T01_6TMagazineBaseline,ProfileFeature,D4@T01_6TMagazineBaseline@TNG-000_MasterLayout.Part,6.2611,0.2465,N/A,FALSE,FALSE,FALSE,
Large_Bilateral_14T,TNG-000_MasterLayout-1,Large_Bilateral_14T,T01_6TMagazineBaseline,ProfileFeature,D5@T01_6TMagazineBaseline@TNG-000_MasterLayout.Part,15.7141,0.6187,N/A,FALSE,FALSE,FALSE,
Large_Bilateral_14T,TNG-000_MasterLayout-1,Large_Bilateral_14T,T01_6TMagazineBaseline,ProfileFeature,D6@T01_6TMagazineBaseline@TNG-000_MasterLayout.Part,11.8257,0.4656,N/A,FALSE,FALSE,FALSE,
Large_Bilateral_14T,TNG-000_MasterLayout-1,Large_Bilateral_14T,T01_6TMagazineBaseline,ProfileFeature,D7@T01_6TMagazineBaseline@TNG-000_MasterLayout.Part,4.7873,0.1885,N/A,FALSE,FALSE,FALSE,
Large_Bilateral_14T,TNG-000_MasterLayout-1,Large_Bilateral_14T,T01_6TMagazineBaseline,ProfileFeature,D8@T01_6TMagazineBaseline@TNG-000_MasterLayout.Part,5.5875,0.2200,N/A,FALSE,FALSE,FALSE,
Large_Bilateral_14T,TNG-000_MasterLayout-1,Large_Bilateral_14T,T01_6TMagazineBaseline,ProfileFeature,D9@T01_6TMagazineBaseline@TNG-000_MasterLayout.Part,6.7466,0.2656,N/A,FALSE,FALSE,FALSE,
Large_Bilateral_14T,TNG-000_MasterLayout-1,Large_Bilateral_14T,T01_6TMagazineBaseline,ProfileFeature,D10@T01_6TMagazineBaseline@TNG-000_MasterLayout.Part,6.5945,0.2596,N/A,FALSE,FALSE,FALSE,
Large_Bilateral_14T,TNG-000_MasterLayout-1,Large_Bilateral_14T,T01_6TMagazineBaseline,ProfileFeature,D11@T01_6TMagazineBaseline@TNG-000_MasterLayout.Part,6.5077,0.2562,N/A,FALSE,FALSE,FALSE,
Large_Bilateral_14T,TNG-000_MasterLayout-1,Large_Bilateral_14T,T01_6TMagazineBaseline,ProfileFeature,D12@T01_6TMagazineBaseline@TNG-000_MasterLayout.Part,5.7544,0.2266,N/A,FALSE,FALSE,FALSE,
Large_Bilateral_14T,TNG-000_MasterLayout-1,Large_Bilateral_14T,T01_6TMagazineBaseline,ProfileFeature,D13@T01_6TMagazineBaseline@TNG-000_MasterLayout.Part,14.6706,0.5776,N/A,FALSE,FALSE,FALSE,
Large_Bilateral_14T,TNG-000_MasterLayout-1,Large_Bilateral_14T,T01_6TMagazineBaseline,ProfileFeature,D14@T01_6TMagazineBaseline@TNG-000_MasterLayout.Part,11.7242,0.4616,N/A,FALSE,FALSE,FALSE,
Large_Bilateral_14T,TNG-000_MasterLayout-1,Large_Bilateral_14T,T01_6TMagazineBaseline,ProfileFeature,D15@T01_6TMagazineBaseline@TNG-000_MasterLayout.Part,6.8136,0.2683,N/A,FALSE,FALSE,FALSE,
Large_Bilateral_14T,TNG-000_MasterLayout-1,Large_Bilateral_14T,T01_6TMagazineBaseline,ProfileFeature,D16@T01_6TMagazineBaseline@TNG-000_MasterLayout.Part,3.9899,0.1571,N/A,FALSE,FALSE,FALSE,
Large_Bilateral_14T,TNG-000_MasterLayout-1,Large_Bilateral_14T,T01_6TMagazineBaseline,ProfileFeature,D17@T01_6TMagazineBaseline@TNG-000_MasterLayout.Part,1.7187,0.0677,N/A,FALSE,FALSE,FALSE,
Large_Bilateral_14T,TNG-000_MasterLayout-1,Large_Bilateral_14T,T01_6TMagazineBaseline,ProfileFeature,D18@T01_6TMagazineBaseline@TNG-000_MasterLayout.Part,8.3002,0.3268,N/A,FALSE,FALSE,FALSE,
Large_Bilateral_14T,TNG-000_MasterLayout-1,Large_Bilateral_14T,T01_6TMagazineBaseline,ProfileFeature,D19@T01_6TMagazineBaseline@TNG-000_MasterLayout.Part,13.4312,0.5288,N/A,FALSE,FALSE,FALSE,
Large_Bilateral_14T,TNG-000_MasterLayout-1,Large_Bilateral_14T,T01_6TMagazineBaseline,ProfileFeature,D20@T01_6TMagazineBaseline@TNG-000_MasterLayout.Part,15.1542,0.5966,N/A,FALSE,FALSE,FALSE,
Large_Bilateral_14T,TNG-000_MasterLayout-1,Large_Bilateral_14T,T01_6TMagazineBaseline,ProfileFeature,D21@T01_6TMagazineBaseline@TNG-000_MasterLayout.Part,201.1677,7.9200,N/A,FALSE,FALSE,FALSE,
Large_Bilateral_14T,TNG-000_MasterLayout-1,Large_Bilateral_14T,T01_6TMagazineBaseline,ProfileFeature,D22@T01_6TMagazineBaseline@TNG-000_MasterLayout.Part,16.1507,0.6359,N/A,FALSE,FALSE,FALSE,
Large_Bilateral_14T,TNG-000_MasterLayout-1,Large_Bilateral_14T,T01_6TMagazineBaseline,ProfileFeature,D23@T01_6TMagazineBaseline@TNG-000_MasterLayout.Part,94.6563,3.7266,N/A,FALSE,FALSE,FALSE,
Large_Bilateral_14T,TNG-000_MasterLayout-1,Large_Bilateral_14T,T01_6TMagazineBaseline,ProfileFeature,D24@T01_6TMagazineBaseline@TNG-000_MasterLayout.Part,18.6970,0.7361,N/A,FALSE,FALSE,FALSE,
Large_Bilateral_14T,TNG-000_MasterLayout-1,Large_Bilateral_14T,T01_6TMagazineBaseline,ProfileFeature,D25@T01_6TMagazineBaseline@TNG-000_MasterLayout.Part,15.3513,0.6044,N/A,FALSE,FALSE,FALSE,
Large_Bilateral_14T,TNG-000_MasterLayout-1,Large_Bilateral_14T,T01_6TMagazineBaseline,ProfileFeature,D26@T01_6TMagazineBaseline@TNG-000_MasterLayout.Part,9.1212,0.3591,N/A,FALSE,FALSE,FALSE,
Large_Bilateral_14T,TNG-000_MasterLayout-1,Large_Bilateral_14T,T02_6TMagazineBaseline,ProfileFeature,D1@T02_6TMagazineBaseline@TNG-000_MasterLayout.Part,60.9600,2.4000,N/A,FALSE,FALSE,FALSE,
Large_Bilateral_14T,TNG-000_MasterLayout-1,Large_Bilateral_14T,T02_6TMagazineBaseline,ProfileFeature,D3@T02_6TMagazineBaseline@TNG-000_MasterLayout.Part,25.4000,1.0000,N/A,FALSE,FALSE,FALSE,
Large_Bilateral_14T,TNG-000_MasterLayout-1,Large_Bilateral_14T,T02_6TMagazineBaseline,ProfileFeature,D4@T02_6TMagazineBaseline@TNG-000_MasterLayout.Part,171.4500,6.7500,N/A,FALSE,FALSE,FALSE,
Large_Bilateral_14T,TNG-000_MasterLayout-1,Large_Bilateral_14T,T02_6TMagazineBaseline,ProfileFeature,D2@T02_6TMagazineBaseline@TNG-000_MasterLayout.Part,1.7780,0.0700,N/A,FALSE,FALSE,FALSE,
Large_Bilateral_14T,TNG-000_MasterLayout-1,Large_Bilateral_14T,T03_6TMagazineBaseline,ProfileFeature,D1@T03_6TMagazineBaseline@TNG-000_MasterLayout.Part,22.0980,0.8700,N/A,FALSE,FALSE,FALSE,
Large_Bilateral_14T,TNG-000_MasterLayout-1,Large_Bilateral_14T,T03_6TMagazineBaseline,ProfileFeature,D2@T03_6TMagazineBaseline@TNG-000_MasterLayout.Part,216.6791,8.5307,N/A,FALSE,FALSE,FALSE,
Large_Bilateral_14T,TNG-000_MasterLayout-1,Large_Bilateral_14T,T03_6TMagazineBaseline,ProfileFeature,D3@T03_6TMagazineBaseline@TNG-000_MasterLayout.Part,1.8543,0.0730,N/A,FALSE,FALSE,FALSE,
Large_Bilateral_14T,TNG-000_MasterLayout-1,Large_Bilateral_14T,T03_6TMagazineBaseline,ProfileFeature,D4@T03_6TMagazineBaseline@TNG-000_MasterLayout.Part,9.7584,0.3842,N/A,FALSE,FALSE,FALSE,
Large_Bilateral_14T,TNG-000_MasterLayout-1,Large_Bilateral_14T,T03_6TMagazineBaseline,ProfileFeature,D5@T03_6TMagazineBaseline@TNG-000_MasterLayout.Part,23.2011,0.9134,N/A,FALSE,FALSE,FALSE,
Large_Bilateral_14T,TNG-000_MasterLayout-1,Large_Bilateral_14T,T03_6TMagazineBaseline,ProfileFeature,D6@T03_6TMagazineBaseline@TNG-000_MasterLayout.Part,32.2938,1.2714,N/A,FALSE,FALSE,FALSE,
Large_Bilateral_14T,TNG-000_MasterLayout-1,Large_Bilateral_14T,T03_6TMagazineBaseline,ProfileFeature,D7@T03_6TMagazineBaseline@TNG-000_MasterLayout.Part,38.9813,1.5347,N/A,FALSE,FALSE,FALSE,
Large_Bilateral_14T,TNG-000_MasterLayout-1,Large_Bilateral_14T,T03_6TMagazineBaseline,ProfileFeature,D8@T03_6TMagazineBaseline@TNG-000_MasterLayout.Part,43.5023,1.7127,N/A,FALSE,FALSE,FALSE,
Large_Bilateral_14T,TNG-000_MasterLayout-1,Large_Bilateral_14T,T03_6TMagazineBaseline,ProfileFeature,D9@T03_6TMagazineBaseline@TNG-000_MasterLayout.Part,3.7332,0.1470,N/A,FALSE,FALSE,FALSE,
Large_Bilateral_14T,TNG-000_MasterLayout-1,Large_Bilateral_14T,T03_6TMagazineBaseline,ProfileFeature,D10@T03_6TMagazineBaseline@TNG-000_MasterLayout.Part,4.3043,0.1695,N/A,FALSE,FALSE,FALSE,
Large_Bilateral_14T,TNG-000_MasterLayout-1,Large_Bilateral_14T,T03_6TMagazineBaseline,ProfileFeature,D11@T03_6TMagazineBaseline@TNG-000_MasterLayout.Part,39.0245,1.5364,N/A,FALSE,FALSE,FALSE,
Large_Bilateral_14T,TNG-000_MasterLayout-1,Large_Bilateral_14T,T03_6TMagazineBaseline,ProfileFeature,D12@T03_6TMagazineBaseline@TNG-000_MasterLayout.Part,31.1173,1.2251,N/A,FALSE,FALSE,FALSE,
Large_Bilateral_14T,TNG-000_MasterLayout-1,Large_Bilateral_14T,T03_6TMagazineBaseline,ProfileFeature,D13@T03_6TMagazineBaseline@TNG-000_MasterLayout.Part,14.3641,0.5655,N/A,FALSE,FALSE,FALSE,
Large_Bilateral_14T,TNG-000_MasterLayout-1,Large_Bilateral_14T,T03_6TMagazineBaseline,ProfileFeature,D14@T03_6TMagazineBaseline@TNG-000_MasterLayout.Part,36.3742,1.4321,N/A,FALSE,FALSE,FALSE,
Large_Bilateral_14T,TNG-000_MasterLayout-1,Large_Bilateral_14T,T03_6TMagazineBaseline,ProfileFeature,D15@T03_6TMagazineBaseline@TNG-000_MasterLayout.Part,29.9611,1.1796,N/A,FALSE,FALSE,FALSE,
Large_Bilateral_14T,TNG-000_MasterLayout-1,Large_Bilateral_14T,T03_6TMagazineBaseline,ProfileFeature,D16@T03_6TMagazineBaseline@TNG-000_MasterLayout.Part,24.1546,0.9510,N/A,FALSE,FALSE,FALSE,
Large_Bilateral_14T,TNG-000_MasterLayout-1,Large_Bilateral_14T,T03_6TMagazineBaseline,ProfileFeature,D17@T03_6TMagazineBaseline@TNG-000_MasterLayout.Part,60.9600,2.4000,N/A,FALSE,FALSE,FALSE,
Large_Bilateral_14T,TNG-000_MasterLayout-1,Large_Bilateral_14T,T03_6TMagazineBaseline,ProfileFeature,D18@T03_6TMagazineBaseline@TNG-000_MasterLayout.Part,1.7780,0.0700,N/A,FALSE,FALSE,FALSE,
Large_Bilateral_14T,TNG-000_MasterLayout-1,Large_Bilateral_14T,T04_6TMagazineBaseline,ProfileFeature,D1@T04_6TMagazineBaseline@TNG-000_MasterLayout.Part,22.0980,0.8700,N/A,FALSE,FALSE,FALSE,
Large_Bilateral_14T,TNG-000_MasterLayout-1,Large_Bilateral_14T,T04_6TMagazineBaseline,ProfileFeature,D2@T04_6TMagazineBaseline@TNG-000_MasterLayout.Part,162.9456,6.4152,N/A,FALSE,FALSE,FALSE,
Large_Bilateral_14T,TNG-000_MasterLayout-1,Large_Bilateral_14T,T04_6TMagazineBaseline,ProfileFeature,D3@T04_6TMagazineBaseline@TNG-000_MasterLayout.Part,6.4609,0.2544,N/A,FALSE,FALSE,FALSE,
Large_Bilateral_14T,TNG-000_MasterLayout-1,Large_Bilateral_14T,T04_6TMagazineBaseline,ProfileFeature,D4@T04_6TMagazineBaseline@TNG-000_MasterLayout.Part,11.6248,0.4577,N/A,FALSE,FALSE,FALSE,
Large_Bilateral_14T,TNG-000_MasterLayout-1,Large_Bilateral_14T,T04_6TMagazineBaseline,ProfileFeature,D5@T04_6TMagazineBaseline@TNG-000_MasterLayout.Part,16.8488,0.6633,N/A,FALSE,FALSE,FALSE,
Large_Bilateral_14T,TNG-000_MasterLayout-1,Large_Bilateral_14T,T04_6TMagazineBaseline,ProfileFeature,D6@T04_6TMagazineBaseline@TNG-000_MasterLayout.Part,23.0896,0.9090,N/A,FALSE,FALSE,FALSE,
Large_Bilateral_14T,TNG-000_MasterLayout-1,Large_Bilateral_14T,T04_6TMagazineBaseline,ProfileFeature,D7@T04_6TMagazineBaseline@TNG-000_MasterLayout.Part,27.2967,1.0747,N/A,FALSE,FALSE,FALSE,
Large_Bilateral_14T,TNG-000_MasterLayout-1,Large_Bilateral_14T,T04_6TMagazineBaseline,ProfileFeature,D8@T04_6TMagazineBaseline@TNG-000_MasterLayout.Part,29.1169,1.1463,N/A,FALSE,FALSE,FALSE,
Large_Bilateral_14T,TNG-000_MasterLayout-1,Large_Bilateral_14T,T04_6TMagazineBaseline,ProfileFeature,D9@T04_6TMagazineBaseline@TNG-000_MasterLayout.Part,29.4608,1.1599,N/A,FALSE,FALSE,FALSE,
Large_Bilateral_14T,TNG-000_MasterLayout-1,Large_Bilateral_14T,T04_6TMagazineBaseline,ProfileFeature,D10@T04_6TMagazineBaseline@TNG-000_MasterLayout.Part,29.8991,1.1771,N/A,FALSE,FALSE,FALSE,
Large_Bilateral_14T,TNG-000_MasterLayout-1,Large_Bilateral_14T,T04_6TMagazineBaseline,ProfileFeature,D11@T04_6TMagazineBaseline@TNG-000_MasterLayout.Part,29.9987,1.1811,N/A,FALSE,FALSE,FALSE,
Large_Bilateral_14T,TNG-000_MasterLayout-1,Large_Bilateral_14T,T04_6TMagazineBaseline,ProfileFeature,D12@T04_6TMagazineBaseline@TNG-000_MasterLayout.Part,29.8798,1.1764,N/A,FALSE,FALSE,FALSE,
Large_Bilateral_14T,TNG-000_MasterLayout-1,Large_Bilateral_14T,T04_6TMagazineBaseline,ProfileFeature,D13@T04_6TMagazineBaseline@TNG-000_MasterLayout.Part,29.6160,1.1660,N/A,FALSE,FALSE,FALSE,
Large_Bilateral_14T,TNG-000_MasterLayout-1,Large_Bilateral_14T,T04_6TMagazineBaseline,ProfileFeature,D14@T04_6TMagazineBaseline@TNG-000_MasterLayout.Part,28.6892,1.1295,N/A,FALSE,FALSE,FALSE,
Large_Bilateral_14T,TNG-000_MasterLayout-1,Large_Bilateral_14T,T04_6TMagazineBaseline,ProfileFeature,D16@T04_6TMagazineBaseline@TNG-000_MasterLayout.Part,25.5516,1.0060,N/A,FALSE,FALSE,FALSE,
Large_Bilateral_14T,TNG-000_MasterLayout-1,Large_Bilateral_14T,T04_6TMagazineBaseline,ProfileFeature,D17@T04_6TMagazineBaseline@TNG-000_MasterLayout.Part,22.2256,0.8750,N/A,FALSE,FALSE,FALSE,
Large_Bilateral_14T,TNG-000_MasterLayout-1,Large_Bilateral_14T,T04_6TMagazineBaseline,ProfileFeature,D15@T04_6TMagazineBaseline@TNG-000_MasterLayout.Part,35.0089,1.3783,N/A,FALSE,FALSE,FALSE,
Large_Bilateral_14T,TNG-000_MasterLayout-1,Large_Bilateral_14T,T04_6TMagazineBaseline,ProfileFeature,D18@T04_6TMagazineBaseline@TNG-000_MasterLayout.Part,34.1892,1.3460,N/A,FALSE,FALSE,FALSE,
Large_Bilateral_14T,TNG-000_MasterLayout-1,Large_Bilateral_14T,T04_6TMagazineBaseline,ProfileFeature,D19@T04_6TMagazineBaseline@TNG-000_MasterLayout.Part,32.1428,1.2655,N/A,FALSE,FALSE,FALSE,
Large_Bilateral_14T,TNG-000_MasterLayout-1,Large_Bilateral_14T,T04_6TMagazineBaseline,ProfileFeature,D20@T04_6TMagazineBaseline@TNG-000_MasterLayout.Part,25.0566,0.9865,N/A,FALSE,FALSE,FALSE,
Large_Bilateral_14T,TNG-000_MasterLayout-1,Large_Bilateral_14T,T04_6TMagazineBaseline,ProfileFeature,D21@T04_6TMagazineBaseline@TNG-000_MasterLayout.Part,16.0922,0.6336,N/A,FALSE,FALSE,FALSE,
Large_Bilateral_14T,TNG-000_MasterLayout-1,Large_Bilateral_14T,T04_6TMagazineBaseline,ProfileFeature,D22@T04_6TMagazineBaseline@TNG-000_MasterLayout.Part,34.8806,1.3733,N/A,FALSE,FALSE,FALSE,
Large_Bilateral_14T,TNG-000_MasterLayout-1,Large_Bilateral_14T,T04_6TMagazineBaseline,ProfileFeature,D23@T04_6TMagazineBaseline@TNG-000_MasterLayout.Part,38.3927,1.5115,N/A,FALSE,FALSE,FALSE,
Large_Bilateral_14T,TNG-000_MasterLayout-1,Large_Bilateral_14T,T04_6TMagazineBaseline,ProfileFeature,D24@T04_6TMagazineBaseline@TNG-000_MasterLayout.Part,13.7170,0.5400,N/A,FALSE,FALSE,FALSE,
Large_Bilateral_14T,TNG-000_MasterLayout-1,Large_Bilateral_14T,T04_6TMagazineBaseline,ProfileFeature,D25@T04_6TMagazineBaseline@TNG-000_MasterLayout.Part,40.9528,1.6123,N/A,FALSE,FALSE,FALSE,
Large_Bilateral_14T,TNG-000_MasterLayout-1,Large_Bilateral_14T,T04_6TMagazineBaseline,ProfileFeature,D28@T04_6TMagazineBaseline@TNG-000_MasterLayout.Part,6.9078,0.2720,N/A,FALSE,FALSE,FALSE,
Large_Bilateral_14T,TNG-000_MasterLayout-1,Large_Bilateral_14T,T04_6TMagazineBaseline,ProfileFeature,D29@T04_6TMagazineBaseline@TNG-000_MasterLayout.Part,23.0948,0.9092,N/A,FALSE,FALSE,FALSE,
Large_Bilateral_14T,TNG-000_MasterLayout-1,Large_Bilateral_14T,T04_6TMagazineBaseline,ProfileFeature,D30@T04_6TMagazineBaseline@TNG-000_MasterLayout.Part,29.6621,1.1678,N/A,FALSE,FALSE,FALSE,
Large_Bilateral_14T,TNG-000_MasterLayout-1,Large_Bilateral_14T,T04_6TMagazineBaseline,ProfileFeature,D31@T04_6TMagazineBaseline@TNG-000_MasterLayout.Part,36.7066,1.4451,N/A,FALSE,FALSE,FALSE,
Large_Bilateral_14T,TNG-000_MasterLayout-1,Large_Bilateral_14T,T04_6TMagazineBaseline,ProfileFeature,D32@T04_6TMagazineBaseline@TNG-000_MasterLayout.Part,3.4422,0.1355,N/A,FALSE,FALSE,FALSE,
Large_Bilateral_14T,TNG-000_MasterLayout-1,Large_Bilateral_14T,T04_6TMagazineBaseline,ProfileFeature,D27@T04_6TMagazineBaseline@TNG-000_MasterLayout.Part,1.7780,0.0700,N/A,FALSE,FALSE,FALSE,
Large_Bilateral_14T,TNG-000_MasterLayout-1,Large_Bilateral_14T,T04_6TMagazineBaseline,ProfileFeature,D26@T04_6TMagazineBaseline@TNG-000_MasterLayout.Part,60.9600,2.4000,N/A,FALSE,FALSE,FALSE,
Large_Bilateral_14T,TNG-000_MasterLayout-1,Large_Bilateral_14T,T04_6TMagazineBaseline,ProfileFeature,D33@T04_6TMagazineBaseline@TNG-000_MasterLayout.Part,72.8381,2.8676,N/A,FALSE,FALSE,FALSE,
Large_Bilateral_14T,TNG-000_MasterLayout-1,Large_Bilateral_14T,T04_6TMagazineBaseline,ProfileFeature,D34@T04_6TMagazineBaseline@TNG-000_MasterLayout.Part,26.8973,1.0589,N/A,FALSE,FALSE,FALSE,
Large_Bilateral_14T,TNG-000_MasterLayout-1,Large_Bilateral_14T,T05_6TMagazineBaseline,ProfileFeature,D1@T05_6TMagazineBaseline@TNG-000_MasterLayout.Part,22.0980,0.8700,N/A,FALSE,FALSE,FALSE,
Large_Bilateral_14T,TNG-000_MasterLayout-1,Large_Bilateral_14T,T05_6TMagazineBaseline,ProfileFeature,D2@T05_6TMagazineBaseline@TNG-000_MasterLayout.Part,60.9600,2.4000,N/A,FALSE,FALSE,FALSE,
Large_Bilateral_14T,TNG-000_MasterLayout-1,Large_Bilateral_14T,T05_6TMagazineBaseline,ProfileFeature,D3@T05_6TMagazineBaseline@TNG-000_MasterLayout.Part,160.0200,6.3000,N/A,FALSE,FALSE,FALSE,
Large_Bilateral_14T,TNG-000_MasterLayout-1,Large_Bilateral_14T,T05_6TMagazineBaseline,ProfileFeature,D4@T05_6TMagazineBaseline@TNG-000_MasterLayout.Part,1.7780,0.0700,N/A,FALSE,FALSE,FALSE,
Large_Bilateral_14T,TNG-000_MasterLayout-1,Large_Bilateral_14T,T06_6TMagazineBaseline,ProfileFeature,D1@T06_6TMagazineBaseline@TNG-000_MasterLayout.Part,22.0980,0.8700,N/A,FALSE,FALSE,FALSE,
Large_Bilateral_14T,TNG-000_MasterLayout-1,Large_Bilateral_14T,T06_6TMagazineBaseline,ProfileFeature,D2@T06_6TMagazineBaseline@TNG-000_MasterLayout.Part,60.9600,2.4000,N/A,FALSE,FALSE,FALSE,
Large_Bilateral_14T,TNG-000_MasterLayout-1,Large_Bilateral_14T,T06_6TMagazineBaseline,ProfileFeature,D3@T06_6TMagazineBaseline@TNG-000_MasterLayout.Part,1.7780,0.0700,N/A,FALSE,FALSE,FALSE,
Large_Bilateral_14T,TNG-000_MasterLayout-1,Large_Bilateral_14T,T06_6TMagazineBaseline,ProfileFeature,D4@T06_6TMagazineBaseline@TNG-000_MasterLayout.Part,24.7311,0.9737,N/A,FALSE,FALSE,FALSE,
Large_Bilateral_14T,TNG-000_MasterLayout-1,Large_Bilateral_14T,T06_6TMagazineBaseline,ProfileFeature,D5@T06_6TMagazineBaseline@TNG-000_MasterLayout.Part,30.7148,1.2092,N/A,FALSE,FALSE,FALSE,
Large_Bilateral_14T,TNG-000_MasterLayout-1,Large_Bilateral_14T,T06_6TMagazineBaseline,ProfileFeature,D6@T06_6TMagazineBaseline@TNG-000_MasterLayout.Part,100.3423,3.9505,N/A,FALSE,FALSE,FALSE,
Large_Bilateral_14T,TNG-000_MasterLayout-1,Large_Bilateral_14T,T06_6TMagazineBaseline,ProfileFeature,D7@T06_6TMagazineBaseline@TNG-000_MasterLayout.Part,38.3203,1.5087,N/A,FALSE,FALSE,FALSE,
Large_Bilateral_14T,TNG-000_MasterLayout-1,Large_Bilateral_14T,T06_6TMagazineBaseline,ProfileFeature,D8@T06_6TMagazineBaseline@TNG-000_MasterLayout.Part,11.0645,0.4356,N/A,FALSE,FALSE,FALSE,
Large_Bilateral_14T,TNG-000_MasterLayout-1,Large_Bilateral_14T,T06_6TMagazineBaseline,ProfileFeature,D9@T06_6TMagazineBaseline@TNG-000_MasterLayout.Part,21.2762,0.8376,N/A,FALSE,FALSE,FALSE,
Large_Bilateral_14T,TNG-000_MasterLayout-1,Large_Bilateral_14T,T06_6TMagazineBaseline,ProfileFeature,D10@T06_6TMagazineBaseline@TNG-000_MasterLayout.Part,33.6322,1.3241,N/A,FALSE,FALSE,FALSE,
Large_Bilateral_14T,TNG-000_MasterLayout-1,Large_Bilateral_14T,T06_6TMagazineBaseline,ProfileFeature,D11@T06_6TMagazineBaseline@TNG-000_MasterLayout.Part,44.4226,1.7489,N/A,FALSE,FALSE,FALSE,
Large_Bilateral_14T,TNG-000_MasterLayout-1,Large_Bilateral_14T,T06_6TMagazineBaseline,ProfileFeature,D13@T06_6TMagazineBaseline@TNG-000_MasterLayout.Part,218.4400,8.6000,N/A,FALSE,FALSE,FALSE,
Large_Bilateral_14T,TNG-000_MasterLayout-1,Large_Bilateral_14T,T06_6TMagazineBaseline,ProfileFeature,D14@T06_6TMagazineBaseline@TNG-000_MasterLayout.Part,39.0589,1.5378,N/A,FALSE,FALSE,FALSE,
Large_Bilateral_14T,TNG-000_MasterLayout-1,Large_Bilateral_14T,T06_6TMagazineBaseline,ProfileFeature,D15@T06_6TMagazineBaseline@TNG-000_MasterLayout.Part,37.9341,1.4935,N/A,FALSE,FALSE,FALSE,
Large_Bilateral_14T,TNG-000_MasterLayout-1,Large_Bilateral_14T,T06_6TMagazineBaseline,ProfileFeature,D12@T06_6TMagazineBaseline@TNG-000_MasterLayout.Part,100.3423,3.9505,N/A,FALSE,FALSE,FALSE,
Large_Bilateral_14T,TNG-000_MasterLayout-1,Large_Bilateral_14T,T06_6TMagazineBaseline,ProfileFeature,D16@T06_6TMagazineBaseline@TNG-000_MasterLayout.Part,50.9472,2.0058,N/A,FALSE,FALSE,FALSE,
Large_Bilateral_14T,TNG-000_MasterLayout-1,Large_Bilateral_14T,[Equation 0],Equation,,,,,,,TRUE,"""drum_len_in"" = 23in"
Large_Bilateral_14T,TNG-000_MasterLayout-1,Large_Bilateral_14T,[Equation 1],Equation,,,,,,,TRUE,"""drum_wid_in"" = 9in"
Large_Bilateral_14T,TNG-000_MasterLayout-1,Large_Bilateral_14T,[Equation 2],Equation,,,,,,,TRUE,"""drum_hgt_in"" = 8in"
Large_Bilateral_14T,TNG-000_MasterLayout-1,Large_Bilateral_14T,[Equation 3],Equation,,,,,,,TRUE,"""top_thk_in"" = 0.5in"
Large_Bilateral_14T,TNG-000_MasterLayout-1,Large_Bilateral_14T,[Equation 4],Equation,,,,,,,TRUE,"""bottom_thk_in""= 0.5in"
Large_Bilateral_14T,TNG-000_MasterLayout-1,Large_Bilateral_14T,[Equation 5],Equation,,,,,,,TRUE,"""side_thk_in""= 0.5in"
Large_Bilateral_14T,TNG-000_MasterLayout-1,Large_Bilateral_14T,[Equation 6],Equation,,,,,,,TRUE,"""end_cap_thk_in""= 0.5in"
Large_Bilateral_14T,TNG-000_MasterLayout-1,Large_Bilateral_14T,[Equation 7],Equation,,,,,,,TRUE,"""slit_kerf_in"" = 0.075in"
Large_Bilateral_14T,TNG-000_MasterLayout-1,Large_Bilateral_14T,[Equation 8],Equation,,,,,,,TRUE,"""slit_end_rad_in""= 0.25in"
Large_Bilateral_14T,TNG-000_MasterLayout-1,Large_Bilateral_14T,[Equation 9],Equation,,,,,,,TRUE,"""tongue_gap_in""= 0.06in"
Large_Bilateral_14T,TNG-000_MasterLayout-1,Large_Bilateral_14T,[Equation 10],Equation,,,,,,,TRUE,"""port_dia_in""= 1.5in"
Large_Bilateral_14T,TNG-000_MasterLayout-1,Large_Bilateral_14T,[Equation 11],Equation,,,,,,,TRUE,"""foot_dia_in""= 1.25in"
Large_Bilateral_14T,TNG-000_MasterLayout-1,Large_Bilateral_14T,[Equation 12],Equation,,,,,,,TRUE,"""foot_hgt_in""= 0.75in"
Large_Bilateral_14T,TNG-000_MasterLayout-1,Large_Bilateral_14T,[Equation 13],Equation,,,,,,,TRUE,"""rough_len_factor""= 2 ^ ( - ""sharp_bias_cents"" / 2400 )"
Large_Bilateral_14T,TNG-000_MasterLayout-1,Large_Bilateral_14T,[Equation 14],Equation,,,,,,,TRUE,"""sharp_bias_cents""= 12"
Large_Bilateral_14T,TNG-000_MasterLayout-1,Large_Bilateral_14T,[Equation 15],Equation,,,,,,,TRUE,"""tongue_width_in""= 1.0in"
Large_Bilateral_14T,TNG-000_MasterLayout-1,Large_Bilateral_14T,[Equation 16],Equation,,,,,,,TRUE,"""cavity_len_in""= ""drum_len_in"" - 2 * ""end_cap_thk_in"""
Large_Bilateral_14T,TNG-000_MasterLayout-1,Large_Bilateral_14T,[Equation 17],Equation,,,,,,,TRUE,"""cavity_wid_in""= ""drum_wid_in"" - 2 * ""side_thk_in"""
Large_Bilateral_14T,TNG-000_MasterLayout-1,Large_Bilateral_14T,[Equation 18],Equation,,,,,,,TRUE,"""cavity_hgt_in""= ""drum_hgt_in"" - ""top_thk_in"" - ""bottom_thk_in"""
Large_Bilateral_14T,TNG-000_MasterLayout-1,Large_Bilateral_14T,[Equation 19],Equation,,,,,,,TRUE,"""cavity_vol_in3""= ""cavity_len_in"" * ""cavity_wid_in"" * ""cavity_hgt_in"""
Large_Bilateral_14T,TNG-000_MasterLayout-1,Large_Bilateral_14T,[Equation 20],Equation,,,,,,,TRUE,"""panel_top_len""= ""drum_len_in"""
Large_Bilateral_14T,TNG-000_MasterLayout-1,Large_Bilateral_14T,[Equation 21],Equation,,,,,,,TRUE,"""panel_top_wid""= ""drum_wid_in"""
Large_Bilateral_14T,TNG-000_MasterLayout-1,Large_Bilateral_14T,[Equation 22],Equation,,,,,,,TRUE,"""side_panel_len""= ""drum_len_in"""
Large_Bilateral_14T,TNG-000_MasterLayout-1,Large_Bilateral_14T,[Equation 23],Equation,,,,,,,TRUE,"""side_panel_hgt""= ""drum_hgt_in"" - ""top_thk_in"" - ""bottom_thk_in"""
Large_Bilateral_14T,TNG-000_MasterLayout-1,Large_Bilateral_14T,[Equation 24],Equation,,,,,,,TRUE,"""bank_l_count"" = 7"
Large_Bilateral_14T,TNG-000_MasterLayout-1,Large_Bilateral_14T,[Equation 25],Equation,,,,,,,TRUE,"""bank_r_count"" = 7"
Large_Bilateral_14T,TNG-000_MasterLayout-1,Large_Bilateral_14T,[Equation 26],Equation,,,,,,,TRUE,"""bank_spacing_y""= 1.1"
Large_Bilateral_14T,TNG-000_MasterLayout-1,Large_Bilateral_14T,[Equation 27],Equation,,,,,,,TRUE,"""mirror_banks""= 1"
Large_Bilateral_14T,TNG-000_MasterLayout-1,Large_Bilateral_14T,[Equation 28],Equation,,,,,,,TRUE,"""t01_freq_hz""= 440 * 2 ^ ( ( ""t01_midi_note"" - 69 ) / 12 )"
Large_Bilateral_14T,TNG-000_MasterLayout-1,Large_Bilateral_14T,[Equation 29],Equation,,,,,,,TRUE,"""t01_len_in""= 8.5243695in"
Large_Bilateral_14T,TNG-000_MasterLayout-1,Large_Bilateral_14T,[Equation 30],Equation,,,,,,,TRUE,"""t01_bank""= 1"
Large_Bilateral_14T,TNG-000_MasterLayout-1,Large_Bilateral_14T,[Equation 31],Equation,,,,,,,TRUE,"""t01_scale_degree""= 1"
Large_Bilateral_14T,TNG-000_MasterLayout-1,Large_Bilateral_14T,[Equation 32],Equation,,,,,,,TRUE,"""tuning_allowance_in""= 1in"
Large_Bilateral_14T,TNG-000_MasterLayout-1,Large_Bilateral_14T,[Equation 33],Equation,,,,,,,TRUE,"""screw_size""= 0.125in"
Large_Bilateral_14T,TNG-000_MasterLayout-1,Large_Bilateral_14T,[Equation 34],Equation,,,,,,,TRUE,"""screw_clearance_in""= 0.003in"
Large_Bilateral_14T,TNG-000_MasterLayout-1,Large_Bilateral_14T,[Equation 35],Equation,,,,,,,TRUE,"""bank_r_origin_x""= ""drum_len_in"" - 2 * ""end_cap_thk_in"""
Large_Bilateral_14T,TNG-000_MasterLayout-1,Large_Bilateral_14T,[Equation 36],Equation,,,,,,,TRUE,"""bank_l_origin_x""= ""end_cap_thk_in"""
Large_Bilateral_14T,TNG-000_MasterLayout-1,Large_Bilateral_14T,[Equation 37],Equation,,,,,,,TRUE,"""freq_hz""= 440"
Large_Bilateral_14T,TNG-000_MasterLayout-1,Large_Bilateral_14T,[Equation 38],Equation,,,,,,,TRUE,"""t01_midi_note""= 60"
Large_Bilateral_14T,TNG-000_MasterLayout-1,Large_Bilateral_14T,[Equation 39],Equation,,,,,,,TRUE,"""k_imperial""= 27000"
Large_Bilateral_14T,TNG-000_MasterLayout-1,Large_Bilateral_14T,[Equation 40],Equation,,,,,,,TRUE,"""t01_est_len_in""= sqr ( ""k_imperial"" * ""top_thk_in"" / ""t01_freq_hz"" )"
Large_Bilateral_14T,TNG-000_MasterLayout-1,Large_Bilateral_14T,[Equation 41],Equation,,,,,,,TRUE,"""t02_freq_hz""= 440 * 2 ^ ( ( ""t02_midi_note"" - 69 ) / 12 )"
Large_Bilateral_14T,TNG-000_MasterLayout-1,Large_Bilateral_14T,[Equation 42],Equation,,,,,,,TRUE,"""t03_freq_hz""= 440 * 2 ^ ( ( ""t03_midi_note"" - 69 ) / 12 )"
Large_Bilateral_14T,TNG-000_MasterLayout-1,Large_Bilateral_14T,[Equation 43],Equation,,,,,,,TRUE,"""t04_freq_hz""= 440 * 2 ^ ( ( ""t04_midi_note"" - 69 ) / 12 )"
Large_Bilateral_14T,TNG-000_MasterLayout-1,Large_Bilateral_14T,[Equation 44],Equation,,,,,,,TRUE,"""t05_freq_hz""= 440 * 2 ^ ( ( ""t05_midi_note"" - 69 ) / 12 )"
Large_Bilateral_14T,TNG-000_MasterLayout-1,Large_Bilateral_14T,[Equation 45],Equation,,,,,,,TRUE,"""t06_freq_hz""= 440 * 2 ^ ( ( ""t06_midi_note"" - 69 ) / 12 )"
Large_Bilateral_14T,TNG-000_MasterLayout-1,Large_Bilateral_14T,[Equation 46],Equation,,,,,,,TRUE,"""t07_freq_hz""= 440 * 2 ^ ( ( ""t07_midi_note"" - 69 ) / 12 )"
Large_Bilateral_14T,TNG-000_MasterLayout-1,Large_Bilateral_14T,[Equation 47],Equation,,,,,,,TRUE,"""t08_freq_hz""= 440 * 2 ^ ( ( ""t08_midi_note"" - 69 ) / 12 )"
Large_Bilateral_14T,TNG-000_MasterLayout-1,Large_Bilateral_14T,[Equation 48],Equation,,,,,,,TRUE,"""t09_freq_hz""= 440 * 2 ^ ( ( ""t09_midi_note"" - 69 ) / 12 )"
Large_Bilateral_14T,TNG-000_MasterLayout-1,Large_Bilateral_14T,[Equation 49],Equation,,,,,,,TRUE,"""t10_freq_hz""= 440 * 2 ^ ( ( ""t10_midi_note"" - 69 ) / 12 )"
Large_Bilateral_14T,TNG-000_MasterLayout-1,Large_Bilateral_14T,[Equation 50],Equation,,,,,,,TRUE,"""t11_freq_hz""= 440 * 2 ^ ( ( ""t11_midi_note"" - 69 ) / 12 )"
Large_Bilateral_14T,TNG-000_MasterLayout-1,Large_Bilateral_14T,[Equation 51],Equation,,,,,,,TRUE,"""t12_freq_hz""= 440 * 2 ^ ( ( ""t12_midi_note"" - 69 ) / 12 )"
Large_Bilateral_14T,TNG-000_MasterLayout-1,Large_Bilateral_14T,[Equation 52],Equation,,,,,,,TRUE,"""t13_freq_hz""= 440 * 2 ^ ( ( ""t13_midi_note"" - 69 ) / 12 )"
Large_Bilateral_14T,TNG-000_MasterLayout-1,Large_Bilateral_14T,[Equation 53],Equation,,,,,,,TRUE,"""t14_freq_hz""= 440 * 2 ^ ( ( ""t14_midi_note"" - 69 ) / 12 )"
Large_Bilateral_14T,TNG-000_MasterLayout-1,Large_Bilateral_14T,[Equation 54],Equation,,,,,,,TRUE,"""t15_freq_hz""= 440 * 2 ^ ( ( ""t15_midi_note"" - 69 ) / 12 )"
Large_Bilateral_14T,TNG-000_MasterLayout-1,Large_Bilateral_14T,[Equation 55],Equation,,,,,,,TRUE,"""t02_len_in"" = 8.6in"
Large_Bilateral_14T,TNG-000_MasterLayout-1,Large_Bilateral_14T,[Equation 56],Equation,,,,,,,TRUE,"""t03_len_in""=6in"
Large_Bilateral_14T,TNG-000_MasterLayout-1,Large_Bilateral_14T,[Equation 57],Equation,,,,,,,TRUE,"""t04_len_in""=5.9in"
Large_Bilateral_14T,TNG-000_MasterLayout-1,Large_Bilateral_14T,[Equation 58],Equation,,,,,,,TRUE,"""t05_len_in""= 6.3in"
Large_Bilateral_14T,TNG-000_MasterLayout-1,Large_Bilateral_14T,[Equation 59],Equation,,,,,,,TRUE,"""t06_len_in"" = 8in"
Large_Bilateral_14T,TNG-000_MasterLayout-1,Large_Bilateral_14T,[Equation 60],Equation,,,,,,,TRUE,"""t07_len_in"" = 10in"
Large_Bilateral_14T,TNG-000_MasterLayout-1,Large_Bilateral_14T,[Equation 61],Equation,,,,,,,TRUE,"""t08_len_in"" = 10in"
Large_Bilateral_14T,TNG-000_MasterLayout-1,Large_Bilateral_14T,[Equation 62],Equation,,,,,,,TRUE,"""t09_len_in"" = 10in"
Large_Bilateral_14T,TNG-000_MasterLayout-1,Large_Bilateral_14T,[Equation 63],Equation,,,,,,,TRUE,"""t10_len_in"" = 10in"
Large_Bilateral_14T,TNG-000_MasterLayout-1,Large_Bilateral_14T,[Equation 64],Equation,,,,,,,TRUE,"""t11_len_in"" = 12in"
Large_Bilateral_14T,TNG-000_MasterLayout-1,Large_Bilateral_14T,[Equation 65],Equation,,,,,,,TRUE,"""t12_len_in"" = 13in"
Large_Bilateral_14T,TNG-000_MasterLayout-1,Large_Bilateral_14T,[Equation 66],Equation,,,,,,,TRUE,"""t13_len_in"" = 10in"
Large_Bilateral_14T,TNG-000_MasterLayout-1,Large_Bilateral_14T,[Equation 67],Equation,,,,,,,TRUE,"""t14_len_in"" = 10in"
Large_Bilateral_14T,TNG-000_MasterLayout-1,Large_Bilateral_14T,[Equation 68],Equation,,,,,,,TRUE,"""t15_len_in""= 0in"
Large_Bilateral_14T,TNG-000_MasterLayout-1,Large_Bilateral_14T,[Equation 69],Equation,,,,,,,TRUE,"""t16_len_in""= 0in"
Large_Bilateral_14T,TNG-000_MasterLayout-1,Large_Bilateral_14T,[Equation 70],Equation,,,,,,,TRUE,"""t02_bank""= 1"
Large_Bilateral_14T,TNG-000_MasterLayout-1,Large_Bilateral_14T,[Equation 71],Equation,,,,,,,TRUE,"""t03_bank""= 1"
Large_Bilateral_14T,TNG-000_MasterLayout-1,Large_Bilateral_14T,[Equation 72],Equation,,,,,,,TRUE,"""t04_bank""= 1"
Large_Bilateral_14T,TNG-000_MasterLayout-1,Large_Bilateral_14T,[Equation 73],Equation,,,,,,,TRUE,"""t05_bank""=1"
Large_Bilateral_14T,TNG-000_MasterLayout-1,Large_Bilateral_14T,[Equation 74],Equation,,,,,,,TRUE,"""t06_bank""=1"
Large_Bilateral_14T,TNG-000_MasterLayout-1,Large_Bilateral_14T,[Equation 75],Equation,,,,,,,TRUE,"""t07_bank"" = 1"
Large_Bilateral_14T,TNG-000_MasterLayout-1,Large_Bilateral_14T,[Equation 76],Equation,,,,,,,TRUE,"""t08_bank"" = 2"
Large_Bilateral_14T,TNG-000_MasterLayout-1,Large_Bilateral_14T,[Equation 77],Equation,,,,,,,TRUE,"""t09_bank"" = 2"
Large_Bilateral_14T,TNG-000_MasterLayout-1,Large_Bilateral_14T,[Equation 78],Equation,,,,,,,TRUE,"""t10_bank"" = 2"
Large_Bilateral_14T,TNG-000_MasterLayout-1,Large_Bilateral_14T,[Equation 79],Equation,,,,,,,TRUE,"""t11_bank"" = 2"
Large_Bilateral_14T,TNG-000_MasterLayout-1,Large_Bilateral_14T,[Equation 80],Equation,,,,,,,TRUE,"""t12_bank"" = 2"
Large_Bilateral_14T,TNG-000_MasterLayout-1,Large_Bilateral_14T,[Equation 81],Equation,,,,,,,TRUE,"""t13_bank"" = 2"
Large_Bilateral_14T,TNG-000_MasterLayout-1,Large_Bilateral_14T,[Equation 82],Equation,,,,,,,TRUE,"""t14_bank"" = 2"
Large_Bilateral_14T,TNG-000_MasterLayout-1,Large_Bilateral_14T,[Equation 83],Equation,,,,,,,TRUE,"""t15_bank""= 0"
Large_Bilateral_14T,TNG-000_MasterLayout-1,Large_Bilateral_14T,[Equation 84],Equation,,,,,,,TRUE,"""t16_bank""= 0"
Large_Bilateral_14T,TNG-000_MasterLayout-1,Large_Bilateral_14T,[Equation 85],Equation,,,,,,,FALSE,"""drum_len_in_sketch@SK_OUTER_BOX""= ""drum_len_in"""
Large_Bilateral_14T,TNG-000_MasterLayout-1,Large_Bilateral_14T,[Equation 86],Equation,,,,,,,FALSE,"""drum_wid_in@SK_OUTER_BOX""= ""drum_wid_in"""
Large_Bilateral_14T,TNG-000_MasterLayout-1,Large_Bilateral_14T,[Equation 87],Equation,,,,,,,FALSE,"""side_thk_in_sketch@SK_CAVITY""= ""side_thk_in"""
Large_Bilateral_14T,TNG-000_MasterLayout-1,Large_Bilateral_14T,[Equation 88],Equation,,,,,,,FALSE,"""end_cap_thk_in_sketch@SK_CAVITY""= ""end_cap_thk_in"""
Large_Bilateral_14T,TNG-000_MasterLayout-1,Large_Bilateral_14T,[Equation 89],Equation,,,,,,,FALSE,"""cavity_hgt_in@SK_HEIGHT_STACK""= ""cavity_hgt_in"""
Large_Bilateral_14T,TNG-000_MasterLayout-1,Large_Bilateral_14T,[Equation 90],Equation,,,,,,,FALSE,"""top_thk_in_sketch@SK_HEIGHT_STACK"" = ""top_thk_in"""
Large_Bilateral_14T,TNG-000_MasterLayout-1,Large_Bilateral_14T,[Equation 91],Equation,,,,,,,FALSE,"""bottom_thk_in_sketch@SK_HEIGHT_STACK""= ""bottom_thk_in"""
Large_Bilateral_14T,TNG-000_MasterLayout-1,Large_Bilateral_14T,[Equation 92],Equation,,,,,,,FALSE,"""port_dia_in@SK_PORT""= ""port_dia_in"""
Large_Bilateral_14T,TNG-000_MasterLayout-1,Large_Bilateral_14T,[Equation 93],Equation,,,,,,,FALSE,"""foot_dia@SK_FEET""= ""foot_dia_in"""
Large_Bilateral_14T,TNG-000_MasterLayout-1,Large_Bilateral_14T,[Equation 94],Equation,,,,,,,TRUE,"""t02_midi_note""= 61"
Large_Bilateral_14T,TNG-000_MasterLayout-1,Large_Bilateral_14T,[Equation 95],Equation,,,,,,,TRUE,"""t03_midi_note""= 62"
Large_Bilateral_14T,TNG-000_MasterLayout-1,Large_Bilateral_14T,[Equation 96],Equation,,,,,,,TRUE,"""t04_midi_note""= 64"
Large_Bilateral_14T,TNG-000_MasterLayout-1,Large_Bilateral_14T,[Equation 97],Equation,,,,,,,TRUE,"""t05_midi_note""= 67"
Large_Bilateral_14T,TNG-000_MasterLayout-1,Large_Bilateral_14T,[Equation 98],Equation,,,,,,,TRUE,"""t06_midi_note""= 70"
Large_Bilateral_14T,TNG-000_MasterLayout-1,Large_Bilateral_14T,[Equation 99],Equation,,,,,,,TRUE,"""t07_midi_note"" = 77"
Large_Bilateral_14T,TNG-000_MasterLayout-1,Large_Bilateral_14T,[Equation 100],Equation,,,,,,,TRUE,"""t08_midi_note"" = 79"
Large_Bilateral_14T,TNG-000_MasterLayout-1,Large_Bilateral_14T,[Equation 101],Equation,,,,,,,TRUE,"""t09_midi_note"" = 80"
Large_Bilateral_14T,TNG-000_MasterLayout-1,Large_Bilateral_14T,[Equation 102],Equation,,,,,,,TRUE,"""t10_midi_note"" = 85"
Large_Bilateral_14T,TNG-000_MasterLayout-1,Large_Bilateral_14T,[Equation 103],Equation,,,,,,,TRUE,"""t11_midi_note"" = 86"
Large_Bilateral_14T,TNG-000_MasterLayout-1,Large_Bilateral_14T,[Equation 104],Equation,,,,,,,TRUE,"""t12_midi_note"" = 87"
Large_Bilateral_14T,TNG-000_MasterLayout-1,Large_Bilateral_14T,[Equation 105],Equation,,,,,,,TRUE,"""t13_midi_note"" = 88"
Large_Bilateral_14T,TNG-000_MasterLayout-1,Large_Bilateral_14T,[Equation 106],Equation,,,,,,,TRUE,"""t14_midi_note"" = 89"
Large_Bilateral_14T,TNG-000_MasterLayout-1,Large_Bilateral_14T,[Equation 107],Equation,,,,,,,TRUE,"""t15_midi_note""= 0"
Large_Bilateral_14T,TNG-000_MasterLayout-1,Large_Bilateral_14T,[Equation 108],Equation,,,,,,,TRUE,"""t16_midi_note""= 0"
Large_Bilateral_14T,TNG-000_MasterLayout-1,Large_Bilateral_14T,[Equation 109],Equation,,,,,,,TRUE,"""t16_freq_hz""= 440 * 2 ^ ( ( ""t16_midi_note"" - 69 ) / 12 )"
Large_Bilateral_14T,TNG-000_MasterLayout-1,Large_Bilateral_14T,[Equation 110],Equation,,,,,,,TRUE,"""foot_inset_in""= 1.8in"
Large_Bilateral_14T,TNG-000_MasterLayout-1,Large_Bilateral_14T,[Equation 111],Equation,,,,,,,TRUE,"""foot_screw_hole_dia_in""= 0.129in"
Large_Bilateral_14T,TNG-000_MasterLayout-1,Large_Bilateral_14T,[Equation 112],Equation,,,,,,,FALSE,"""foot_setting@SK_FEET""= ""foot_inset_in"""
Large_Bilateral_14T,TNG-000_MasterLayout-1,Large_Bilateral_14T,[Equation 113],Equation,,,,,,,FALSE,"""screw_hole@SK_FEET""= ""screw_size"""
Large_Bilateral_14T,TNG-000_MasterLayout-1,Large_Bilateral_14T,[Equation 114],Equation,,,,,,,TRUE,"""t01_wid"" = 1in"
Large_Bilateral_14T,TNG-000_MasterLayout-1,Large_Bilateral_14T,[Equation 115],Equation,,,,,,,TRUE,"""t02_wid"" = 1in"
Large_Bilateral_14T,TNG-000_MasterLayout-1,Large_Bilateral_14T,[Equation 116],Equation,,,,,,,TRUE,"""t03_wid"" = 1in"
Large_Bilateral_14T,TNG-000_MasterLayout-1,Large_Bilateral_14T,[Equation 117],Equation,,,,,,,TRUE,"""t04_wid""= 0.87in"
Large_Bilateral_14T,TNG-000_MasterLayout-1,Large_Bilateral_14T,[Equation 118],Equation,,,,,,,TRUE,"""t05_wid"" = 1in"
Large_Bilateral_14T,TNG-000_MasterLayout-1,Large_Bilateral_14T,[Equation 119],Equation,,,,,,,TRUE,"""t06_wid"" = 1in"
Large_Bilateral_14T,TNG-000_MasterLayout-1,Large_Bilateral_14T,[Equation 120],Equation,,,,,,,TRUE,"""t07_wid"" = 1in"
Large_Bilateral_14T,TNG-000_MasterLayout-1,Large_Bilateral_14T,[Equation 121],Equation,,,,,,,TRUE,"""t08_wid"" = 1in"
Large_Bilateral_14T,TNG-000_MasterLayout-1,Large_Bilateral_14T,[Equation 122],Equation,,,,,,,TRUE,"""t09_wid"" = 1in"
Large_Bilateral_14T,TNG-000_MasterLayout-1,Large_Bilateral_14T,[Equation 123],Equation,,,,,,,TRUE,"""t10_wid"" = 1in"
Large_Bilateral_14T,TNG-000_MasterLayout-1,Large_Bilateral_14T,[Equation 124],Equation,,,,,,,TRUE,"""t11_wid"" = 1in"
Large_Bilateral_14T,TNG-000_MasterLayout-1,Large_Bilateral_14T,[Equation 125],Equation,,,,,,,TRUE,"""t12_wid"" = 1in"
Large_Bilateral_14T,TNG-000_MasterLayout-1,Large_Bilateral_14T,[Equation 126],Equation,,,,,,,TRUE,"""t13_wid"" = 1in"
Large_Bilateral_14T,TNG-000_MasterLayout-1,Large_Bilateral_14T,[Equation 127],Equation,,,,,,,TRUE,"""t14_wid""= 0in"
Large_Bilateral_14T,TNG-000_MasterLayout-1,Large_Bilateral_14T,[Equation 128],Equation,,,,,,,TRUE,"""t16_wid""= 0in"
Large_Bilateral_14T,TNG-000_MasterLayout-1,Large_Bilateral_14T,[Equation 129],Equation,,,,,,,TRUE,"""t15_wid""= 0in"
Large_Bilateral_14T,TNG-000_MasterLayout-1,Large_Bilateral_14T,[Equation 130],Equation,,,,,,,TRUE,"""r_tong_bank""=2.16066"
Large_Bilateral_14T,TNG-000_MasterLayout-1,Large_Bilateral_14T,[Equation 131],Equation,,,,,,,TRUE,"""l_tong_bank""=2.4"
Medium_Bilateral_12T,TNG-000_MasterLayout-1,Medium_Bilateral_12T,SK_OUTER_BOX,ProfileFeature,drum_len_in_sketch@SK_OUTER_BOX@TNG-000_MasterLayout.Part,558.8000,22.0000,N/A,TRUE,FALSE,FALSE,
Medium_Bilateral_12T,TNG-000_MasterLayout-1,Medium_Bilateral_12T,SK_OUTER_BOX,ProfileFeature,drum_wid_in@SK_OUTER_BOX@TNG-000_MasterLayout.Part,228.6000,9.0000,N/A,TRUE,FALSE,FALSE,
Medium_Bilateral_12T,TNG-000_MasterLayout-1,Medium_Bilateral_12T,SK_CAVITY,ProfileFeature,end_cap_thk_in_sketch@SK_CAVITY@TNG-000_MasterLayout.Part,12.7000,0.5000,N/A,TRUE,FALSE,FALSE,
Medium_Bilateral_12T,TNG-000_MasterLayout-1,Medium_Bilateral_12T,SK_CAVITY,ProfileFeature,side_thk_in_sketch@SK_CAVITY@TNG-000_MasterLayout.Part,12.7000,0.5000,N/A,TRUE,FALSE,FALSE,
Medium_Bilateral_12T,TNG-000_MasterLayout-1,Medium_Bilateral_12T,SK_HEIGHT_STACK,ProfileFeature,top_thk_in_sketch@SK_HEIGHT_STACK@TNG-000_MasterLayout.Part,10.1600,0.4000,N/A,TRUE,FALSE,FALSE,
Medium_Bilateral_12T,TNG-000_MasterLayout-1,Medium_Bilateral_12T,SK_HEIGHT_STACK,ProfileFeature,bottom_thk_in_sketch@SK_HEIGHT_STACK@TNG-000_MasterLayout.Part,12.7000,0.5000,N/A,TRUE,FALSE,FALSE,
Medium_Bilateral_12T,TNG-000_MasterLayout-1,Medium_Bilateral_12T,SK_HEIGHT_STACK,ProfileFeature,cavity_hgt_in@SK_HEIGHT_STACK@TNG-000_MasterLayout.Part,154.9400,6.1000,N/A,TRUE,FALSE,FALSE,
Medium_Bilateral_12T,TNG-000_MasterLayout-1,Medium_Bilateral_12T,SK_PORT,ProfileFeature,port_dia_in@SK_PORT@TNG-000_MasterLayout.Part,38.1000,1.5000,N/A,TRUE,FALSE,FALSE,
Medium_Bilateral_12T,TNG-000_MasterLayout-1,Medium_Bilateral_12T,SK_FEET,ProfileFeature,foot_dia@SK_FEET@TNG-000_MasterLayout.Part,31.7500,1.2500,N/A,TRUE,FALSE,FALSE,
Medium_Bilateral_12T,TNG-000_MasterLayout-1,Medium_Bilateral_12T,SK_FEET,ProfileFeature,foot_setting@SK_FEET@TNG-000_MasterLayout.Part,45.7200,1.8000,N/A,TRUE,FALSE,FALSE,
Medium_Bilateral_12T,TNG-000_MasterLayout-1,Medium_Bilateral_12T,SK_FEET,ProfileFeature,screw_hole@SK_FEET@TNG-000_MasterLayout.Part,3.1750,0.1250,N/A,TRUE,FALSE,FALSE,
Medium_Bilateral_12T,TNG-000_MasterLayout-1,Medium_Bilateral_12T,SK_TONGUE_BANKS,ProfileFeature,D1@SK_TONGUE_BANKS@TNG-000_MasterLayout.Part,60.9600,2.4000,N/A,FALSE,FALSE,FALSE,
Medium_Bilateral_12T,TNG-000_MasterLayout-1,Medium_Bilateral_12T,SK_TONGUE_BANKS,ProfileFeature,D2@SK_TONGUE_BANKS@TNG-000_MasterLayout.Part,60.9600,2.4000,N/A,FALSE,FALSE,FALSE,
Medium_Bilateral_12T,TNG-000_MasterLayout-1,Medium_Bilateral_12T,T01_6TMagazineBaseline,ProfileFeature,D1@T01_6TMagazineBaseline@TNG-000_MasterLayout.Part,22.0980,0.8700,N/A,FALSE,FALSE,FALSE,
Medium_Bilateral_12T,TNG-000_MasterLayout-1,Medium_Bilateral_12T,T01_6TMagazineBaseline,ProfileFeature,D2@T01_6TMagazineBaseline@TNG-000_MasterLayout.Part,216.5190,8.5244,N/A,FALSE,FALSE,FALSE,
Medium_Bilateral_12T,TNG-000_MasterLayout-1,Medium_Bilateral_12T,T01_6TMagazineBaseline,ProfileFeature,D3@T01_6TMagazineBaseline@TNG-000_MasterLayout.Part,60.9600,2.4000,N/A,FALSE,FALSE,FALSE,
Medium_Bilateral_12T,TNG-000_MasterLayout-1,Medium_Bilateral_12T,T01_6TMagazineBaseline,ProfileFeature,D4@T01_6TMagazineBaseline@TNG-000_MasterLayout.Part,6.2611,0.2465,N/A,FALSE,FALSE,FALSE,
Medium_Bilateral_12T,TNG-000_MasterLayout-1,Medium_Bilateral_12T,T01_6TMagazineBaseline,ProfileFeature,D5@T01_6TMagazineBaseline@TNG-000_MasterLayout.Part,15.7141,0.6187,N/A,FALSE,FALSE,FALSE,
Medium_Bilateral_12T,TNG-000_MasterLayout-1,Medium_Bilateral_12T,T01_6TMagazineBaseline,ProfileFeature,D6@T01_6TMagazineBaseline@TNG-000_MasterLayout.Part,11.8257,0.4656,N/A,FALSE,FALSE,FALSE,
Medium_Bilateral_12T,TNG-000_MasterLayout-1,Medium_Bilateral_12T,T01_6TMagazineBaseline,ProfileFeature,D7@T01_6TMagazineBaseline@TNG-000_MasterLayout.Part,4.7873,0.1885,N/A,FALSE,FALSE,FALSE,
Medium_Bilateral_12T,TNG-000_MasterLayout-1,Medium_Bilateral_12T,T01_6TMagazineBaseline,ProfileFeature,D8@T01_6TMagazineBaseline@TNG-000_MasterLayout.Part,5.5875,0.2200,N/A,FALSE,FALSE,FALSE,
Medium_Bilateral_12T,TNG-000_MasterLayout-1,Medium_Bilateral_12T,T01_6TMagazineBaseline,ProfileFeature,D9@T01_6TMagazineBaseline@TNG-000_MasterLayout.Part,6.7466,0.2656,N/A,FALSE,FALSE,FALSE,
Medium_Bilateral_12T,TNG-000_MasterLayout-1,Medium_Bilateral_12T,T01_6TMagazineBaseline,ProfileFeature,D10@T01_6TMagazineBaseline@TNG-000_MasterLayout.Part,6.5945,0.2596,N/A,FALSE,FALSE,FALSE,
Medium_Bilateral_12T,TNG-000_MasterLayout-1,Medium_Bilateral_12T,T01_6TMagazineBaseline,ProfileFeature,D11@T01_6TMagazineBaseline@TNG-000_MasterLayout.Part,6.5077,0.2562,N/A,FALSE,FALSE,FALSE,
Medium_Bilateral_12T,TNG-000_MasterLayout-1,Medium_Bilateral_12T,T01_6TMagazineBaseline,ProfileFeature,D12@T01_6TMagazineBaseline@TNG-000_MasterLayout.Part,5.7544,0.2266,N/A,FALSE,FALSE,FALSE,
Medium_Bilateral_12T,TNG-000_MasterLayout-1,Medium_Bilateral_12T,T01_6TMagazineBaseline,ProfileFeature,D13@T01_6TMagazineBaseline@TNG-000_MasterLayout.Part,14.6706,0.5776,N/A,FALSE,FALSE,FALSE,
Medium_Bilateral_12T,TNG-000_MasterLayout-1,Medium_Bilateral_12T,T01_6TMagazineBaseline,ProfileFeature,D14@T01_6TMagazineBaseline@TNG-000_MasterLayout.Part,11.7242,0.4616,N/A,FALSE,FALSE,FALSE,
Medium_Bilateral_12T,TNG-000_MasterLayout-1,Medium_Bilateral_12T,T01_6TMagazineBaseline,ProfileFeature,D15@T01_6TMagazineBaseline@TNG-000_MasterLayout.Part,6.8136,0.2683,N/A,FALSE,FALSE,FALSE,
Medium_Bilateral_12T,TNG-000_MasterLayout-1,Medium_Bilateral_12T,T01_6TMagazineBaseline,ProfileFeature,D16@T01_6TMagazineBaseline@TNG-000_MasterLayout.Part,3.9899,0.1571,N/A,FALSE,FALSE,FALSE,
Medium_Bilateral_12T,TNG-000_MasterLayout-1,Medium_Bilateral_12T,T01_6TMagazineBaseline,ProfileFeature,D17@T01_6TMagazineBaseline@TNG-000_MasterLayout.Part,1.7187,0.0677,N/A,FALSE,FALSE,FALSE,
Medium_Bilateral_12T,TNG-000_MasterLayout-1,Medium_Bilateral_12T,T01_6TMagazineBaseline,ProfileFeature,D18@T01_6TMagazineBaseline@TNG-000_MasterLayout.Part,8.3002,0.3268,N/A,FALSE,FALSE,FALSE,
Medium_Bilateral_12T,TNG-000_MasterLayout-1,Medium_Bilateral_12T,T01_6TMagazineBaseline,ProfileFeature,D19@T01_6TMagazineBaseline@TNG-000_MasterLayout.Part,13.4312,0.5288,N/A,FALSE,FALSE,FALSE,
Medium_Bilateral_12T,TNG-000_MasterLayout-1,Medium_Bilateral_12T,T01_6TMagazineBaseline,ProfileFeature,D20@T01_6TMagazineBaseline@TNG-000_MasterLayout.Part,15.1542,0.5966,N/A,FALSE,FALSE,FALSE,
Medium_Bilateral_12T,TNG-000_MasterLayout-1,Medium_Bilateral_12T,T01_6TMagazineBaseline,ProfileFeature,D21@T01_6TMagazineBaseline@TNG-000_MasterLayout.Part,201.1677,7.9200,N/A,FALSE,FALSE,FALSE,
Medium_Bilateral_12T,TNG-000_MasterLayout-1,Medium_Bilateral_12T,T01_6TMagazineBaseline,ProfileFeature,D22@T01_6TMagazineBaseline@TNG-000_MasterLayout.Part,16.1507,0.6359,N/A,FALSE,FALSE,FALSE,
Medium_Bilateral_12T,TNG-000_MasterLayout-1,Medium_Bilateral_12T,T01_6TMagazineBaseline,ProfileFeature,D23@T01_6TMagazineBaseline@TNG-000_MasterLayout.Part,94.6563,3.7266,N/A,FALSE,FALSE,FALSE,
Medium_Bilateral_12T,TNG-000_MasterLayout-1,Medium_Bilateral_12T,T01_6TMagazineBaseline,ProfileFeature,D24@T01_6TMagazineBaseline@TNG-000_MasterLayout.Part,18.6970,0.7361,N/A,FALSE,FALSE,FALSE,
Medium_Bilateral_12T,TNG-000_MasterLayout-1,Medium_Bilateral_12T,T01_6TMagazineBaseline,ProfileFeature,D25@T01_6TMagazineBaseline@TNG-000_MasterLayout.Part,15.3513,0.6044,N/A,FALSE,FALSE,FALSE,
Medium_Bilateral_12T,TNG-000_MasterLayout-1,Medium_Bilateral_12T,T01_6TMagazineBaseline,ProfileFeature,D26@T01_6TMagazineBaseline@TNG-000_MasterLayout.Part,9.1212,0.3591,N/A,FALSE,FALSE,FALSE,
Medium_Bilateral_12T,TNG-000_MasterLayout-1,Medium_Bilateral_12T,T02_6TMagazineBaseline,ProfileFeature,D1@T02_6TMagazineBaseline@TNG-000_MasterLayout.Part,60.9600,2.4000,N/A,FALSE,FALSE,FALSE,
Medium_Bilateral_12T,TNG-000_MasterLayout-1,Medium_Bilateral_12T,T02_6TMagazineBaseline,ProfileFeature,D3@T02_6TMagazineBaseline@TNG-000_MasterLayout.Part,25.4000,1.0000,N/A,FALSE,FALSE,FALSE,
Medium_Bilateral_12T,TNG-000_MasterLayout-1,Medium_Bilateral_12T,T02_6TMagazineBaseline,ProfileFeature,D4@T02_6TMagazineBaseline@TNG-000_MasterLayout.Part,171.4500,6.7500,N/A,FALSE,FALSE,FALSE,
Medium_Bilateral_12T,TNG-000_MasterLayout-1,Medium_Bilateral_12T,T02_6TMagazineBaseline,ProfileFeature,D2@T02_6TMagazineBaseline@TNG-000_MasterLayout.Part,1.7780,0.0700,N/A,FALSE,FALSE,FALSE,
Medium_Bilateral_12T,TNG-000_MasterLayout-1,Medium_Bilateral_12T,T03_6TMagazineBaseline,ProfileFeature,D1@T03_6TMagazineBaseline@TNG-000_MasterLayout.Part,22.0980,0.8700,N/A,FALSE,FALSE,FALSE,
Medium_Bilateral_12T,TNG-000_MasterLayout-1,Medium_Bilateral_12T,T03_6TMagazineBaseline,ProfileFeature,D2@T03_6TMagazineBaseline@TNG-000_MasterLayout.Part,216.6791,8.5307,N/A,FALSE,FALSE,FALSE,
Medium_Bilateral_12T,TNG-000_MasterLayout-1,Medium_Bilateral_12T,T03_6TMagazineBaseline,ProfileFeature,D3@T03_6TMagazineBaseline@TNG-000_MasterLayout.Part,1.8543,0.0730,N/A,FALSE,FALSE,FALSE,
Medium_Bilateral_12T,TNG-000_MasterLayout-1,Medium_Bilateral_12T,T03_6TMagazineBaseline,ProfileFeature,D4@T03_6TMagazineBaseline@TNG-000_MasterLayout.Part,9.7584,0.3842,N/A,FALSE,FALSE,FALSE,
Medium_Bilateral_12T,TNG-000_MasterLayout-1,Medium_Bilateral_12T,T03_6TMagazineBaseline,ProfileFeature,D5@T03_6TMagazineBaseline@TNG-000_MasterLayout.Part,23.2011,0.9134,N/A,FALSE,FALSE,FALSE,
Medium_Bilateral_12T,TNG-000_MasterLayout-1,Medium_Bilateral_12T,T03_6TMagazineBaseline,ProfileFeature,D6@T03_6TMagazineBaseline@TNG-000_MasterLayout.Part,32.2938,1.2714,N/A,FALSE,FALSE,FALSE,
Medium_Bilateral_12T,TNG-000_MasterLayout-1,Medium_Bilateral_12T,T03_6TMagazineBaseline,ProfileFeature,D7@T03_6TMagazineBaseline@TNG-000_MasterLayout.Part,38.9813,1.5347,N/A,FALSE,FALSE,FALSE,
Medium_Bilateral_12T,TNG-000_MasterLayout-1,Medium_Bilateral_12T,T03_6TMagazineBaseline,ProfileFeature,D8@T03_6TMagazineBaseline@TNG-000_MasterLayout.Part,43.5023,1.7127,N/A,FALSE,FALSE,FALSE,
Medium_Bilateral_12T,TNG-000_MasterLayout-1,Medium_Bilateral_12T,T03_6TMagazineBaseline,ProfileFeature,D9@T03_6TMagazineBaseline@TNG-000_MasterLayout.Part,3.7332,0.1470,N/A,FALSE,FALSE,FALSE,
Medium_Bilateral_12T,TNG-000_MasterLayout-1,Medium_Bilateral_12T,T03_6TMagazineBaseline,ProfileFeature,D10@T03_6TMagazineBaseline@TNG-000_MasterLayout.Part,4.3043,0.1695,N/A,FALSE,FALSE,FALSE,
Medium_Bilateral_12T,TNG-000_MasterLayout-1,Medium_Bilateral_12T,T03_6TMagazineBaseline,ProfileFeature,D11@T03_6TMagazineBaseline@TNG-000_MasterLayout.Part,39.0245,1.5364,N/A,FALSE,FALSE,FALSE,
Medium_Bilateral_12T,TNG-000_MasterLayout-1,Medium_Bilateral_12T,T03_6TMagazineBaseline,ProfileFeature,D12@T03_6TMagazineBaseline@TNG-000_MasterLayout.Part,31.1173,1.2251,N/A,FALSE,FALSE,FALSE,
Medium_Bilateral_12T,TNG-000_MasterLayout-1,Medium_Bilateral_12T,T03_6TMagazineBaseline,ProfileFeature,D13@T03_6TMagazineBaseline@TNG-000_MasterLayout.Part,14.3641,0.5655,N/A,FALSE,FALSE,FALSE,
Medium_Bilateral_12T,TNG-000_MasterLayout-1,Medium_Bilateral_12T,T03_6TMagazineBaseline,ProfileFeature,D14@T03_6TMagazineBaseline@TNG-000_MasterLayout.Part,36.3742,1.4321,N/A,FALSE,FALSE,FALSE,
Medium_Bilateral_12T,TNG-000_MasterLayout-1,Medium_Bilateral_12T,T03_6TMagazineBaseline,ProfileFeature,D15@T03_6TMagazineBaseline@TNG-000_MasterLayout.Part,29.9611,1.1796,N/A,FALSE,FALSE,FALSE,
Medium_Bilateral_12T,TNG-000_MasterLayout-1,Medium_Bilateral_12T,T03_6TMagazineBaseline,ProfileFeature,D16@T03_6TMagazineBaseline@TNG-000_MasterLayout.Part,24.1546,0.9510,N/A,FALSE,FALSE,FALSE,
Medium_Bilateral_12T,TNG-000_MasterLayout-1,Medium_Bilateral_12T,T03_6TMagazineBaseline,ProfileFeature,D17@T03_6TMagazineBaseline@TNG-000_MasterLayout.Part,60.9600,2.4000,N/A,FALSE,FALSE,FALSE,
Medium_Bilateral_12T,TNG-000_MasterLayout-1,Medium_Bilateral_12T,T03_6TMagazineBaseline,ProfileFeature,D18@T03_6TMagazineBaseline@TNG-000_MasterLayout.Part,1.7780,0.0700,N/A,FALSE,FALSE,FALSE,
Medium_Bilateral_12T,TNG-000_MasterLayout-1,Medium_Bilateral_12T,T04_6TMagazineBaseline,ProfileFeature,D1@T04_6TMagazineBaseline@TNG-000_MasterLayout.Part,22.0980,0.8700,N/A,FALSE,FALSE,FALSE,
Medium_Bilateral_12T,TNG-000_MasterLayout-1,Medium_Bilateral_12T,T04_6TMagazineBaseline,ProfileFeature,D2@T04_6TMagazineBaseline@TNG-000_MasterLayout.Part,162.9456,6.4152,N/A,FALSE,FALSE,FALSE,
Medium_Bilateral_12T,TNG-000_MasterLayout-1,Medium_Bilateral_12T,T04_6TMagazineBaseline,ProfileFeature,D3@T04_6TMagazineBaseline@TNG-000_MasterLayout.Part,6.4609,0.2544,N/A,FALSE,FALSE,FALSE,
Medium_Bilateral_12T,TNG-000_MasterLayout-1,Medium_Bilateral_12T,T04_6TMagazineBaseline,ProfileFeature,D4@T04_6TMagazineBaseline@TNG-000_MasterLayout.Part,11.6248,0.4577,N/A,FALSE,FALSE,FALSE,
Medium_Bilateral_12T,TNG-000_MasterLayout-1,Medium_Bilateral_12T,T04_6TMagazineBaseline,ProfileFeature,D5@T04_6TMagazineBaseline@TNG-000_MasterLayout.Part,16.8488,0.6633,N/A,FALSE,FALSE,FALSE,
Medium_Bilateral_12T,TNG-000_MasterLayout-1,Medium_Bilateral_12T,T04_6TMagazineBaseline,ProfileFeature,D6@T04_6TMagazineBaseline@TNG-000_MasterLayout.Part,23.0896,0.9090,N/A,FALSE,FALSE,FALSE,
Medium_Bilateral_12T,TNG-000_MasterLayout-1,Medium_Bilateral_12T,T04_6TMagazineBaseline,ProfileFeature,D7@T04_6TMagazineBaseline@TNG-000_MasterLayout.Part,27.2967,1.0747,N/A,FALSE,FALSE,FALSE,
Medium_Bilateral_12T,TNG-000_MasterLayout-1,Medium_Bilateral_12T,T04_6TMagazineBaseline,ProfileFeature,D8@T04_6TMagazineBaseline@TNG-000_MasterLayout.Part,29.1169,1.1463,N/A,FALSE,FALSE,FALSE,
Medium_Bilateral_12T,TNG-000_MasterLayout-1,Medium_Bilateral_12T,T04_6TMagazineBaseline,ProfileFeature,D9@T04_6TMagazineBaseline@TNG-000_MasterLayout.Part,29.4608,1.1599,N/A,FALSE,FALSE,FALSE,
Medium_Bilateral_12T,TNG-000_MasterLayout-1,Medium_Bilateral_12T,T04_6TMagazineBaseline,ProfileFeature,D10@T04_6TMagazineBaseline@TNG-000_MasterLayout.Part,29.8991,1.1771,N/A,FALSE,FALSE,FALSE,
Medium_Bilateral_12T,TNG-000_MasterLayout-1,Medium_Bilateral_12T,T04_6TMagazineBaseline,ProfileFeature,D11@T04_6TMagazineBaseline@TNG-000_MasterLayout.Part,29.9987,1.1811,N/A,FALSE,FALSE,FALSE,
Medium_Bilateral_12T,TNG-000_MasterLayout-1,Medium_Bilateral_12T,T04_6TMagazineBaseline,ProfileFeature,D12@T04_6TMagazineBaseline@TNG-000_MasterLayout.Part,29.8798,1.1764,N/A,FALSE,FALSE,FALSE,
Medium_Bilateral_12T,TNG-000_MasterLayout-1,Medium_Bilateral_12T,T04_6TMagazineBaseline,ProfileFeature,D13@T04_6TMagazineBaseline@TNG-000_MasterLayout.Part,29.6160,1.1660,N/A,FALSE,FALSE,FALSE,
Medium_Bilateral_12T,TNG-000_MasterLayout-1,Medium_Bilateral_12T,T04_6TMagazineBaseline,ProfileFeature,D14@T04_6TMagazineBaseline@TNG-000_MasterLayout.Part,28.6892,1.1295,N/A,FALSE,FALSE,FALSE,
Medium_Bilateral_12T,TNG-000_MasterLayout-1,Medium_Bilateral_12T,T04_6TMagazineBaseline,ProfileFeature,D16@T04_6TMagazineBaseline@TNG-000_MasterLayout.Part,25.5516,1.0060,N/A,FALSE,FALSE,FALSE,
Medium_Bilateral_12T,TNG-000_MasterLayout-1,Medium_Bilateral_12T,T04_6TMagazineBaseline,ProfileFeature,D17@T04_6TMagazineBaseline@TNG-000_MasterLayout.Part,22.2256,0.8750,N/A,FALSE,FALSE,FALSE,
Medium_Bilateral_12T,TNG-000_MasterLayout-1,Medium_Bilateral_12T,T04_6TMagazineBaseline,ProfileFeature,D15@T04_6TMagazineBaseline@TNG-000_MasterLayout.Part,35.0089,1.3783,N/A,FALSE,FALSE,FALSE,
Medium_Bilateral_12T,TNG-000_MasterLayout-1,Medium_Bilateral_12T,T04_6TMagazineBaseline,ProfileFeature,D18@T04_6TMagazineBaseline@TNG-000_MasterLayout.Part,34.1892,1.3460,N/A,FALSE,FALSE,FALSE,
Medium_Bilateral_12T,TNG-000_MasterLayout-1,Medium_Bilateral_12T,T04_6TMagazineBaseline,ProfileFeature,D19@T04_6TMagazineBaseline@TNG-000_MasterLayout.Part,32.1428,1.2655,N/A,FALSE,FALSE,FALSE,
Medium_Bilateral_12T,TNG-000_MasterLayout-1,Medium_Bilateral_12T,T04_6TMagazineBaseline,ProfileFeature,D20@T04_6TMagazineBaseline@TNG-000_MasterLayout.Part,25.0566,0.9865,N/A,FALSE,FALSE,FALSE,
Medium_Bilateral_12T,TNG-000_MasterLayout-1,Medium_Bilateral_12T,T04_6TMagazineBaseline,ProfileFeature,D21@T04_6TMagazineBaseline@TNG-000_MasterLayout.Part,16.0922,0.6336,N/A,FALSE,FALSE,FALSE,
Medium_Bilateral_12T,TNG-000_MasterLayout-1,Medium_Bilateral_12T,T04_6TMagazineBaseline,ProfileFeature,D22@T04_6TMagazineBaseline@TNG-000_MasterLayout.Part,34.8806,1.3733,N/A,FALSE,FALSE,FALSE,
Medium_Bilateral_12T,TNG-000_MasterLayout-1,Medium_Bilateral_12T,T04_6TMagazineBaseline,ProfileFeature,D23@T04_6TMagazineBaseline@TNG-000_MasterLayout.Part,38.3927,1.5115,N/A,FALSE,FALSE,FALSE,
Medium_Bilateral_12T,TNG-000_MasterLayout-1,Medium_Bilateral_12T,T04_6TMagazineBaseline,ProfileFeature,D24@T04_6TMagazineBaseline@TNG-000_MasterLayout.Part,13.7170,0.5400,N/A,FALSE,FALSE,FALSE,
Medium_Bilateral_12T,TNG-000_MasterLayout-1,Medium_Bilateral_12T,T04_6TMagazineBaseline,ProfileFeature,D25@T04_6TMagazineBaseline@TNG-000_MasterLayout.Part,40.9528,1.6123,N/A,FALSE,FALSE,FALSE,
Medium_Bilateral_12T,TNG-000_MasterLayout-1,Medium_Bilateral_12T,T04_6TMagazineBaseline,ProfileFeature,D28@T04_6TMagazineBaseline@TNG-000_MasterLayout.Part,6.9078,0.2720,N/A,FALSE,FALSE,FALSE,
Medium_Bilateral_12T,TNG-000_MasterLayout-1,Medium_Bilateral_12T,T04_6TMagazineBaseline,ProfileFeature,D29@T04_6TMagazineBaseline@TNG-000_MasterLayout.Part,23.0948,0.9092,N/A,FALSE,FALSE,FALSE,
Medium_Bilateral_12T,TNG-000_MasterLayout-1,Medium_Bilateral_12T,T04_6TMagazineBaseline,ProfileFeature,D30@T04_6TMagazineBaseline@TNG-000_MasterLayout.Part,29.6621,1.1678,N/A,FALSE,FALSE,FALSE,
Medium_Bilateral_12T,TNG-000_MasterLayout-1,Medium_Bilateral_12T,T04_6TMagazineBaseline,ProfileFeature,D31@T04_6TMagazineBaseline@TNG-000_MasterLayout.Part,36.7066,1.4451,N/A,FALSE,FALSE,FALSE,
Medium_Bilateral_12T,TNG-000_MasterLayout-1,Medium_Bilateral_12T,T04_6TMagazineBaseline,ProfileFeature,D32@T04_6TMagazineBaseline@TNG-000_MasterLayout.Part,3.4422,0.1355,N/A,FALSE,FALSE,FALSE,
Medium_Bilateral_12T,TNG-000_MasterLayout-1,Medium_Bilateral_12T,T04_6TMagazineBaseline,ProfileFeature,D27@T04_6TMagazineBaseline@TNG-000_MasterLayout.Part,1.7780,0.0700,N/A,FALSE,FALSE,FALSE,
Medium_Bilateral_12T,TNG-000_MasterLayout-1,Medium_Bilateral_12T,T04_6TMagazineBaseline,ProfileFeature,D26@T04_6TMagazineBaseline@TNG-000_MasterLayout.Part,60.9600,2.4000,N/A,FALSE,FALSE,FALSE,
Medium_Bilateral_12T,TNG-000_MasterLayout-1,Medium_Bilateral_12T,T04_6TMagazineBaseline,ProfileFeature,D33@T04_6TMagazineBaseline@TNG-000_MasterLayout.Part,72.8381,2.8676,N/A,FALSE,FALSE,FALSE,
Medium_Bilateral_12T,TNG-000_MasterLayout-1,Medium_Bilateral_12T,T04_6TMagazineBaseline,ProfileFeature,D34@T04_6TMagazineBaseline@TNG-000_MasterLayout.Part,26.8973,1.0589,N/A,FALSE,FALSE,FALSE,
Medium_Bilateral_12T,TNG-000_MasterLayout-1,Medium_Bilateral_12T,T05_6TMagazineBaseline,ProfileFeature,D1@T05_6TMagazineBaseline@TNG-000_MasterLayout.Part,22.0980,0.8700,N/A,FALSE,FALSE,FALSE,
Medium_Bilateral_12T,TNG-000_MasterLayout-1,Medium_Bilateral_12T,T05_6TMagazineBaseline,ProfileFeature,D2@T05_6TMagazineBaseline@TNG-000_MasterLayout.Part,60.9600,2.4000,N/A,FALSE,FALSE,FALSE,
Medium_Bilateral_12T,TNG-000_MasterLayout-1,Medium_Bilateral_12T,T05_6TMagazineBaseline,ProfileFeature,D3@T05_6TMagazineBaseline@TNG-000_MasterLayout.Part,160.0200,6.3000,N/A,FALSE,FALSE,FALSE,
Medium_Bilateral_12T,TNG-000_MasterLayout-1,Medium_Bilateral_12T,T05_6TMagazineBaseline,ProfileFeature,D4@T05_6TMagazineBaseline@TNG-000_MasterLayout.Part,1.7780,0.0700,N/A,FALSE,FALSE,FALSE,
Medium_Bilateral_12T,TNG-000_MasterLayout-1,Medium_Bilateral_12T,T06_6TMagazineBaseline,ProfileFeature,D1@T06_6TMagazineBaseline@TNG-000_MasterLayout.Part,22.0980,0.8700,N/A,FALSE,FALSE,FALSE,
Medium_Bilateral_12T,TNG-000_MasterLayout-1,Medium_Bilateral_12T,T06_6TMagazineBaseline,ProfileFeature,D2@T06_6TMagazineBaseline@TNG-000_MasterLayout.Part,60.9600,2.4000,N/A,FALSE,FALSE,FALSE,
Medium_Bilateral_12T,TNG-000_MasterLayout-1,Medium_Bilateral_12T,T06_6TMagazineBaseline,ProfileFeature,D3@T06_6TMagazineBaseline@TNG-000_MasterLayout.Part,1.7780,0.0700,N/A,FALSE,FALSE,FALSE,
Medium_Bilateral_12T,TNG-000_MasterLayout-1,Medium_Bilateral_12T,T06_6TMagazineBaseline,ProfileFeature,D4@T06_6TMagazineBaseline@TNG-000_MasterLayout.Part,24.7311,0.9737,N/A,FALSE,FALSE,FALSE,
Medium_Bilateral_12T,TNG-000_MasterLayout-1,Medium_Bilateral_12T,T06_6TMagazineBaseline,ProfileFeature,D5@T06_6TMagazineBaseline@TNG-000_MasterLayout.Part,30.7148,1.2092,N/A,FALSE,FALSE,FALSE,
Medium_Bilateral_12T,TNG-000_MasterLayout-1,Medium_Bilateral_12T,T06_6TMagazineBaseline,ProfileFeature,D6@T06_6TMagazineBaseline@TNG-000_MasterLayout.Part,100.3423,3.9505,N/A,FALSE,FALSE,FALSE,
Medium_Bilateral_12T,TNG-000_MasterLayout-1,Medium_Bilateral_12T,T06_6TMagazineBaseline,ProfileFeature,D7@T06_6TMagazineBaseline@TNG-000_MasterLayout.Part,38.3203,1.5087,N/A,FALSE,FALSE,FALSE,
Medium_Bilateral_12T,TNG-000_MasterLayout-1,Medium_Bilateral_12T,T06_6TMagazineBaseline,ProfileFeature,D8@T06_6TMagazineBaseline@TNG-000_MasterLayout.Part,11.0645,0.4356,N/A,FALSE,FALSE,FALSE,
Medium_Bilateral_12T,TNG-000_MasterLayout-1,Medium_Bilateral_12T,T06_6TMagazineBaseline,ProfileFeature,D9@T06_6TMagazineBaseline@TNG-000_MasterLayout.Part,21.2762,0.8376,N/A,FALSE,FALSE,FALSE,
Medium_Bilateral_12T,TNG-000_MasterLayout-1,Medium_Bilateral_12T,T06_6TMagazineBaseline,ProfileFeature,D10@T06_6TMagazineBaseline@TNG-000_MasterLayout.Part,33.6322,1.3241,N/A,FALSE,FALSE,FALSE,
Medium_Bilateral_12T,TNG-000_MasterLayout-1,Medium_Bilateral_12T,T06_6TMagazineBaseline,ProfileFeature,D11@T06_6TMagazineBaseline@TNG-000_MasterLayout.Part,44.4226,1.7489,N/A,FALSE,FALSE,FALSE,
Medium_Bilateral_12T,TNG-000_MasterLayout-1,Medium_Bilateral_12T,T06_6TMagazineBaseline,ProfileFeature,D13@T06_6TMagazineBaseline@TNG-000_MasterLayout.Part,218.4400,8.6000,N/A,FALSE,FALSE,FALSE,
Medium_Bilateral_12T,TNG-000_MasterLayout-1,Medium_Bilateral_12T,T06_6TMagazineBaseline,ProfileFeature,D14@T06_6TMagazineBaseline@TNG-000_MasterLayout.Part,39.0589,1.5378,N/A,FALSE,FALSE,FALSE,
Medium_Bilateral_12T,TNG-000_MasterLayout-1,Medium_Bilateral_12T,T06_6TMagazineBaseline,ProfileFeature,D15@T06_6TMagazineBaseline@TNG-000_MasterLayout.Part,37.9341,1.4935,N/A,FALSE,FALSE,FALSE,
Medium_Bilateral_12T,TNG-000_MasterLayout-1,Medium_Bilateral_12T,T06_6TMagazineBaseline,ProfileFeature,D12@T06_6TMagazineBaseline@TNG-000_MasterLayout.Part,100.3423,3.9505,N/A,FALSE,FALSE,FALSE,
Medium_Bilateral_12T,TNG-000_MasterLayout-1,Medium_Bilateral_12T,T06_6TMagazineBaseline,ProfileFeature,D16@T06_6TMagazineBaseline@TNG-000_MasterLayout.Part,50.9472,2.0058,N/A,FALSE,FALSE,FALSE,
Medium_Bilateral_12T,TNG-000_MasterLayout-1,Medium_Bilateral_12T,[Equation 0],Equation,,,,,,,TRUE,"""drum_len_in"" = 22in"
Medium_Bilateral_12T,TNG-000_MasterLayout-1,Medium_Bilateral_12T,[Equation 1],Equation,,,,,,,TRUE,"""drum_wid_in"" = 9in"
Medium_Bilateral_12T,TNG-000_MasterLayout-1,Medium_Bilateral_12T,[Equation 2],Equation,,,,,,,TRUE,"""drum_hgt_in"" = 7in"
Medium_Bilateral_12T,TNG-000_MasterLayout-1,Medium_Bilateral_12T,[Equation 3],Equation,,,,,,,TRUE,"""top_thk_in"" = 0.4in"
Medium_Bilateral_12T,TNG-000_MasterLayout-1,Medium_Bilateral_12T,[Equation 4],Equation,,,,,,,TRUE,"""bottom_thk_in""= 0.5in"
Medium_Bilateral_12T,TNG-000_MasterLayout-1,Medium_Bilateral_12T,[Equation 5],Equation,,,,,,,TRUE,"""side_thk_in""= 0.5in"
Medium_Bilateral_12T,TNG-000_MasterLayout-1,Medium_Bilateral_12T,[Equation 6],Equation,,,,,,,TRUE,"""end_cap_thk_in""= 0.5in"
Medium_Bilateral_12T,TNG-000_MasterLayout-1,Medium_Bilateral_12T,[Equation 7],Equation,,,,,,,TRUE,"""slit_kerf_in"" = 0.075in"
Medium_Bilateral_12T,TNG-000_MasterLayout-1,Medium_Bilateral_12T,[Equation 8],Equation,,,,,,,TRUE,"""slit_end_rad_in""= 0.25in"
Medium_Bilateral_12T,TNG-000_MasterLayout-1,Medium_Bilateral_12T,[Equation 9],Equation,,,,,,,TRUE,"""tongue_gap_in""= 0.06in"
Medium_Bilateral_12T,TNG-000_MasterLayout-1,Medium_Bilateral_12T,[Equation 10],Equation,,,,,,,TRUE,"""port_dia_in""= 1.5in"
Medium_Bilateral_12T,TNG-000_MasterLayout-1,Medium_Bilateral_12T,[Equation 11],Equation,,,,,,,TRUE,"""foot_dia_in""= 1.25in"
Medium_Bilateral_12T,TNG-000_MasterLayout-1,Medium_Bilateral_12T,[Equation 12],Equation,,,,,,,TRUE,"""foot_hgt_in""= 0.75in"
Medium_Bilateral_12T,TNG-000_MasterLayout-1,Medium_Bilateral_12T,[Equation 13],Equation,,,,,,,TRUE,"""rough_len_factor""= 2 ^ ( - ""sharp_bias_cents"" / 2400 )"
Medium_Bilateral_12T,TNG-000_MasterLayout-1,Medium_Bilateral_12T,[Equation 14],Equation,,,,,,,TRUE,"""sharp_bias_cents""= 12"
Medium_Bilateral_12T,TNG-000_MasterLayout-1,Medium_Bilateral_12T,[Equation 15],Equation,,,,,,,TRUE,"""tongue_width_in""= 1.0in"
Medium_Bilateral_12T,TNG-000_MasterLayout-1,Medium_Bilateral_12T,[Equation 16],Equation,,,,,,,TRUE,"""cavity_len_in""= ""drum_len_in"" - 2 * ""end_cap_thk_in"""
Medium_Bilateral_12T,TNG-000_MasterLayout-1,Medium_Bilateral_12T,[Equation 17],Equation,,,,,,,TRUE,"""cavity_wid_in""= ""drum_wid_in"" - 2 * ""side_thk_in"""
Medium_Bilateral_12T,TNG-000_MasterLayout-1,Medium_Bilateral_12T,[Equation 18],Equation,,,,,,,TRUE,"""cavity_hgt_in""= ""drum_hgt_in"" - ""top_thk_in"" - ""bottom_thk_in"""
Medium_Bilateral_12T,TNG-000_MasterLayout-1,Medium_Bilateral_12T,[Equation 19],Equation,,,,,,,TRUE,"""cavity_vol_in3""= ""cavity_len_in"" * ""cavity_wid_in"" * ""cavity_hgt_in"""
Medium_Bilateral_12T,TNG-000_MasterLayout-1,Medium_Bilateral_12T,[Equation 20],Equation,,,,,,,TRUE,"""panel_top_len""= ""drum_len_in"""
Medium_Bilateral_12T,TNG-000_MasterLayout-1,Medium_Bilateral_12T,[Equation 21],Equation,,,,,,,TRUE,"""panel_top_wid""= ""drum_wid_in"""
Medium_Bilateral_12T,TNG-000_MasterLayout-1,Medium_Bilateral_12T,[Equation 22],Equation,,,,,,,TRUE,"""side_panel_len""= ""drum_len_in"""
Medium_Bilateral_12T,TNG-000_MasterLayout-1,Medium_Bilateral_12T,[Equation 23],Equation,,,,,,,TRUE,"""side_panel_hgt""= ""drum_hgt_in"" - ""top_thk_in"" - ""bottom_thk_in"""
Medium_Bilateral_12T,TNG-000_MasterLayout-1,Medium_Bilateral_12T,[Equation 24],Equation,,,,,,,TRUE,"""bank_l_count""= 6"
Medium_Bilateral_12T,TNG-000_MasterLayout-1,Medium_Bilateral_12T,[Equation 25],Equation,,,,,,,TRUE,"""bank_r_count"" = 6"
Medium_Bilateral_12T,TNG-000_MasterLayout-1,Medium_Bilateral_12T,[Equation 26],Equation,,,,,,,TRUE,"""bank_spacing_y""= 1.1"
Medium_Bilateral_12T,TNG-000_MasterLayout-1,Medium_Bilateral_12T,[Equation 27],Equation,,,,,,,TRUE,"""mirror_banks""= 1"
Medium_Bilateral_12T,TNG-000_MasterLayout-1,Medium_Bilateral_12T,[Equation 28],Equation,,,,,,,TRUE,"""t01_freq_hz""= 440 * 2 ^ ( ( ""t01_midi_note"" - 69 ) / 12 )"
Medium_Bilateral_12T,TNG-000_MasterLayout-1,Medium_Bilateral_12T,[Equation 29],Equation,,,,,,,TRUE,"""t01_len_in""= 8.5243695in"
Medium_Bilateral_12T,TNG-000_MasterLayout-1,Medium_Bilateral_12T,[Equation 30],Equation,,,,,,,TRUE,"""t01_bank""= 1"
Medium_Bilateral_12T,TNG-000_MasterLayout-1,Medium_Bilateral_12T,[Equation 31],Equation,,,,,,,TRUE,"""t01_scale_degree""= 1"
Medium_Bilateral_12T,TNG-000_MasterLayout-1,Medium_Bilateral_12T,[Equation 32],Equation,,,,,,,TRUE,"""tuning_allowance_in""= 1in"
Medium_Bilateral_12T,TNG-000_MasterLayout-1,Medium_Bilateral_12T,[Equation 33],Equation,,,,,,,TRUE,"""screw_size""= 0.125in"
Medium_Bilateral_12T,TNG-000_MasterLayout-1,Medium_Bilateral_12T,[Equation 34],Equation,,,,,,,TRUE,"""screw_clearance_in""= 0.003in"
Medium_Bilateral_12T,TNG-000_MasterLayout-1,Medium_Bilateral_12T,[Equation 35],Equation,,,,,,,TRUE,"""bank_r_origin_x""= ""drum_len_in"" - 2 * ""end_cap_thk_in"""
Medium_Bilateral_12T,TNG-000_MasterLayout-1,Medium_Bilateral_12T,[Equation 36],Equation,,,,,,,TRUE,"""bank_l_origin_x""= ""end_cap_thk_in"""
Medium_Bilateral_12T,TNG-000_MasterLayout-1,Medium_Bilateral_12T,[Equation 37],Equation,,,,,,,TRUE,"""freq_hz""= 440"
Medium_Bilateral_12T,TNG-000_MasterLayout-1,Medium_Bilateral_12T,[Equation 38],Equation,,,,,,,TRUE,"""t01_midi_note""= 60"
Medium_Bilateral_12T,TNG-000_MasterLayout-1,Medium_Bilateral_12T,[Equation 39],Equation,,,,,,,TRUE,"""k_imperial""= 27000"
Medium_Bilateral_12T,TNG-000_MasterLayout-1,Medium_Bilateral_12T,[Equation 40],Equation,,,,,,,TRUE,"""t01_est_len_in""= sqr ( ""k_imperial"" * ""top_thk_in"" / ""t01_freq_hz"" )"
Medium_Bilateral_12T,TNG-000_MasterLayout-1,Medium_Bilateral_12T,[Equation 41],Equation,,,,,,,TRUE,"""t02_freq_hz""= 440 * 2 ^ ( ( ""t02_midi_note"" - 69 ) / 12 )"
Medium_Bilateral_12T,TNG-000_MasterLayout-1,Medium_Bilateral_12T,[Equation 42],Equation,,,,,,,TRUE,"""t03_freq_hz""= 440 * 2 ^ ( ( ""t03_midi_note"" - 69 ) / 12 )"
Medium_Bilateral_12T,TNG-000_MasterLayout-1,Medium_Bilateral_12T,[Equation 43],Equation,,,,,,,TRUE,"""t04_freq_hz""= 440 * 2 ^ ( ( ""t04_midi_note"" - 69 ) / 12 )"
Medium_Bilateral_12T,TNG-000_MasterLayout-1,Medium_Bilateral_12T,[Equation 44],Equation,,,,,,,TRUE,"""t05_freq_hz""= 440 * 2 ^ ( ( ""t05_midi_note"" - 69 ) / 12 )"
Medium_Bilateral_12T,TNG-000_MasterLayout-1,Medium_Bilateral_12T,[Equation 45],Equation,,,,,,,TRUE,"""t06_freq_hz""= 440 * 2 ^ ( ( ""t06_midi_note"" - 69 ) / 12 )"
Medium_Bilateral_12T,TNG-000_MasterLayout-1,Medium_Bilateral_12T,[Equation 46],Equation,,,,,,,TRUE,"""t07_freq_hz""= 440 * 2 ^ ( ( ""t07_midi_note"" - 69 ) / 12 )"
Medium_Bilateral_12T,TNG-000_MasterLayout-1,Medium_Bilateral_12T,[Equation 47],Equation,,,,,,,TRUE,"""t08_freq_hz""= 440 * 2 ^ ( ( ""t08_midi_note"" - 69 ) / 12 )"
Medium_Bilateral_12T,TNG-000_MasterLayout-1,Medium_Bilateral_12T,[Equation 48],Equation,,,,,,,TRUE,"""t09_freq_hz""= 440 * 2 ^ ( ( ""t09_midi_note"" - 69 ) / 12 )"
Medium_Bilateral_12T,TNG-000_MasterLayout-1,Medium_Bilateral_12T,[Equation 49],Equation,,,,,,,TRUE,"""t10_freq_hz""= 440 * 2 ^ ( ( ""t10_midi_note"" - 69 ) / 12 )"
Medium_Bilateral_12T,TNG-000_MasterLayout-1,Medium_Bilateral_12T,[Equation 50],Equation,,,,,,,TRUE,"""t11_freq_hz""= 440 * 2 ^ ( ( ""t11_midi_note"" - 69 ) / 12 )"
Medium_Bilateral_12T,TNG-000_MasterLayout-1,Medium_Bilateral_12T,[Equation 51],Equation,,,,,,,TRUE,"""t12_freq_hz""= 440 * 2 ^ ( ( ""t12_midi_note"" - 69 ) / 12 )"
Medium_Bilateral_12T,TNG-000_MasterLayout-1,Medium_Bilateral_12T,[Equation 52],Equation,,,,,,,TRUE,"""t13_freq_hz""= 440 * 2 ^ ( ( ""t13_midi_note"" - 69 ) / 12 )"
Medium_Bilateral_12T,TNG-000_MasterLayout-1,Medium_Bilateral_12T,[Equation 53],Equation,,,,,,,TRUE,"""t14_freq_hz""= 440 * 2 ^ ( ( ""t14_midi_note"" - 69 ) / 12 )"
Medium_Bilateral_12T,TNG-000_MasterLayout-1,Medium_Bilateral_12T,[Equation 54],Equation,,,,,,,TRUE,"""t15_freq_hz""= 440 * 2 ^ ( ( ""t15_midi_note"" - 69 ) / 12 )"
Medium_Bilateral_12T,TNG-000_MasterLayout-1,Medium_Bilateral_12T,[Equation 55],Equation,,,,,,,TRUE,"""t02_len_in"" = 8.6in"
Medium_Bilateral_12T,TNG-000_MasterLayout-1,Medium_Bilateral_12T,[Equation 56],Equation,,,,,,,TRUE,"""t03_len_in""=6in"
Medium_Bilateral_12T,TNG-000_MasterLayout-1,Medium_Bilateral_12T,[Equation 57],Equation,,,,,,,TRUE,"""t04_len_in""=5.9in"
Medium_Bilateral_12T,TNG-000_MasterLayout-1,Medium_Bilateral_12T,[Equation 58],Equation,,,,,,,TRUE,"""t05_len_in""= 6.3in"
Medium_Bilateral_12T,TNG-000_MasterLayout-1,Medium_Bilateral_12T,[Equation 59],Equation,,,,,,,TRUE,"""t06_len_in"" = 8in"
Medium_Bilateral_12T,TNG-000_MasterLayout-1,Medium_Bilateral_12T,[Equation 60],Equation,,,,,,,TRUE,"""t07_len_in"" = 10in"
Medium_Bilateral_12T,TNG-000_MasterLayout-1,Medium_Bilateral_12T,[Equation 61],Equation,,,,,,,TRUE,"""t08_len_in"" = 10in"
Medium_Bilateral_12T,TNG-000_MasterLayout-1,Medium_Bilateral_12T,[Equation 62],Equation,,,,,,,TRUE,"""t09_len_in"" = 10in"
Medium_Bilateral_12T,TNG-000_MasterLayout-1,Medium_Bilateral_12T,[Equation 63],Equation,,,,,,,TRUE,"""t10_len_in"" = 10in"
Medium_Bilateral_12T,TNG-000_MasterLayout-1,Medium_Bilateral_12T,[Equation 64],Equation,,,,,,,TRUE,"""t11_len_in"" = 10in"
Medium_Bilateral_12T,TNG-000_MasterLayout-1,Medium_Bilateral_12T,[Equation 65],Equation,,,,,,,TRUE,"""t12_len_in"" = 11in"
Medium_Bilateral_12T,TNG-000_MasterLayout-1,Medium_Bilateral_12T,[Equation 66],Equation,,,,,,,TRUE,"""t13_len_in""= 0in"
Medium_Bilateral_12T,TNG-000_MasterLayout-1,Medium_Bilateral_12T,[Equation 67],Equation,,,,,,,TRUE,"""t14_len_in""= 0in"
Medium_Bilateral_12T,TNG-000_MasterLayout-1,Medium_Bilateral_12T,[Equation 68],Equation,,,,,,,TRUE,"""t15_len_in""= 0in"
Medium_Bilateral_12T,TNG-000_MasterLayout-1,Medium_Bilateral_12T,[Equation 69],Equation,,,,,,,TRUE,"""t16_len_in""= 0in"
Medium_Bilateral_12T,TNG-000_MasterLayout-1,Medium_Bilateral_12T,[Equation 70],Equation,,,,,,,TRUE,"""t02_bank""= 1"
Medium_Bilateral_12T,TNG-000_MasterLayout-1,Medium_Bilateral_12T,[Equation 71],Equation,,,,,,,TRUE,"""t03_bank""= 1"
Medium_Bilateral_12T,TNG-000_MasterLayout-1,Medium_Bilateral_12T,[Equation 72],Equation,,,,,,,TRUE,"""t04_bank""= 1"
Medium_Bilateral_12T,TNG-000_MasterLayout-1,Medium_Bilateral_12T,[Equation 73],Equation,,,,,,,TRUE,"""t05_bank""=1"
Medium_Bilateral_12T,TNG-000_MasterLayout-1,Medium_Bilateral_12T,[Equation 74],Equation,,,,,,,TRUE,"""t06_bank""=1"
Medium_Bilateral_12T,TNG-000_MasterLayout-1,Medium_Bilateral_12T,[Equation 75],Equation,,,,,,,TRUE,"""t07_bank"" = 2"
Medium_Bilateral_12T,TNG-000_MasterLayout-1,Medium_Bilateral_12T,[Equation 76],Equation,,,,,,,TRUE,"""t08_bank"" = 2"
Medium_Bilateral_12T,TNG-000_MasterLayout-1,Medium_Bilateral_12T,[Equation 77],Equation,,,,,,,TRUE,"""t09_bank"" = 2"
Medium_Bilateral_12T,TNG-000_MasterLayout-1,Medium_Bilateral_12T,[Equation 78],Equation,,,,,,,TRUE,"""t10_bank"" = 2"
Medium_Bilateral_12T,TNG-000_MasterLayout-1,Medium_Bilateral_12T,[Equation 79],Equation,,,,,,,TRUE,"""t11_bank"" = 2"
Medium_Bilateral_12T,TNG-000_MasterLayout-1,Medium_Bilateral_12T,[Equation 80],Equation,,,,,,,TRUE,"""t12_bank"" = 2"
Medium_Bilateral_12T,TNG-000_MasterLayout-1,Medium_Bilateral_12T,[Equation 81],Equation,,,,,,,TRUE,"""t13_bank""= 0"
Medium_Bilateral_12T,TNG-000_MasterLayout-1,Medium_Bilateral_12T,[Equation 82],Equation,,,,,,,TRUE,"""t14_bank""= 0"
Medium_Bilateral_12T,TNG-000_MasterLayout-1,Medium_Bilateral_12T,[Equation 83],Equation,,,,,,,TRUE,"""t15_bank""= 0"
Medium_Bilateral_12T,TNG-000_MasterLayout-1,Medium_Bilateral_12T,[Equation 84],Equation,,,,,,,TRUE,"""t16_bank""= 0"
Medium_Bilateral_12T,TNG-000_MasterLayout-1,Medium_Bilateral_12T,[Equation 85],Equation,,,,,,,FALSE,"""drum_len_in_sketch@SK_OUTER_BOX""= ""drum_len_in"""
Medium_Bilateral_12T,TNG-000_MasterLayout-1,Medium_Bilateral_12T,[Equation 86],Equation,,,,,,,FALSE,"""drum_wid_in@SK_OUTER_BOX""= ""drum_wid_in"""
Medium_Bilateral_12T,TNG-000_MasterLayout-1,Medium_Bilateral_12T,[Equation 87],Equation,,,,,,,FALSE,"""side_thk_in_sketch@SK_CAVITY""= ""side_thk_in"""
Medium_Bilateral_12T,TNG-000_MasterLayout-1,Medium_Bilateral_12T,[Equation 88],Equation,,,,,,,FALSE,"""end_cap_thk_in_sketch@SK_CAVITY""= ""end_cap_thk_in"""
Medium_Bilateral_12T,TNG-000_MasterLayout-1,Medium_Bilateral_12T,[Equation 89],Equation,,,,,,,FALSE,"""cavity_hgt_in@SK_HEIGHT_STACK""= ""cavity_hgt_in"""
Medium_Bilateral_12T,TNG-000_MasterLayout-1,Medium_Bilateral_12T,[Equation 90],Equation,,,,,,,FALSE,"""top_thk_in_sketch@SK_HEIGHT_STACK"" = ""top_thk_in"""
Medium_Bilateral_12T,TNG-000_MasterLayout-1,Medium_Bilateral_12T,[Equation 91],Equation,,,,,,,FALSE,"""bottom_thk_in_sketch@SK_HEIGHT_STACK""= ""bottom_thk_in"""
Medium_Bilateral_12T,TNG-000_MasterLayout-1,Medium_Bilateral_12T,[Equation 92],Equation,,,,,,,FALSE,"""port_dia_in@SK_PORT""= ""port_dia_in"""
Medium_Bilateral_12T,TNG-000_MasterLayout-1,Medium_Bilateral_12T,[Equation 93],Equation,,,,,,,FALSE,"""foot_dia@SK_FEET""= ""foot_dia_in"""
Medium_Bilateral_12T,TNG-000_MasterLayout-1,Medium_Bilateral_12T,[Equation 94],Equation,,,,,,,TRUE,"""t02_midi_note""= 61"
Medium_Bilateral_12T,TNG-000_MasterLayout-1,Medium_Bilateral_12T,[Equation 95],Equation,,,,,,,TRUE,"""t03_midi_note""= 62"
Medium_Bilateral_12T,TNG-000_MasterLayout-1,Medium_Bilateral_12T,[Equation 96],Equation,,,,,,,TRUE,"""t04_midi_note""= 64"
Medium_Bilateral_12T,TNG-000_MasterLayout-1,Medium_Bilateral_12T,[Equation 97],Equation,,,,,,,TRUE,"""t05_midi_note""= 67"
Medium_Bilateral_12T,TNG-000_MasterLayout-1,Medium_Bilateral_12T,[Equation 98],Equation,,,,,,,TRUE,"""t06_midi_note""= 70"
Medium_Bilateral_12T,TNG-000_MasterLayout-1,Medium_Bilateral_12T,[Equation 99],Equation,,,,,,,TRUE,"""t07_midi_note"" = 77"
Medium_Bilateral_12T,TNG-000_MasterLayout-1,Medium_Bilateral_12T,[Equation 100],Equation,,,,,,,TRUE,"""t08_midi_note"" = 79"
Medium_Bilateral_12T,TNG-000_MasterLayout-1,Medium_Bilateral_12T,[Equation 101],Equation,,,,,,,TRUE,"""t09_midi_note"" = 80"
Medium_Bilateral_12T,TNG-000_MasterLayout-1,Medium_Bilateral_12T,[Equation 102],Equation,,,,,,,TRUE,"""t10_midi_note"" = 85"
Medium_Bilateral_12T,TNG-000_MasterLayout-1,Medium_Bilateral_12T,[Equation 103],Equation,,,,,,,TRUE,"""t11_midi_note"" = 86"
Medium_Bilateral_12T,TNG-000_MasterLayout-1,Medium_Bilateral_12T,[Equation 104],Equation,,,,,,,TRUE,"""t12_midi_note"" = 87"
Medium_Bilateral_12T,TNG-000_MasterLayout-1,Medium_Bilateral_12T,[Equation 105],Equation,,,,,,,TRUE,"""t13_midi_note""= 0"
Medium_Bilateral_12T,TNG-000_MasterLayout-1,Medium_Bilateral_12T,[Equation 106],Equation,,,,,,,TRUE,"""t14_midi_note""= 0"
Medium_Bilateral_12T,TNG-000_MasterLayout-1,Medium_Bilateral_12T,[Equation 107],Equation,,,,,,,TRUE,"""t15_midi_note""= 0"
Medium_Bilateral_12T,TNG-000_MasterLayout-1,Medium_Bilateral_12T,[Equation 108],Equation,,,,,,,TRUE,"""t16_midi_note""= 0"
Medium_Bilateral_12T,TNG-000_MasterLayout-1,Medium_Bilateral_12T,[Equation 109],Equation,,,,,,,TRUE,"""t16_freq_hz""= 440 * 2 ^ ( ( ""t16_midi_note"" - 69 ) / 12 )"
Medium_Bilateral_12T,TNG-000_MasterLayout-1,Medium_Bilateral_12T,[Equation 110],Equation,,,,,,,TRUE,"""foot_inset_in""= 1.8in"
Medium_Bilateral_12T,TNG-000_MasterLayout-1,Medium_Bilateral_12T,[Equation 111],Equation,,,,,,,TRUE,"""foot_screw_hole_dia_in""= 0.129in"
Medium_Bilateral_12T,TNG-000_MasterLayout-1,Medium_Bilateral_12T,[Equation 112],Equation,,,,,,,FALSE,"""foot_setting@SK_FEET""= ""foot_inset_in"""
Medium_Bilateral_12T,TNG-000_MasterLayout-1,Medium_Bilateral_12T,[Equation 113],Equation,,,,,,,FALSE,"""screw_hole@SK_FEET""= ""screw_size"""
Medium_Bilateral_12T,TNG-000_MasterLayout-1,Medium_Bilateral_12T,[Equation 114],Equation,,,,,,,TRUE,"""t01_wid"" = 1in"
Medium_Bilateral_12T,TNG-000_MasterLayout-1,Medium_Bilateral_12T,[Equation 115],Equation,,,,,,,TRUE,"""t02_wid"" = 1in"
Medium_Bilateral_12T,TNG-000_MasterLayout-1,Medium_Bilateral_12T,[Equation 116],Equation,,,,,,,TRUE,"""t03_wid"" = 1in"
Medium_Bilateral_12T,TNG-000_MasterLayout-1,Medium_Bilateral_12T,[Equation 117],Equation,,,,,,,TRUE,"""t04_wid""= 0.87in"
Medium_Bilateral_12T,TNG-000_MasterLayout-1,Medium_Bilateral_12T,[Equation 118],Equation,,,,,,,TRUE,"""t05_wid"" = 1in"
Medium_Bilateral_12T,TNG-000_MasterLayout-1,Medium_Bilateral_12T,[Equation 119],Equation,,,,,,,TRUE,"""t06_wid"" = 1in"
Medium_Bilateral_12T,TNG-000_MasterLayout-1,Medium_Bilateral_12T,[Equation 120],Equation,,,,,,,TRUE,"""t07_wid"" = 1in"
Medium_Bilateral_12T,TNG-000_MasterLayout-1,Medium_Bilateral_12T,[Equation 121],Equation,,,,,,,TRUE,"""t08_wid"" = 1in"
Medium_Bilateral_12T,TNG-000_MasterLayout-1,Medium_Bilateral_12T,[Equation 122],Equation,,,,,,,TRUE,"""t09_wid"" = 1in"
Medium_Bilateral_12T,TNG-000_MasterLayout-1,Medium_Bilateral_12T,[Equation 123],Equation,,,,,,,TRUE,"""t10_wid"" = 1in"
Medium_Bilateral_12T,TNG-000_MasterLayout-1,Medium_Bilateral_12T,[Equation 124],Equation,,,,,,,TRUE,"""t11_wid"" = 1in"
Medium_Bilateral_12T,TNG-000_MasterLayout-1,Medium_Bilateral_12T,[Equation 125],Equation,,,,,,,TRUE,"""t12_wid"" = 1in"
Medium_Bilateral_12T,TNG-000_MasterLayout-1,Medium_Bilateral_12T,[Equation 126],Equation,,,,,,,TRUE,"""t13_wid"" = 1in"
Medium_Bilateral_12T,TNG-000_MasterLayout-1,Medium_Bilateral_12T,[Equation 127],Equation,,,,,,,TRUE,"""t14_wid"" = 1in"
Medium_Bilateral_12T,TNG-000_MasterLayout-1,Medium_Bilateral_12T,[Equation 128],Equation,,,,,,,TRUE,"""t16_wid"" = 1in"
Medium_Bilateral_12T,TNG-000_MasterLayout-1,Medium_Bilateral_12T,[Equation 129],Equation,,,,,,,TRUE,"""t15_wid""= 0in"
Medium_Bilateral_12T,TNG-000_MasterLayout-1,Medium_Bilateral_12T,[Equation 130],Equation,,,,,,,TRUE,"""r_tong_bank""=2.16066"
Medium_Bilateral_12T,TNG-000_MasterLayout-1,Medium_Bilateral_12T,[Equation 131],Equation,,,,,,,TRUE,"""l_tong_bank""=2.4"
Medium_Bilateral_10T,TNG-000_MasterLayout-1,Medium_Bilateral_10T,SK_OUTER_BOX,ProfileFeature,drum_len_in_sketch@SK_OUTER_BOX@TNG-000_MasterLayout.Part,457.2000,18.0000,N/A,TRUE,FALSE,FALSE,
Medium_Bilateral_10T,TNG-000_MasterLayout-1,Medium_Bilateral_10T,SK_OUTER_BOX,ProfileFeature,drum_wid_in@SK_OUTER_BOX@TNG-000_MasterLayout.Part,203.2000,8.0000,N/A,TRUE,FALSE,FALSE,
Medium_Bilateral_10T,TNG-000_MasterLayout-1,Medium_Bilateral_10T,SK_CAVITY,ProfileFeature,end_cap_thk_in_sketch@SK_CAVITY@TNG-000_MasterLayout.Part,12.7000,0.5000,N/A,TRUE,FALSE,FALSE,
Medium_Bilateral_10T,TNG-000_MasterLayout-1,Medium_Bilateral_10T,SK_CAVITY,ProfileFeature,side_thk_in_sketch@SK_CAVITY@TNG-000_MasterLayout.Part,12.7000,0.5000,N/A,TRUE,FALSE,FALSE,
Medium_Bilateral_10T,TNG-000_MasterLayout-1,Medium_Bilateral_10T,SK_HEIGHT_STACK,ProfileFeature,top_thk_in_sketch@SK_HEIGHT_STACK@TNG-000_MasterLayout.Part,8.8900,0.3500,N/A,TRUE,FALSE,FALSE,
Medium_Bilateral_10T,TNG-000_MasterLayout-1,Medium_Bilateral_10T,SK_HEIGHT_STACK,ProfileFeature,bottom_thk_in_sketch@SK_HEIGHT_STACK@TNG-000_MasterLayout.Part,12.7000,0.5000,N/A,TRUE,FALSE,FALSE,
Medium_Bilateral_10T,TNG-000_MasterLayout-1,Medium_Bilateral_10T,SK_HEIGHT_STACK,ProfileFeature,cavity_hgt_in@SK_HEIGHT_STACK@TNG-000_MasterLayout.Part,156.2100,6.1500,N/A,TRUE,FALSE,FALSE,
Medium_Bilateral_10T,TNG-000_MasterLayout-1,Medium_Bilateral_10T,SK_PORT,ProfileFeature,port_dia_in@SK_PORT@TNG-000_MasterLayout.Part,38.1000,1.5000,N/A,TRUE,FALSE,FALSE,
Medium_Bilateral_10T,TNG-000_MasterLayout-1,Medium_Bilateral_10T,SK_FEET,ProfileFeature,foot_dia@SK_FEET@TNG-000_MasterLayout.Part,31.7500,1.2500,N/A,TRUE,FALSE,FALSE,
Medium_Bilateral_10T,TNG-000_MasterLayout-1,Medium_Bilateral_10T,SK_FEET,ProfileFeature,foot_setting@SK_FEET@TNG-000_MasterLayout.Part,45.7200,1.8000,N/A,TRUE,FALSE,FALSE,
Medium_Bilateral_10T,TNG-000_MasterLayout-1,Medium_Bilateral_10T,SK_FEET,ProfileFeature,screw_hole@SK_FEET@TNG-000_MasterLayout.Part,3.1750,0.1250,N/A,TRUE,FALSE,FALSE,
Medium_Bilateral_10T,TNG-000_MasterLayout-1,Medium_Bilateral_10T,SK_TONGUE_BANKS,ProfileFeature,D1@SK_TONGUE_BANKS@TNG-000_MasterLayout.Part,60.9600,2.4000,N/A,FALSE,FALSE,FALSE,
Medium_Bilateral_10T,TNG-000_MasterLayout-1,Medium_Bilateral_10T,SK_TONGUE_BANKS,ProfileFeature,D2@SK_TONGUE_BANKS@TNG-000_MasterLayout.Part,60.9600,2.4000,N/A,FALSE,FALSE,FALSE,
Medium_Bilateral_10T,TNG-000_MasterLayout-1,Medium_Bilateral_10T,T01_6TMagazineBaseline,ProfileFeature,D1@T01_6TMagazineBaseline@TNG-000_MasterLayout.Part,22.0980,0.8700,N/A,FALSE,FALSE,FALSE,
Medium_Bilateral_10T,TNG-000_MasterLayout-1,Medium_Bilateral_10T,T01_6TMagazineBaseline,ProfileFeature,D2@T01_6TMagazineBaseline@TNG-000_MasterLayout.Part,216.5190,8.5244,N/A,FALSE,FALSE,FALSE,
Medium_Bilateral_10T,TNG-000_MasterLayout-1,Medium_Bilateral_10T,T01_6TMagazineBaseline,ProfileFeature,D3@T01_6TMagazineBaseline@TNG-000_MasterLayout.Part,60.9600,2.4000,N/A,FALSE,FALSE,FALSE,
Medium_Bilateral_10T,TNG-000_MasterLayout-1,Medium_Bilateral_10T,T01_6TMagazineBaseline,ProfileFeature,D4@T01_6TMagazineBaseline@TNG-000_MasterLayout.Part,6.2611,0.2465,N/A,FALSE,FALSE,FALSE,
Medium_Bilateral_10T,TNG-000_MasterLayout-1,Medium_Bilateral_10T,T01_6TMagazineBaseline,ProfileFeature,D5@T01_6TMagazineBaseline@TNG-000_MasterLayout.Part,15.7141,0.6187,N/A,FALSE,FALSE,FALSE,
Medium_Bilateral_10T,TNG-000_MasterLayout-1,Medium_Bilateral_10T,T01_6TMagazineBaseline,ProfileFeature,D6@T01_6TMagazineBaseline@TNG-000_MasterLayout.Part,11.8257,0.4656,N/A,FALSE,FALSE,FALSE,
Medium_Bilateral_10T,TNG-000_MasterLayout-1,Medium_Bilateral_10T,T01_6TMagazineBaseline,ProfileFeature,D7@T01_6TMagazineBaseline@TNG-000_MasterLayout.Part,4.7873,0.1885,N/A,FALSE,FALSE,FALSE,
Medium_Bilateral_10T,TNG-000_MasterLayout-1,Medium_Bilateral_10T,T01_6TMagazineBaseline,ProfileFeature,D8@T01_6TMagazineBaseline@TNG-000_MasterLayout.Part,5.5875,0.2200,N/A,FALSE,FALSE,FALSE,
Medium_Bilateral_10T,TNG-000_MasterLayout-1,Medium_Bilateral_10T,T01_6TMagazineBaseline,ProfileFeature,D9@T01_6TMagazineBaseline@TNG-000_MasterLayout.Part,6.7466,0.2656,N/A,FALSE,FALSE,FALSE,
Medium_Bilateral_10T,TNG-000_MasterLayout-1,Medium_Bilateral_10T,T01_6TMagazineBaseline,ProfileFeature,D10@T01_6TMagazineBaseline@TNG-000_MasterLayout.Part,6.5945,0.2596,N/A,FALSE,FALSE,FALSE,
Medium_Bilateral_10T,TNG-000_MasterLayout-1,Medium_Bilateral_10T,T01_6TMagazineBaseline,ProfileFeature,D11@T01_6TMagazineBaseline@TNG-000_MasterLayout.Part,6.5077,0.2562,N/A,FALSE,FALSE,FALSE,
Medium_Bilateral_10T,TNG-000_MasterLayout-1,Medium_Bilateral_10T,T01_6TMagazineBaseline,ProfileFeature,D12@T01_6TMagazineBaseline@TNG-000_MasterLayout.Part,5.7544,0.2266,N/A,FALSE,FALSE,FALSE,
Medium_Bilateral_10T,TNG-000_MasterLayout-1,Medium_Bilateral_10T,T01_6TMagazineBaseline,ProfileFeature,D13@T01_6TMagazineBaseline@TNG-000_MasterLayout.Part,14.6706,0.5776,N/A,FALSE,FALSE,FALSE,
Medium_Bilateral_10T,TNG-000_MasterLayout-1,Medium_Bilateral_10T,T01_6TMagazineBaseline,ProfileFeature,D14@T01_6TMagazineBaseline@TNG-000_MasterLayout.Part,11.7242,0.4616,N/A,FALSE,FALSE,FALSE,
Medium_Bilateral_10T,TNG-000_MasterLayout-1,Medium_Bilateral_10T,T01_6TMagazineBaseline,ProfileFeature,D15@T01_6TMagazineBaseline@TNG-000_MasterLayout.Part,6.8136,0.2683,N/A,FALSE,FALSE,FALSE,
Medium_Bilateral_10T,TNG-000_MasterLayout-1,Medium_Bilateral_10T,T01_6TMagazineBaseline,ProfileFeature,D16@T01_6TMagazineBaseline@TNG-000_MasterLayout.Part,3.9899,0.1571,N/A,FALSE,FALSE,FALSE,
Medium_Bilateral_10T,TNG-000_MasterLayout-1,Medium_Bilateral_10T,T01_6TMagazineBaseline,ProfileFeature,D17@T01_6TMagazineBaseline@TNG-000_MasterLayout.Part,1.7187,0.0677,N/A,FALSE,FALSE,FALSE,
Medium_Bilateral_10T,TNG-000_MasterLayout-1,Medium_Bilateral_10T,T01_6TMagazineBaseline,ProfileFeature,D18@T01_6TMagazineBaseline@TNG-000_MasterLayout.Part,8.3002,0.3268,N/A,FALSE,FALSE,FALSE,
Medium_Bilateral_10T,TNG-000_MasterLayout-1,Medium_Bilateral_10T,T01_6TMagazineBaseline,ProfileFeature,D19@T01_6TMagazineBaseline@TNG-000_MasterLayout.Part,13.4312,0.5288,N/A,FALSE,FALSE,FALSE,
Medium_Bilateral_10T,TNG-000_MasterLayout-1,Medium_Bilateral_10T,T01_6TMagazineBaseline,ProfileFeature,D20@T01_6TMagazineBaseline@TNG-000_MasterLayout.Part,15.1542,0.5966,N/A,FALSE,FALSE,FALSE,
Medium_Bilateral_10T,TNG-000_MasterLayout-1,Medium_Bilateral_10T,T01_6TMagazineBaseline,ProfileFeature,D21@T01_6TMagazineBaseline@TNG-000_MasterLayout.Part,201.1677,7.9200,N/A,FALSE,FALSE,FALSE,
Medium_Bilateral_10T,TNG-000_MasterLayout-1,Medium_Bilateral_10T,T01_6TMagazineBaseline,ProfileFeature,D22@T01_6TMagazineBaseline@TNG-000_MasterLayout.Part,16.1507,0.6359,N/A,FALSE,FALSE,FALSE,
Medium_Bilateral_10T,TNG-000_MasterLayout-1,Medium_Bilateral_10T,T01_6TMagazineBaseline,ProfileFeature,D23@T01_6TMagazineBaseline@TNG-000_MasterLayout.Part,94.6563,3.7266,N/A,FALSE,FALSE,FALSE,
Medium_Bilateral_10T,TNG-000_MasterLayout-1,Medium_Bilateral_10T,T01_6TMagazineBaseline,ProfileFeature,D24@T01_6TMagazineBaseline@TNG-000_MasterLayout.Part,18.6970,0.7361,N/A,FALSE,FALSE,FALSE,
Medium_Bilateral_10T,TNG-000_MasterLayout-1,Medium_Bilateral_10T,T01_6TMagazineBaseline,ProfileFeature,D25@T01_6TMagazineBaseline@TNG-000_MasterLayout.Part,15.3513,0.6044,N/A,FALSE,FALSE,FALSE,
Medium_Bilateral_10T,TNG-000_MasterLayout-1,Medium_Bilateral_10T,T01_6TMagazineBaseline,ProfileFeature,D26@T01_6TMagazineBaseline@TNG-000_MasterLayout.Part,9.1212,0.3591,N/A,FALSE,FALSE,FALSE,
Medium_Bilateral_10T,TNG-000_MasterLayout-1,Medium_Bilateral_10T,T02_6TMagazineBaseline,ProfileFeature,D1@T02_6TMagazineBaseline@TNG-000_MasterLayout.Part,60.9600,2.4000,N/A,FALSE,FALSE,FALSE,
Medium_Bilateral_10T,TNG-000_MasterLayout-1,Medium_Bilateral_10T,T02_6TMagazineBaseline,ProfileFeature,D3@T02_6TMagazineBaseline@TNG-000_MasterLayout.Part,25.4000,1.0000,N/A,FALSE,FALSE,FALSE,
Medium_Bilateral_10T,TNG-000_MasterLayout-1,Medium_Bilateral_10T,T02_6TMagazineBaseline,ProfileFeature,D4@T02_6TMagazineBaseline@TNG-000_MasterLayout.Part,171.4500,6.7500,N/A,FALSE,FALSE,FALSE,
Medium_Bilateral_10T,TNG-000_MasterLayout-1,Medium_Bilateral_10T,T02_6TMagazineBaseline,ProfileFeature,D2@T02_6TMagazineBaseline@TNG-000_MasterLayout.Part,1.7780,0.0700,N/A,FALSE,FALSE,FALSE,
Medium_Bilateral_10T,TNG-000_MasterLayout-1,Medium_Bilateral_10T,T03_6TMagazineBaseline,ProfileFeature,D1@T03_6TMagazineBaseline@TNG-000_MasterLayout.Part,22.0980,0.8700,N/A,FALSE,FALSE,FALSE,
Medium_Bilateral_10T,TNG-000_MasterLayout-1,Medium_Bilateral_10T,T03_6TMagazineBaseline,ProfileFeature,D2@T03_6TMagazineBaseline@TNG-000_MasterLayout.Part,216.6791,8.5307,N/A,FALSE,FALSE,FALSE,
Medium_Bilateral_10T,TNG-000_MasterLayout-1,Medium_Bilateral_10T,T03_6TMagazineBaseline,ProfileFeature,D3@T03_6TMagazineBaseline@TNG-000_MasterLayout.Part,1.8543,0.0730,N/A,FALSE,FALSE,FALSE,
Medium_Bilateral_10T,TNG-000_MasterLayout-1,Medium_Bilateral_10T,T03_6TMagazineBaseline,ProfileFeature,D4@T03_6TMagazineBaseline@TNG-000_MasterLayout.Part,9.7584,0.3842,N/A,FALSE,FALSE,FALSE,
Medium_Bilateral_10T,TNG-000_MasterLayout-1,Medium_Bilateral_10T,T03_6TMagazineBaseline,ProfileFeature,D5@T03_6TMagazineBaseline@TNG-000_MasterLayout.Part,23.2011,0.9134,N/A,FALSE,FALSE,FALSE,
Medium_Bilateral_10T,TNG-000_MasterLayout-1,Medium_Bilateral_10T,T03_6TMagazineBaseline,ProfileFeature,D6@T03_6TMagazineBaseline@TNG-000_MasterLayout.Part,32.2938,1.2714,N/A,FALSE,FALSE,FALSE,
Medium_Bilateral_10T,TNG-000_MasterLayout-1,Medium_Bilateral_10T,T03_6TMagazineBaseline,ProfileFeature,D7@T03_6TMagazineBaseline@TNG-000_MasterLayout.Part,38.9813,1.5347,N/A,FALSE,FALSE,FALSE,
Medium_Bilateral_10T,TNG-000_MasterLayout-1,Medium_Bilateral_10T,T03_6TMagazineBaseline,ProfileFeature,D8@T03_6TMagazineBaseline@TNG-000_MasterLayout.Part,43.5023,1.7127,N/A,FALSE,FALSE,FALSE,
Medium_Bilateral_10T,TNG-000_MasterLayout-1,Medium_Bilateral_10T,T03_6TMagazineBaseline,ProfileFeature,D9@T03_6TMagazineBaseline@TNG-000_MasterLayout.Part,3.7332,0.1470,N/A,FALSE,FALSE,FALSE,
Medium_Bilateral_10T,TNG-000_MasterLayout-1,Medium_Bilateral_10T,T03_6TMagazineBaseline,ProfileFeature,D10@T03_6TMagazineBaseline@TNG-000_MasterLayout.Part,4.3043,0.1695,N/A,FALSE,FALSE,FALSE,
Medium_Bilateral_10T,TNG-000_MasterLayout-1,Medium_Bilateral_10T,T03_6TMagazineBaseline,ProfileFeature,D11@T03_6TMagazineBaseline@TNG-000_MasterLayout.Part,39.0245,1.5364,N/A,FALSE,FALSE,FALSE,
Medium_Bilateral_10T,TNG-000_MasterLayout-1,Medium_Bilateral_10T,T03_6TMagazineBaseline,ProfileFeature,D12@T03_6TMagazineBaseline@TNG-000_MasterLayout.Part,31.1173,1.2251,N/A,FALSE,FALSE,FALSE,
Medium_Bilateral_10T,TNG-000_MasterLayout-1,Medium_Bilateral_10T,T03_6TMagazineBaseline,ProfileFeature,D13@T03_6TMagazineBaseline@TNG-000_MasterLayout.Part,14.3641,0.5655,N/A,FALSE,FALSE,FALSE,
Medium_Bilateral_10T,TNG-000_MasterLayout-1,Medium_Bilateral_10T,T03_6TMagazineBaseline,ProfileFeature,D14@T03_6TMagazineBaseline@TNG-000_MasterLayout.Part,36.3742,1.4321,N/A,FALSE,FALSE,FALSE,
Medium_Bilateral_10T,TNG-000_MasterLayout-1,Medium_Bilateral_10T,T03_6TMagazineBaseline,ProfileFeature,D15@T03_6TMagazineBaseline@TNG-000_MasterLayout.Part,29.9611,1.1796,N/A,FALSE,FALSE,FALSE,
Medium_Bilateral_10T,TNG-000_MasterLayout-1,Medium_Bilateral_10T,T03_6TMagazineBaseline,ProfileFeature,D16@T03_6TMagazineBaseline@TNG-000_MasterLayout.Part,24.1546,0.9510,N/A,FALSE,FALSE,FALSE,
Medium_Bilateral_10T,TNG-000_MasterLayout-1,Medium_Bilateral_10T,T03_6TMagazineBaseline,ProfileFeature,D17@T03_6TMagazineBaseline@TNG-000_MasterLayout.Part,60.9600,2.4000,N/A,FALSE,FALSE,FALSE,
Medium_Bilateral_10T,TNG-000_MasterLayout-1,Medium_Bilateral_10T,T03_6TMagazineBaseline,ProfileFeature,D18@T03_6TMagazineBaseline@TNG-000_MasterLayout.Part,1.7780,0.0700,N/A,FALSE,FALSE,FALSE,
Medium_Bilateral_10T,TNG-000_MasterLayout-1,Medium_Bilateral_10T,T04_6TMagazineBaseline,ProfileFeature,D1@T04_6TMagazineBaseline@TNG-000_MasterLayout.Part,22.0980,0.8700,N/A,FALSE,FALSE,FALSE,
Medium_Bilateral_10T,TNG-000_MasterLayout-1,Medium_Bilateral_10T,T04_6TMagazineBaseline,ProfileFeature,D2@T04_6TMagazineBaseline@TNG-000_MasterLayout.Part,162.9456,6.4152,N/A,FALSE,FALSE,FALSE,
Medium_Bilateral_10T,TNG-000_MasterLayout-1,Medium_Bilateral_10T,T04_6TMagazineBaseline,ProfileFeature,D3@T04_6TMagazineBaseline@TNG-000_MasterLayout.Part,6.4609,0.2544,N/A,FALSE,FALSE,FALSE,
Medium_Bilateral_10T,TNG-000_MasterLayout-1,Medium_Bilateral_10T,T04_6TMagazineBaseline,ProfileFeature,D4@T04_6TMagazineBaseline@TNG-000_MasterLayout.Part,11.6248,0.4577,N/A,FALSE,FALSE,FALSE,
Medium_Bilateral_10T,TNG-000_MasterLayout-1,Medium_Bilateral_10T,T04_6TMagazineBaseline,ProfileFeature,D5@T04_6TMagazineBaseline@TNG-000_MasterLayout.Part,16.8488,0.6633,N/A,FALSE,FALSE,FALSE,
Medium_Bilateral_10T,TNG-000_MasterLayout-1,Medium_Bilateral_10T,T04_6TMagazineBaseline,ProfileFeature,D6@T04_6TMagazineBaseline@TNG-000_MasterLayout.Part,23.0896,0.9090,N/A,FALSE,FALSE,FALSE,
Medium_Bilateral_10T,TNG-000_MasterLayout-1,Medium_Bilateral_10T,T04_6TMagazineBaseline,ProfileFeature,D7@T04_6TMagazineBaseline@TNG-000_MasterLayout.Part,27.2967,1.0747,N/A,FALSE,FALSE,FALSE,
Medium_Bilateral_10T,TNG-000_MasterLayout-1,Medium_Bilateral_10T,T04_6TMagazineBaseline,ProfileFeature,D8@T04_6TMagazineBaseline@TNG-000_MasterLayout.Part,29.1169,1.1463,N/A,FALSE,FALSE,FALSE,
Medium_Bilateral_10T,TNG-000_MasterLayout-1,Medium_Bilateral_10T,T04_6TMagazineBaseline,ProfileFeature,D9@T04_6TMagazineBaseline@TNG-000_MasterLayout.Part,29.4608,1.1599,N/A,FALSE,FALSE,FALSE,
Medium_Bilateral_10T,TNG-000_MasterLayout-1,Medium_Bilateral_10T,T04_6TMagazineBaseline,ProfileFeature,D10@T04_6TMagazineBaseline@TNG-000_MasterLayout.Part,29.8991,1.1771,N/A,FALSE,FALSE,FALSE,
Medium_Bilateral_10T,TNG-000_MasterLayout-1,Medium_Bilateral_10T,T04_6TMagazineBaseline,ProfileFeature,D11@T04_6TMagazineBaseline@TNG-000_MasterLayout.Part,29.9987,1.1811,N/A,FALSE,FALSE,FALSE,
Medium_Bilateral_10T,TNG-000_MasterLayout-1,Medium_Bilateral_10T,T04_6TMagazineBaseline,ProfileFeature,D12@T04_6TMagazineBaseline@TNG-000_MasterLayout.Part,29.8798,1.1764,N/A,FALSE,FALSE,FALSE,
Medium_Bilateral_10T,TNG-000_MasterLayout-1,Medium_Bilateral_10T,T04_6TMagazineBaseline,ProfileFeature,D13@T04_6TMagazineBaseline@TNG-000_MasterLayout.Part,29.6160,1.1660,N/A,FALSE,FALSE,FALSE,
Medium_Bilateral_10T,TNG-000_MasterLayout-1,Medium_Bilateral_10T,T04_6TMagazineBaseline,ProfileFeature,D14@T04_6TMagazineBaseline@TNG-000_MasterLayout.Part,28.6892,1.1295,N/A,FALSE,FALSE,FALSE,
Medium_Bilateral_10T,TNG-000_MasterLayout-1,Medium_Bilateral_10T,T04_6TMagazineBaseline,ProfileFeature,D16@T04_6TMagazineBaseline@TNG-000_MasterLayout.Part,25.5516,1.0060,N/A,FALSE,FALSE,FALSE,
Medium_Bilateral_10T,TNG-000_MasterLayout-1,Medium_Bilateral_10T,T04_6TMagazineBaseline,ProfileFeature,D17@T04_6TMagazineBaseline@TNG-000_MasterLayout.Part,22.2256,0.8750,N/A,FALSE,FALSE,FALSE,
Medium_Bilateral_10T,TNG-000_MasterLayout-1,Medium_Bilateral_10T,T04_6TMagazineBaseline,ProfileFeature,D15@T04_6TMagazineBaseline@TNG-000_MasterLayout.Part,35.0089,1.3783,N/A,FALSE,FALSE,FALSE,
Medium_Bilateral_10T,TNG-000_MasterLayout-1,Medium_Bilateral_10T,T04_6TMagazineBaseline,ProfileFeature,D18@T04_6TMagazineBaseline@TNG-000_MasterLayout.Part,34.1892,1.3460,N/A,FALSE,FALSE,FALSE,
Medium_Bilateral_10T,TNG-000_MasterLayout-1,Medium_Bilateral_10T,T04_6TMagazineBaseline,ProfileFeature,D19@T04_6TMagazineBaseline@TNG-000_MasterLayout.Part,32.1428,1.2655,N/A,FALSE,FALSE,FALSE,
Medium_Bilateral_10T,TNG-000_MasterLayout-1,Medium_Bilateral_10T,T04_6TMagazineBaseline,ProfileFeature,D20@T04_6TMagazineBaseline@TNG-000_MasterLayout.Part,25.0566,0.9865,N/A,FALSE,FALSE,FALSE,
Medium_Bilateral_10T,TNG-000_MasterLayout-1,Medium_Bilateral_10T,T04_6TMagazineBaseline,ProfileFeature,D21@T04_6TMagazineBaseline@TNG-000_MasterLayout.Part,16.0922,0.6336,N/A,FALSE,FALSE,FALSE,
Medium_Bilateral_10T,TNG-000_MasterLayout-1,Medium_Bilateral_10T,T04_6TMagazineBaseline,ProfileFeature,D22@T04_6TMagazineBaseline@TNG-000_MasterLayout.Part,34.8806,1.3733,N/A,FALSE,FALSE,FALSE,
Medium_Bilateral_10T,TNG-000_MasterLayout-1,Medium_Bilateral_10T,T04_6TMagazineBaseline,ProfileFeature,D23@T04_6TMagazineBaseline@TNG-000_MasterLayout.Part,38.3927,1.5115,N/A,FALSE,FALSE,FALSE,
Medium_Bilateral_10T,TNG-000_MasterLayout-1,Medium_Bilateral_10T,T04_6TMagazineBaseline,ProfileFeature,D24@T04_6TMagazineBaseline@TNG-000_MasterLayout.Part,13.7170,0.5400,N/A,FALSE,FALSE,FALSE,
Medium_Bilateral_10T,TNG-000_MasterLayout-1,Medium_Bilateral_10T,T04_6TMagazineBaseline,ProfileFeature,D25@T04_6TMagazineBaseline@TNG-000_MasterLayout.Part,40.9528,1.6123,N/A,FALSE,FALSE,FALSE,
Medium_Bilateral_10T,TNG-000_MasterLayout-1,Medium_Bilateral_10T,T04_6TMagazineBaseline,ProfileFeature,D28@T04_6TMagazineBaseline@TNG-000_MasterLayout.Part,6.9078,0.2720,N/A,FALSE,FALSE,FALSE,
Medium_Bilateral_10T,TNG-000_MasterLayout-1,Medium_Bilateral_10T,T04_6TMagazineBaseline,ProfileFeature,D29@T04_6TMagazineBaseline@TNG-000_MasterLayout.Part,23.0948,0.9092,N/A,FALSE,FALSE,FALSE,
Medium_Bilateral_10T,TNG-000_MasterLayout-1,Medium_Bilateral_10T,T04_6TMagazineBaseline,ProfileFeature,D30@T04_6TMagazineBaseline@TNG-000_MasterLayout.Part,29.6621,1.1678,N/A,FALSE,FALSE,FALSE,
Medium_Bilateral_10T,TNG-000_MasterLayout-1,Medium_Bilateral_10T,T04_6TMagazineBaseline,ProfileFeature,D31@T04_6TMagazineBaseline@TNG-000_MasterLayout.Part,36.7066,1.4451,N/A,FALSE,FALSE,FALSE,
Medium_Bilateral_10T,TNG-000_MasterLayout-1,Medium_Bilateral_10T,T04_6TMagazineBaseline,ProfileFeature,D32@T04_6TMagazineBaseline@TNG-000_MasterLayout.Part,3.4422,0.1355,N/A,FALSE,FALSE,FALSE,
Medium_Bilateral_10T,TNG-000_MasterLayout-1,Medium_Bilateral_10T,T04_6TMagazineBaseline,ProfileFeature,D27@T04_6TMagazineBaseline@TNG-000_MasterLayout.Part,1.7780,0.0700,N/A,FALSE,FALSE,FALSE,
Medium_Bilateral_10T,TNG-000_MasterLayout-1,Medium_Bilateral_10T,T04_6TMagazineBaseline,ProfileFeature,D26@T04_6TMagazineBaseline@TNG-000_MasterLayout.Part,60.9600,2.4000,N/A,FALSE,FALSE,FALSE,
Medium_Bilateral_10T,TNG-000_MasterLayout-1,Medium_Bilateral_10T,T04_6TMagazineBaseline,ProfileFeature,D33@T04_6TMagazineBaseline@TNG-000_MasterLayout.Part,72.8381,2.8676,N/A,FALSE,FALSE,FALSE,
Medium_Bilateral_10T,TNG-000_MasterLayout-1,Medium_Bilateral_10T,T04_6TMagazineBaseline,ProfileFeature,D34@T04_6TMagazineBaseline@TNG-000_MasterLayout.Part,26.8973,1.0589,N/A,FALSE,FALSE,FALSE,
Medium_Bilateral_10T,TNG-000_MasterLayout-1,Medium_Bilateral_10T,T05_6TMagazineBaseline,ProfileFeature,D1@T05_6TMagazineBaseline@TNG-000_MasterLayout.Part,22.0980,0.8700,N/A,FALSE,FALSE,FALSE,
Medium_Bilateral_10T,TNG-000_MasterLayout-1,Medium_Bilateral_10T,T05_6TMagazineBaseline,ProfileFeature,D2@T05_6TMagazineBaseline@TNG-000_MasterLayout.Part,60.9600,2.4000,N/A,FALSE,FALSE,FALSE,
Medium_Bilateral_10T,TNG-000_MasterLayout-1,Medium_Bilateral_10T,T05_6TMagazineBaseline,ProfileFeature,D3@T05_6TMagazineBaseline@TNG-000_MasterLayout.Part,160.0200,6.3000,N/A,FALSE,FALSE,FALSE,
Medium_Bilateral_10T,TNG-000_MasterLayout-1,Medium_Bilateral_10T,T05_6TMagazineBaseline,ProfileFeature,D4@T05_6TMagazineBaseline@TNG-000_MasterLayout.Part,1.7780,0.0700,N/A,FALSE,FALSE,FALSE,
Medium_Bilateral_10T,TNG-000_MasterLayout-1,Medium_Bilateral_10T,T06_6TMagazineBaseline,ProfileFeature,D1@T06_6TMagazineBaseline@TNG-000_MasterLayout.Part,22.0980,0.8700,N/A,FALSE,FALSE,FALSE,
Medium_Bilateral_10T,TNG-000_MasterLayout-1,Medium_Bilateral_10T,T06_6TMagazineBaseline,ProfileFeature,D2@T06_6TMagazineBaseline@TNG-000_MasterLayout.Part,60.9600,2.4000,N/A,FALSE,FALSE,FALSE,
Medium_Bilateral_10T,TNG-000_MasterLayout-1,Medium_Bilateral_10T,T06_6TMagazineBaseline,ProfileFeature,D3@T06_6TMagazineBaseline@TNG-000_MasterLayout.Part,1.7780,0.0700,N/A,FALSE,FALSE,FALSE,
Medium_Bilateral_10T,TNG-000_MasterLayout-1,Medium_Bilateral_10T,T06_6TMagazineBaseline,ProfileFeature,D4@T06_6TMagazineBaseline@TNG-000_MasterLayout.Part,24.7311,0.9737,N/A,FALSE,FALSE,FALSE,
Medium_Bilateral_10T,TNG-000_MasterLayout-1,Medium_Bilateral_10T,T06_6TMagazineBaseline,ProfileFeature,D5@T06_6TMagazineBaseline@TNG-000_MasterLayout.Part,30.7148,1.2092,N/A,FALSE,FALSE,FALSE,
Medium_Bilateral_10T,TNG-000_MasterLayout-1,Medium_Bilateral_10T,T06_6TMagazineBaseline,ProfileFeature,D6@T06_6TMagazineBaseline@TNG-000_MasterLayout.Part,100.3423,3.9505,N/A,FALSE,FALSE,FALSE,
Medium_Bilateral_10T,TNG-000_MasterLayout-1,Medium_Bilateral_10T,T06_6TMagazineBaseline,ProfileFeature,D7@T06_6TMagazineBaseline@TNG-000_MasterLayout.Part,38.3203,1.5087,N/A,FALSE,FALSE,FALSE,
Medium_Bilateral_10T,TNG-000_MasterLayout-1,Medium_Bilateral_10T,T06_6TMagazineBaseline,ProfileFeature,D8@T06_6TMagazineBaseline@TNG-000_MasterLayout.Part,11.0645,0.4356,N/A,FALSE,FALSE,FALSE,
Medium_Bilateral_10T,TNG-000_MasterLayout-1,Medium_Bilateral_10T,T06_6TMagazineBaseline,ProfileFeature,D9@T06_6TMagazineBaseline@TNG-000_MasterLayout.Part,21.2762,0.8376,N/A,FALSE,FALSE,FALSE,
Medium_Bilateral_10T,TNG-000_MasterLayout-1,Medium_Bilateral_10T,T06_6TMagazineBaseline,ProfileFeature,D10@T06_6TMagazineBaseline@TNG-000_MasterLayout.Part,33.6322,1.3241,N/A,FALSE,FALSE,FALSE,
Medium_Bilateral_10T,TNG-000_MasterLayout-1,Medium_Bilateral_10T,T06_6TMagazineBaseline,ProfileFeature,D11@T06_6TMagazineBaseline@TNG-000_MasterLayout.Part,44.4226,1.7489,N/A,FALSE,FALSE,FALSE,
Medium_Bilateral_10T,TNG-000_MasterLayout-1,Medium_Bilateral_10T,T06_6TMagazineBaseline,ProfileFeature,D13@T06_6TMagazineBaseline@TNG-000_MasterLayout.Part,218.4400,8.6000,N/A,FALSE,FALSE,FALSE,
Medium_Bilateral_10T,TNG-000_MasterLayout-1,Medium_Bilateral_10T,T06_6TMagazineBaseline,ProfileFeature,D14@T06_6TMagazineBaseline@TNG-000_MasterLayout.Part,39.0589,1.5378,N/A,FALSE,FALSE,FALSE,
Medium_Bilateral_10T,TNG-000_MasterLayout-1,Medium_Bilateral_10T,T06_6TMagazineBaseline,ProfileFeature,D15@T06_6TMagazineBaseline@TNG-000_MasterLayout.Part,37.9341,1.4935,N/A,FALSE,FALSE,FALSE,
Medium_Bilateral_10T,TNG-000_MasterLayout-1,Medium_Bilateral_10T,T06_6TMagazineBaseline,ProfileFeature,D12@T06_6TMagazineBaseline@TNG-000_MasterLayout.Part,100.3423,3.9505,N/A,FALSE,FALSE,FALSE,
Medium_Bilateral_10T,TNG-000_MasterLayout-1,Medium_Bilateral_10T,T06_6TMagazineBaseline,ProfileFeature,D16@T06_6TMagazineBaseline@TNG-000_MasterLayout.Part,50.9472,2.0058,N/A,FALSE,FALSE,FALSE,
Medium_Bilateral_10T,TNG-000_MasterLayout-1,Medium_Bilateral_10T,[Equation 0],Equation,,,,,,,TRUE,"""drum_len_in"" = 18in"
Medium_Bilateral_10T,TNG-000_MasterLayout-1,Medium_Bilateral_10T,[Equation 1],Equation,,,,,,,TRUE,"""drum_wid_in"" = 8in"
Medium_Bilateral_10T,TNG-000_MasterLayout-1,Medium_Bilateral_10T,[Equation 2],Equation,,,,,,,TRUE,"""drum_hgt_in"" = 7in"
Medium_Bilateral_10T,TNG-000_MasterLayout-1,Medium_Bilateral_10T,[Equation 3],Equation,,,,,,,TRUE,"""top_thk_in"" = 0.35in"
Medium_Bilateral_10T,TNG-000_MasterLayout-1,Medium_Bilateral_10T,[Equation 4],Equation,,,,,,,TRUE,"""bottom_thk_in""= 0.5in"
Medium_Bilateral_10T,TNG-000_MasterLayout-1,Medium_Bilateral_10T,[Equation 5],Equation,,,,,,,TRUE,"""side_thk_in""= 0.5in"
Medium_Bilateral_10T,TNG-000_MasterLayout-1,Medium_Bilateral_10T,[Equation 6],Equation,,,,,,,TRUE,"""end_cap_thk_in""= 0.5in"
Medium_Bilateral_10T,TNG-000_MasterLayout-1,Medium_Bilateral_10T,[Equation 7],Equation,,,,,,,TRUE,"""slit_kerf_in"" = 0.075in"
Medium_Bilateral_10T,TNG-000_MasterLayout-1,Medium_Bilateral_10T,[Equation 8],Equation,,,,,,,TRUE,"""slit_end_rad_in""= 0.25in"
Medium_Bilateral_10T,TNG-000_MasterLayout-1,Medium_Bilateral_10T,[Equation 9],Equation,,,,,,,TRUE,"""tongue_gap_in""= 0.06in"
Medium_Bilateral_10T,TNG-000_MasterLayout-1,Medium_Bilateral_10T,[Equation 10],Equation,,,,,,,TRUE,"""port_dia_in""= 1.5in"
Medium_Bilateral_10T,TNG-000_MasterLayout-1,Medium_Bilateral_10T,[Equation 11],Equation,,,,,,,TRUE,"""foot_dia_in""= 1.25in"
Medium_Bilateral_10T,TNG-000_MasterLayout-1,Medium_Bilateral_10T,[Equation 12],Equation,,,,,,,TRUE,"""foot_hgt_in""= 0.75in"
Medium_Bilateral_10T,TNG-000_MasterLayout-1,Medium_Bilateral_10T,[Equation 13],Equation,,,,,,,TRUE,"""rough_len_factor""= 2 ^ ( - ""sharp_bias_cents"" / 2400 )"
Medium_Bilateral_10T,TNG-000_MasterLayout-1,Medium_Bilateral_10T,[Equation 14],Equation,,,,,,,TRUE,"""sharp_bias_cents""= 12"
Medium_Bilateral_10T,TNG-000_MasterLayout-1,Medium_Bilateral_10T,[Equation 15],Equation,,,,,,,TRUE,"""tongue_width_in""= 1.0in"
Medium_Bilateral_10T,TNG-000_MasterLayout-1,Medium_Bilateral_10T,[Equation 16],Equation,,,,,,,TRUE,"""cavity_len_in""= ""drum_len_in"" - 2 * ""end_cap_thk_in"""
Medium_Bilateral_10T,TNG-000_MasterLayout-1,Medium_Bilateral_10T,[Equation 17],Equation,,,,,,,TRUE,"""cavity_wid_in""= ""drum_wid_in"" - 2 * ""side_thk_in"""
Medium_Bilateral_10T,TNG-000_MasterLayout-1,Medium_Bilateral_10T,[Equation 18],Equation,,,,,,,TRUE,"""cavity_hgt_in""= ""drum_hgt_in"" - ""top_thk_in"" - ""bottom_thk_in"""
Medium_Bilateral_10T,TNG-000_MasterLayout-1,Medium_Bilateral_10T,[Equation 19],Equation,,,,,,,TRUE,"""cavity_vol_in3""= ""cavity_len_in"" * ""cavity_wid_in"" * ""cavity_hgt_in"""
Medium_Bilateral_10T,TNG-000_MasterLayout-1,Medium_Bilateral_10T,[Equation 20],Equation,,,,,,,TRUE,"""panel_top_len""= ""drum_len_in"""
Medium_Bilateral_10T,TNG-000_MasterLayout-1,Medium_Bilateral_10T,[Equation 21],Equation,,,,,,,TRUE,"""panel_top_wid""= ""drum_wid_in"""
Medium_Bilateral_10T,TNG-000_MasterLayout-1,Medium_Bilateral_10T,[Equation 22],Equation,,,,,,,TRUE,"""side_panel_len""= ""drum_len_in"""
Medium_Bilateral_10T,TNG-000_MasterLayout-1,Medium_Bilateral_10T,[Equation 23],Equation,,,,,,,TRUE,"""side_panel_hgt""= ""drum_hgt_in"" - ""top_thk_in"" - ""bottom_thk_in"""
Medium_Bilateral_10T,TNG-000_MasterLayout-1,Medium_Bilateral_10T,[Equation 24],Equation,,,,,,,TRUE,"""bank_l_count"" = 5"
Medium_Bilateral_10T,TNG-000_MasterLayout-1,Medium_Bilateral_10T,[Equation 25],Equation,,,,,,,TRUE,"""bank_r_count"" = 5"
Medium_Bilateral_10T,TNG-000_MasterLayout-1,Medium_Bilateral_10T,[Equation 26],Equation,,,,,,,TRUE,"""bank_spacing_y""= 1.1"
Medium_Bilateral_10T,TNG-000_MasterLayout-1,Medium_Bilateral_10T,[Equation 27],Equation,,,,,,,TRUE,"""mirror_banks""= 1"
Medium_Bilateral_10T,TNG-000_MasterLayout-1,Medium_Bilateral_10T,[Equation 28],Equation,,,,,,,TRUE,"""t01_freq_hz""= 440 * 2 ^ ( ( ""t01_midi_note"" - 69 ) / 12 )"
Medium_Bilateral_10T,TNG-000_MasterLayout-1,Medium_Bilateral_10T,[Equation 29],Equation,,,,,,,TRUE,"""t01_len_in""= 8.5243695in"
Medium_Bilateral_10T,TNG-000_MasterLayout-1,Medium_Bilateral_10T,[Equation 30],Equation,,,,,,,TRUE,"""t01_bank""= 1"
Medium_Bilateral_10T,TNG-000_MasterLayout-1,Medium_Bilateral_10T,[Equation 31],Equation,,,,,,,TRUE,"""t01_scale_degree""= 1"
Medium_Bilateral_10T,TNG-000_MasterLayout-1,Medium_Bilateral_10T,[Equation 32],Equation,,,,,,,TRUE,"""tuning_allowance_in""= 1in"
Medium_Bilateral_10T,TNG-000_MasterLayout-1,Medium_Bilateral_10T,[Equation 33],Equation,,,,,,,TRUE,"""screw_size""= 0.125in"
Medium_Bilateral_10T,TNG-000_MasterLayout-1,Medium_Bilateral_10T,[Equation 34],Equation,,,,,,,TRUE,"""screw_clearance_in""= 0.003in"
Medium_Bilateral_10T,TNG-000_MasterLayout-1,Medium_Bilateral_10T,[Equation 35],Equation,,,,,,,TRUE,"""bank_r_origin_x""= ""drum_len_in"" - 2 * ""end_cap_thk_in"""
Medium_Bilateral_10T,TNG-000_MasterLayout-1,Medium_Bilateral_10T,[Equation 36],Equation,,,,,,,TRUE,"""bank_l_origin_x""= ""end_cap_thk_in"""
Medium_Bilateral_10T,TNG-000_MasterLayout-1,Medium_Bilateral_10T,[Equation 37],Equation,,,,,,,TRUE,"""freq_hz""= 440"
Medium_Bilateral_10T,TNG-000_MasterLayout-1,Medium_Bilateral_10T,[Equation 38],Equation,,,,,,,TRUE,"""t01_midi_note""= 60"
Medium_Bilateral_10T,TNG-000_MasterLayout-1,Medium_Bilateral_10T,[Equation 39],Equation,,,,,,,TRUE,"""k_imperial""= 27000"
Medium_Bilateral_10T,TNG-000_MasterLayout-1,Medium_Bilateral_10T,[Equation 40],Equation,,,,,,,TRUE,"""t01_est_len_in""= sqr ( ""k_imperial"" * ""top_thk_in"" / ""t01_freq_hz"" )"
Medium_Bilateral_10T,TNG-000_MasterLayout-1,Medium_Bilateral_10T,[Equation 41],Equation,,,,,,,TRUE,"""t02_freq_hz""= 440 * 2 ^ ( ( ""t02_midi_note"" - 69 ) / 12 )"
Medium_Bilateral_10T,TNG-000_MasterLayout-1,Medium_Bilateral_10T,[Equation 42],Equation,,,,,,,TRUE,"""t03_freq_hz""= 440 * 2 ^ ( ( ""t03_midi_note"" - 69 ) / 12 )"
Medium_Bilateral_10T,TNG-000_MasterLayout-1,Medium_Bilateral_10T,[Equation 43],Equation,,,,,,,TRUE,"""t04_freq_hz""= 440 * 2 ^ ( ( ""t04_midi_note"" - 69 ) / 12 )"
Medium_Bilateral_10T,TNG-000_MasterLayout-1,Medium_Bilateral_10T,[Equation 44],Equation,,,,,,,TRUE,"""t05_freq_hz""= 440 * 2 ^ ( ( ""t05_midi_note"" - 69 ) / 12 )"
Medium_Bilateral_10T,TNG-000_MasterLayout-1,Medium_Bilateral_10T,[Equation 45],Equation,,,,,,,TRUE,"""t06_freq_hz""= 440 * 2 ^ ( ( ""t06_midi_note"" - 69 ) / 12 )"
Medium_Bilateral_10T,TNG-000_MasterLayout-1,Medium_Bilateral_10T,[Equation 46],Equation,,,,,,,TRUE,"""t07_freq_hz""= 440 * 2 ^ ( ( ""t07_midi_note"" - 69 ) / 12 )"
Medium_Bilateral_10T,TNG-000_MasterLayout-1,Medium_Bilateral_10T,[Equation 47],Equation,,,,,,,TRUE,"""t08_freq_hz""= 440 * 2 ^ ( ( ""t08_midi_note"" - 69 ) / 12 )"
Medium_Bilateral_10T,TNG-000_MasterLayout-1,Medium_Bilateral_10T,[Equation 48],Equation,,,,,,,TRUE,"""t09_freq_hz""= 440 * 2 ^ ( ( ""t09_midi_note"" - 69 ) / 12 )"
Medium_Bilateral_10T,TNG-000_MasterLayout-1,Medium_Bilateral_10T,[Equation 49],Equation,,,,,,,TRUE,"""t10_freq_hz""= 440 * 2 ^ ( ( ""t10_midi_note"" - 69 ) / 12 )"
Medium_Bilateral_10T,TNG-000_MasterLayout-1,Medium_Bilateral_10T,[Equation 50],Equation,,,,,,,TRUE,"""t11_freq_hz""= 440 * 2 ^ ( ( ""t11_midi_note"" - 69 ) / 12 )"
Medium_Bilateral_10T,TNG-000_MasterLayout-1,Medium_Bilateral_10T,[Equation 51],Equation,,,,,,,TRUE,"""t12_freq_hz""= 440 * 2 ^ ( ( ""t12_midi_note"" - 69 ) / 12 )"
Medium_Bilateral_10T,TNG-000_MasterLayout-1,Medium_Bilateral_10T,[Equation 52],Equation,,,,,,,TRUE,"""t13_freq_hz""= 440 * 2 ^ ( ( ""t13_midi_note"" - 69 ) / 12 )"
Medium_Bilateral_10T,TNG-000_MasterLayout-1,Medium_Bilateral_10T,[Equation 53],Equation,,,,,,,TRUE,"""t14_freq_hz""= 440 * 2 ^ ( ( ""t14_midi_note"" - 69 ) / 12 )"
Medium_Bilateral_10T,TNG-000_MasterLayout-1,Medium_Bilateral_10T,[Equation 54],Equation,,,,,,,TRUE,"""t15_freq_hz""= 440 * 2 ^ ( ( ""t15_midi_note"" - 69 ) / 12 )"
Medium_Bilateral_10T,TNG-000_MasterLayout-1,Medium_Bilateral_10T,[Equation 55],Equation,,,,,,,TRUE,"""t02_len_in"" = 8.6in"
Medium_Bilateral_10T,TNG-000_MasterLayout-1,Medium_Bilateral_10T,[Equation 56],Equation,,,,,,,TRUE,"""t03_len_in""=6in"
Medium_Bilateral_10T,TNG-000_MasterLayout-1,Medium_Bilateral_10T,[Equation 57],Equation,,,,,,,TRUE,"""t04_len_in""=5.9in"
Medium_Bilateral_10T,TNG-000_MasterLayout-1,Medium_Bilateral_10T,[Equation 58],Equation,,,,,,,TRUE,"""t05_len_in""= 6.3in"
Medium_Bilateral_10T,TNG-000_MasterLayout-1,Medium_Bilateral_10T,[Equation 59],Equation,,,,,,,TRUE,"""t06_len_in"" = 8in"
Medium_Bilateral_10T,TNG-000_MasterLayout-1,Medium_Bilateral_10T,[Equation 60],Equation,,,,,,,TRUE,"""t07_len_in"" = 9in"
Medium_Bilateral_10T,TNG-000_MasterLayout-1,Medium_Bilateral_10T,[Equation 61],Equation,,,,,,,TRUE,"""t08_len_in"" = 10in"
Medium_Bilateral_10T,TNG-000_MasterLayout-1,Medium_Bilateral_10T,[Equation 62],Equation,,,,,,,TRUE,"""t09_len_in"" = 10in"
Medium_Bilateral_10T,TNG-000_MasterLayout-1,Medium_Bilateral_10T,[Equation 63],Equation,,,,,,,TRUE,"""t10_len_in"" = 10in"
Medium_Bilateral_10T,TNG-000_MasterLayout-1,Medium_Bilateral_10T,[Equation 64],Equation,,,,,,,TRUE,"""t11_len_in""= 0in"
Medium_Bilateral_10T,TNG-000_MasterLayout-1,Medium_Bilateral_10T,[Equation 65],Equation,,,,,,,TRUE,"""t12_len_in""= 0in"
Medium_Bilateral_10T,TNG-000_MasterLayout-1,Medium_Bilateral_10T,[Equation 66],Equation,,,,,,,TRUE,"""t13_len_in""= 0in"
Medium_Bilateral_10T,TNG-000_MasterLayout-1,Medium_Bilateral_10T,[Equation 67],Equation,,,,,,,TRUE,"""t14_len_in""= 0in"
Medium_Bilateral_10T,TNG-000_MasterLayout-1,Medium_Bilateral_10T,[Equation 68],Equation,,,,,,,TRUE,"""t15_len_in""= 0in"
Medium_Bilateral_10T,TNG-000_MasterLayout-1,Medium_Bilateral_10T,[Equation 69],Equation,,,,,,,TRUE,"""t16_len_in""= 0in"
Medium_Bilateral_10T,TNG-000_MasterLayout-1,Medium_Bilateral_10T,[Equation 70],Equation,,,,,,,TRUE,"""t02_bank""= 1"
Medium_Bilateral_10T,TNG-000_MasterLayout-1,Medium_Bilateral_10T,[Equation 71],Equation,,,,,,,TRUE,"""t03_bank""= 1"
Medium_Bilateral_10T,TNG-000_MasterLayout-1,Medium_Bilateral_10T,[Equation 72],Equation,,,,,,,TRUE,"""t04_bank""= 1"
Medium_Bilateral_10T,TNG-000_MasterLayout-1,Medium_Bilateral_10T,[Equation 73],Equation,,,,,,,TRUE,"""t05_bank""=1"
Medium_Bilateral_10T,TNG-000_MasterLayout-1,Medium_Bilateral_10T,[Equation 74],Equation,,,,,,,TRUE,"""t06_bank"" = 2"
Medium_Bilateral_10T,TNG-000_MasterLayout-1,Medium_Bilateral_10T,[Equation 75],Equation,,,,,,,TRUE,"""t07_bank"" = 2"
Medium_Bilateral_10T,TNG-000_MasterLayout-1,Medium_Bilateral_10T,[Equation 76],Equation,,,,,,,TRUE,"""t08_bank"" = 2"
Medium_Bilateral_10T,TNG-000_MasterLayout-1,Medium_Bilateral_10T,[Equation 77],Equation,,,,,,,TRUE,"""t09_bank"" = 2"
Medium_Bilateral_10T,TNG-000_MasterLayout-1,Medium_Bilateral_10T,[Equation 78],Equation,,,,,,,TRUE,"""t10_bank"" = 2"
Medium_Bilateral_10T,TNG-000_MasterLayout-1,Medium_Bilateral_10T,[Equation 79],Equation,,,,,,,TRUE,"""t11_bank""= 0"
Medium_Bilateral_10T,TNG-000_MasterLayout-1,Medium_Bilateral_10T,[Equation 80],Equation,,,,,,,TRUE,"""t12_bank""= 0"
Medium_Bilateral_10T,TNG-000_MasterLayout-1,Medium_Bilateral_10T,[Equation 81],Equation,,,,,,,TRUE,"""t13_bank""= 0"
Medium_Bilateral_10T,TNG-000_MasterLayout-1,Medium_Bilateral_10T,[Equation 82],Equation,,,,,,,TRUE,"""t14_bank""= 0"
Medium_Bilateral_10T,TNG-000_MasterLayout-1,Medium_Bilateral_10T,[Equation 83],Equation,,,,,,,TRUE,"""t15_bank""= 0"
Medium_Bilateral_10T,TNG-000_MasterLayout-1,Medium_Bilateral_10T,[Equation 84],Equation,,,,,,,TRUE,"""t16_bank""= 0"
Medium_Bilateral_10T,TNG-000_MasterLayout-1,Medium_Bilateral_10T,[Equation 85],Equation,,,,,,,FALSE,"""drum_len_in_sketch@SK_OUTER_BOX""= ""drum_len_in"""
Medium_Bilateral_10T,TNG-000_MasterLayout-1,Medium_Bilateral_10T,[Equation 86],Equation,,,,,,,FALSE,"""drum_wid_in@SK_OUTER_BOX""= ""drum_wid_in"""
Medium_Bilateral_10T,TNG-000_MasterLayout-1,Medium_Bilateral_10T,[Equation 87],Equation,,,,,,,FALSE,"""side_thk_in_sketch@SK_CAVITY""= ""side_thk_in"""
Medium_Bilateral_10T,TNG-000_MasterLayout-1,Medium_Bilateral_10T,[Equation 88],Equation,,,,,,,FALSE,"""end_cap_thk_in_sketch@SK_CAVITY""= ""end_cap_thk_in"""
Medium_Bilateral_10T,TNG-000_MasterLayout-1,Medium_Bilateral_10T,[Equation 89],Equation,,,,,,,FALSE,"""cavity_hgt_in@SK_HEIGHT_STACK""= ""cavity_hgt_in"""
Medium_Bilateral_10T,TNG-000_MasterLayout-1,Medium_Bilateral_10T,[Equation 90],Equation,,,,,,,FALSE,"""top_thk_in_sketch@SK_HEIGHT_STACK"" = ""top_thk_in"""
Medium_Bilateral_10T,TNG-000_MasterLayout-1,Medium_Bilateral_10T,[Equation 91],Equation,,,,,,,FALSE,"""bottom_thk_in_sketch@SK_HEIGHT_STACK""= ""bottom_thk_in"""
Medium_Bilateral_10T,TNG-000_MasterLayout-1,Medium_Bilateral_10T,[Equation 92],Equation,,,,,,,FALSE,"""port_dia_in@SK_PORT""= ""port_dia_in"""
Medium_Bilateral_10T,TNG-000_MasterLayout-1,Medium_Bilateral_10T,[Equation 93],Equation,,,,,,,FALSE,"""foot_dia@SK_FEET""= ""foot_dia_in"""
Medium_Bilateral_10T,TNG-000_MasterLayout-1,Medium_Bilateral_10T,[Equation 94],Equation,,,,,,,TRUE,"""t02_midi_note""= 61"
Medium_Bilateral_10T,TNG-000_MasterLayout-1,Medium_Bilateral_10T,[Equation 95],Equation,,,,,,,TRUE,"""t03_midi_note""= 62"
Medium_Bilateral_10T,TNG-000_MasterLayout-1,Medium_Bilateral_10T,[Equation 96],Equation,,,,,,,TRUE,"""t04_midi_note""= 64"
Medium_Bilateral_10T,TNG-000_MasterLayout-1,Medium_Bilateral_10T,[Equation 97],Equation,,,,,,,TRUE,"""t05_midi_note""= 67"
Medium_Bilateral_10T,TNG-000_MasterLayout-1,Medium_Bilateral_10T,[Equation 98],Equation,,,,,,,TRUE,"""t06_midi_note""= 70"
Medium_Bilateral_10T,TNG-000_MasterLayout-1,Medium_Bilateral_10T,[Equation 99],Equation,,,,,,,TRUE,"""t07_midi_note"" = 77"
Medium_Bilateral_10T,TNG-000_MasterLayout-1,Medium_Bilateral_10T,[Equation 100],Equation,,,,,,,TRUE,"""t08_midi_note"" = 79"
Medium_Bilateral_10T,TNG-000_MasterLayout-1,Medium_Bilateral_10T,[Equation 101],Equation,,,,,,,TRUE,"""t09_midi_note"" = 80"
Medium_Bilateral_10T,TNG-000_MasterLayout-1,Medium_Bilateral_10T,[Equation 102],Equation,,,,,,,TRUE,"""t10_midi_note"" = 85"
Medium_Bilateral_10T,TNG-000_MasterLayout-1,Medium_Bilateral_10T,[Equation 103],Equation,,,,,,,TRUE,"""t11_midi_note""= 0"
Medium_Bilateral_10T,TNG-000_MasterLayout-1,Medium_Bilateral_10T,[Equation 104],Equation,,,,,,,TRUE,"""t12_midi_note""= 0"
Medium_Bilateral_10T,TNG-000_MasterLayout-1,Medium_Bilateral_10T,[Equation 105],Equation,,,,,,,TRUE,"""t13_midi_note""= 0"
Medium_Bilateral_10T,TNG-000_MasterLayout-1,Medium_Bilateral_10T,[Equation 106],Equation,,,,,,,TRUE,"""t14_midi_note""= 0"
Medium_Bilateral_10T,TNG-000_MasterLayout-1,Medium_Bilateral_10T,[Equation 107],Equation,,,,,,,TRUE,"""t15_midi_note""= 0"
Medium_Bilateral_10T,TNG-000_MasterLayout-1,Medium_Bilateral_10T,[Equation 108],Equation,,,,,,,TRUE,"""t16_midi_note""= 0"
Medium_Bilateral_10T,TNG-000_MasterLayout-1,Medium_Bilateral_10T,[Equation 109],Equation,,,,,,,TRUE,"""t16_freq_hz""= 440 * 2 ^ ( ( ""t16_midi_note"" - 69 ) / 12 )"
Medium_Bilateral_10T,TNG-000_MasterLayout-1,Medium_Bilateral_10T,[Equation 110],Equation,,,,,,,TRUE,"""foot_inset_in""= 1.8in"
Medium_Bilateral_10T,TNG-000_MasterLayout-1,Medium_Bilateral_10T,[Equation 111],Equation,,,,,,,TRUE,"""foot_screw_hole_dia_in""= 0.129in"
Medium_Bilateral_10T,TNG-000_MasterLayout-1,Medium_Bilateral_10T,[Equation 112],Equation,,,,,,,FALSE,"""foot_setting@SK_FEET""= ""foot_inset_in"""
Medium_Bilateral_10T,TNG-000_MasterLayout-1,Medium_Bilateral_10T,[Equation 113],Equation,,,,,,,FALSE,"""screw_hole@SK_FEET""= ""screw_size"""
Medium_Bilateral_10T,TNG-000_MasterLayout-1,Medium_Bilateral_10T,[Equation 114],Equation,,,,,,,TRUE,"""t01_wid"" = 1in"
Medium_Bilateral_10T,TNG-000_MasterLayout-1,Medium_Bilateral_10T,[Equation 115],Equation,,,,,,,TRUE,"""t02_wid"" = 1in"
Medium_Bilateral_10T,TNG-000_MasterLayout-1,Medium_Bilateral_10T,[Equation 116],Equation,,,,,,,TRUE,"""t03_wid"" = 1in"
Medium_Bilateral_10T,TNG-000_MasterLayout-1,Medium_Bilateral_10T,[Equation 117],Equation,,,,,,,TRUE,"""t04_wid""= 0.87in"
Medium_Bilateral_10T,TNG-000_MasterLayout-1,Medium_Bilateral_10T,[Equation 118],Equation,,,,,,,TRUE,"""t05_wid"" = 1in"
Medium_Bilateral_10T,TNG-000_MasterLayout-1,Medium_Bilateral_10T,[Equation 119],Equation,,,,,,,TRUE,"""t06_wid"" = 1in"
Medium_Bilateral_10T,TNG-000_MasterLayout-1,Medium_Bilateral_10T,[Equation 120],Equation,,,,,,,TRUE,"""t07_wid"" = 1in"
Medium_Bilateral_10T,TNG-000_MasterLayout-1,Medium_Bilateral_10T,[Equation 121],Equation,,,,,,,TRUE,"""t08_wid"" = 1in"
Medium_Bilateral_10T,TNG-000_MasterLayout-1,Medium_Bilateral_10T,[Equation 122],Equation,,,,,,,TRUE,"""t09_wid"" = 1in"
Medium_Bilateral_10T,TNG-000_MasterLayout-1,Medium_Bilateral_10T,[Equation 123],Equation,,,,,,,TRUE,"""t10_wid"" = 1in"
Medium_Bilateral_10T,TNG-000_MasterLayout-1,Medium_Bilateral_10T,[Equation 124],Equation,,,,,,,TRUE,"""t11_wid"" = 1in"
Medium_Bilateral_10T,TNG-000_MasterLayout-1,Medium_Bilateral_10T,[Equation 125],Equation,,,,,,,TRUE,"""t12_wid"" = 1in"
Medium_Bilateral_10T,TNG-000_MasterLayout-1,Medium_Bilateral_10T,[Equation 126],Equation,,,,,,,TRUE,"""t13_wid"" = 1in"
Medium_Bilateral_10T,TNG-000_MasterLayout-1,Medium_Bilateral_10T,[Equation 127],Equation,,,,,,,TRUE,"""t14_wid"" = 1in"
Medium_Bilateral_10T,TNG-000_MasterLayout-1,Medium_Bilateral_10T,[Equation 128],Equation,,,,,,,TRUE,"""t16_wid"" = 1in"
Medium_Bilateral_10T,TNG-000_MasterLayout-1,Medium_Bilateral_10T,[Equation 129],Equation,,,,,,,TRUE,"""t15_wid""= 0in"
Medium_Bilateral_10T,TNG-000_MasterLayout-1,Medium_Bilateral_10T,[Equation 130],Equation,,,,,,,TRUE,"""r_tong_bank""=2.16066"
Medium_Bilateral_10T,TNG-000_MasterLayout-1,Medium_Bilateral_10T,[Equation 131],Equation,,,,,,,TRUE,"""l_tong_bank""=2.4"
Small_Baseline_8T,TNG-000_MasterLayout-1,Small_Baseline_8T,SK_OUTER_BOX,ProfileFeature,drum_len_in_sketch@SK_OUTER_BOX@TNG-000_MasterLayout.Part,304.8000,12.0000,N/A,TRUE,FALSE,FALSE,
Small_Baseline_8T,TNG-000_MasterLayout-1,Small_Baseline_8T,SK_OUTER_BOX,ProfileFeature,drum_wid_in@SK_OUTER_BOX@TNG-000_MasterLayout.Part,241.3000,9.5000,N/A,TRUE,FALSE,FALSE,
Small_Baseline_8T,TNG-000_MasterLayout-1,Small_Baseline_8T,SK_CAVITY,ProfileFeature,end_cap_thk_in_sketch@SK_CAVITY@TNG-000_MasterLayout.Part,12.7000,0.5000,N/A,TRUE,FALSE,FALSE,
Small_Baseline_8T,TNG-000_MasterLayout-1,Small_Baseline_8T,SK_CAVITY,ProfileFeature,side_thk_in_sketch@SK_CAVITY@TNG-000_MasterLayout.Part,12.7000,0.5000,N/A,TRUE,FALSE,FALSE,
Small_Baseline_8T,TNG-000_MasterLayout-1,Small_Baseline_8T,SK_HEIGHT_STACK,ProfileFeature,top_thk_in_sketch@SK_HEIGHT_STACK@TNG-000_MasterLayout.Part,7.6200,0.3000,N/A,TRUE,FALSE,FALSE,
Small_Baseline_8T,TNG-000_MasterLayout-1,Small_Baseline_8T,SK_HEIGHT_STACK,ProfileFeature,bottom_thk_in_sketch@SK_HEIGHT_STACK@TNG-000_MasterLayout.Part,12.7000,0.5000,N/A,TRUE,FALSE,FALSE,
Small_Baseline_8T,TNG-000_MasterLayout-1,Small_Baseline_8T,SK_HEIGHT_STACK,ProfileFeature,cavity_hgt_in@SK_HEIGHT_STACK@TNG-000_MasterLayout.Part,132.0800,5.2000,N/A,TRUE,FALSE,FALSE,
Small_Baseline_8T,TNG-000_MasterLayout-1,Small_Baseline_8T,SK_PORT,ProfileFeature,port_dia_in@SK_PORT@TNG-000_MasterLayout.Part,38.1000,1.5000,N/A,TRUE,FALSE,FALSE,
Small_Baseline_8T,TNG-000_MasterLayout-1,Small_Baseline_8T,SK_FEET,ProfileFeature,foot_dia@SK_FEET@TNG-000_MasterLayout.Part,31.7500,1.2500,N/A,TRUE,FALSE,FALSE,
Small_Baseline_8T,TNG-000_MasterLayout-1,Small_Baseline_8T,SK_FEET,ProfileFeature,foot_setting@SK_FEET@TNG-000_MasterLayout.Part,45.7200,1.8000,N/A,TRUE,FALSE,FALSE,
Small_Baseline_8T,TNG-000_MasterLayout-1,Small_Baseline_8T,SK_FEET,ProfileFeature,screw_hole@SK_FEET@TNG-000_MasterLayout.Part,3.1750,0.1250,N/A,TRUE,FALSE,FALSE,
Small_Baseline_8T,TNG-000_MasterLayout-1,Small_Baseline_8T,SK_TONGUE_BANKS,ProfileFeature,D1@SK_TONGUE_BANKS@TNG-000_MasterLayout.Part,60.9600,2.4000,N/A,FALSE,FALSE,FALSE,
Small_Baseline_8T,TNG-000_MasterLayout-1,Small_Baseline_8T,SK_TONGUE_BANKS,ProfileFeature,D2@SK_TONGUE_BANKS@TNG-000_MasterLayout.Part,60.9600,2.4000,N/A,FALSE,FALSE,FALSE,
Small_Baseline_8T,TNG-000_MasterLayout-1,Small_Baseline_8T,T01_6TMagazineBaseline,ProfileFeature,D1@T01_6TMagazineBaseline@TNG-000_MasterLayout.Part,22.0980,0.8700,N/A,FALSE,FALSE,FALSE,
Small_Baseline_8T,TNG-000_MasterLayout-1,Small_Baseline_8T,T01_6TMagazineBaseline,ProfileFeature,D2@T01_6TMagazineBaseline@TNG-000_MasterLayout.Part,216.5190,8.5244,N/A,FALSE,FALSE,FALSE,
Small_Baseline_8T,TNG-000_MasterLayout-1,Small_Baseline_8T,T01_6TMagazineBaseline,ProfileFeature,D3@T01_6TMagazineBaseline@TNG-000_MasterLayout.Part,60.9600,2.4000,N/A,FALSE,FALSE,FALSE,
Small_Baseline_8T,TNG-000_MasterLayout-1,Small_Baseline_8T,T01_6TMagazineBaseline,ProfileFeature,D4@T01_6TMagazineBaseline@TNG-000_MasterLayout.Part,6.2611,0.2465,N/A,FALSE,FALSE,FALSE,
Small_Baseline_8T,TNG-000_MasterLayout-1,Small_Baseline_8T,T01_6TMagazineBaseline,ProfileFeature,D5@T01_6TMagazineBaseline@TNG-000_MasterLayout.Part,15.7141,0.6187,N/A,FALSE,FALSE,FALSE,
Small_Baseline_8T,TNG-000_MasterLayout-1,Small_Baseline_8T,T01_6TMagazineBaseline,ProfileFeature,D6@T01_6TMagazineBaseline@TNG-000_MasterLayout.Part,11.8257,0.4656,N/A,FALSE,FALSE,FALSE,
Small_Baseline_8T,TNG-000_MasterLayout-1,Small_Baseline_8T,T01_6TMagazineBaseline,ProfileFeature,D7@T01_6TMagazineBaseline@TNG-000_MasterLayout.Part,4.7873,0.1885,N/A,FALSE,FALSE,FALSE,
Small_Baseline_8T,TNG-000_MasterLayout-1,Small_Baseline_8T,T01_6TMagazineBaseline,ProfileFeature,D8@T01_6TMagazineBaseline@TNG-000_MasterLayout.Part,5.5875,0.2200,N/A,FALSE,FALSE,FALSE,
Small_Baseline_8T,TNG-000_MasterLayout-1,Small_Baseline_8T,T01_6TMagazineBaseline,ProfileFeature,D9@T01_6TMagazineBaseline@TNG-000_MasterLayout.Part,6.7466,0.2656,N/A,FALSE,FALSE,FALSE,
Small_Baseline_8T,TNG-000_MasterLayout-1,Small_Baseline_8T,T01_6TMagazineBaseline,ProfileFeature,D10@T01_6TMagazineBaseline@TNG-000_MasterLayout.Part,6.5945,0.2596,N/A,FALSE,FALSE,FALSE,
Small_Baseline_8T,TNG-000_MasterLayout-1,Small_Baseline_8T,T01_6TMagazineBaseline,ProfileFeature,D11@T01_6TMagazineBaseline@TNG-000_MasterLayout.Part,6.5077,0.2562,N/A,FALSE,FALSE,FALSE,
Small_Baseline_8T,TNG-000_MasterLayout-1,Small_Baseline_8T,T01_6TMagazineBaseline,ProfileFeature,D12@T01_6TMagazineBaseline@TNG-000_MasterLayout.Part,5.7544,0.2266,N/A,FALSE,FALSE,FALSE,
Small_Baseline_8T,TNG-000_MasterLayout-1,Small_Baseline_8T,T01_6TMagazineBaseline,ProfileFeature,D13@T01_6TMagazineBaseline@TNG-000_MasterLayout.Part,14.6706,0.5776,N/A,FALSE,FALSE,FALSE,
Small_Baseline_8T,TNG-000_MasterLayout-1,Small_Baseline_8T,T01_6TMagazineBaseline,ProfileFeature,D14@T01_6TMagazineBaseline@TNG-000_MasterLayout.Part,11.7242,0.4616,N/A,FALSE,FALSE,FALSE,
Small_Baseline_8T,TNG-000_MasterLayout-1,Small_Baseline_8T,T01_6TMagazineBaseline,ProfileFeature,D15@T01_6TMagazineBaseline@TNG-000_MasterLayout.Part,6.8136,0.2683,N/A,FALSE,FALSE,FALSE,
Small_Baseline_8T,TNG-000_MasterLayout-1,Small_Baseline_8T,T01_6TMagazineBaseline,ProfileFeature,D16@T01_6TMagazineBaseline@TNG-000_MasterLayout.Part,3.9899,0.1571,N/A,FALSE,FALSE,FALSE,
Small_Baseline_8T,TNG-000_MasterLayout-1,Small_Baseline_8T,T01_6TMagazineBaseline,ProfileFeature,D17@T01_6TMagazineBaseline@TNG-000_MasterLayout.Part,1.7187,0.0677,N/A,FALSE,FALSE,FALSE,
Small_Baseline_8T,TNG-000_MasterLayout-1,Small_Baseline_8T,T01_6TMagazineBaseline,ProfileFeature,D18@T01_6TMagazineBaseline@TNG-000_MasterLayout.Part,8.3002,0.3268,N/A,FALSE,FALSE,FALSE,
Small_Baseline_8T,TNG-000_MasterLayout-1,Small_Baseline_8T,T01_6TMagazineBaseline,ProfileFeature,D19@T01_6TMagazineBaseline@TNG-000_MasterLayout.Part,13.4312,0.5288,N/A,FALSE,FALSE,FALSE,
Small_Baseline_8T,TNG-000_MasterLayout-1,Small_Baseline_8T,T01_6TMagazineBaseline,ProfileFeature,D20@T01_6TMagazineBaseline@TNG-000_MasterLayout.Part,15.1542,0.5966,N/A,FALSE,FALSE,FALSE,
Small_Baseline_8T,TNG-000_MasterLayout-1,Small_Baseline_8T,T01_6TMagazineBaseline,ProfileFeature,D21@T01_6TMagazineBaseline@TNG-000_MasterLayout.Part,201.1677,7.9200,N/A,FALSE,FALSE,FALSE,
Small_Baseline_8T,TNG-000_MasterLayout-1,Small_Baseline_8T,T01_6TMagazineBaseline,ProfileFeature,D22@T01_6TMagazineBaseline@TNG-000_MasterLayout.Part,16.1507,0.6359,N/A,FALSE,FALSE,FALSE,
Small_Baseline_8T,TNG-000_MasterLayout-1,Small_Baseline_8T,T01_6TMagazineBaseline,ProfileFeature,D23@T01_6TMagazineBaseline@TNG-000_MasterLayout.Part,94.6563,3.7266,N/A,FALSE,FALSE,FALSE,
Small_Baseline_8T,TNG-000_MasterLayout-1,Small_Baseline_8T,T01_6TMagazineBaseline,ProfileFeature,D24@T01_6TMagazineBaseline@TNG-000_MasterLayout.Part,18.6970,0.7361,N/A,FALSE,FALSE,FALSE,
Small_Baseline_8T,TNG-000_MasterLayout-1,Small_Baseline_8T,T01_6TMagazineBaseline,ProfileFeature,D25@T01_6TMagazineBaseline@TNG-000_MasterLayout.Part,15.3513,0.6044,N/A,FALSE,FALSE,FALSE,
Small_Baseline_8T,TNG-000_MasterLayout-1,Small_Baseline_8T,T01_6TMagazineBaseline,ProfileFeature,D26@T01_6TMagazineBaseline@TNG-000_MasterLayout.Part,9.1212,0.3591,N/A,FALSE,FALSE,FALSE,
Small_Baseline_8T,TNG-000_MasterLayout-1,Small_Baseline_8T,T02_6TMagazineBaseline,ProfileFeature,D1@T02_6TMagazineBaseline@TNG-000_MasterLayout.Part,60.9600,2.4000,N/A,FALSE,FALSE,FALSE,
Small_Baseline_8T,TNG-000_MasterLayout-1,Small_Baseline_8T,T02_6TMagazineBaseline,ProfileFeature,D3@T02_6TMagazineBaseline@TNG-000_MasterLayout.Part,25.4000,1.0000,N/A,FALSE,FALSE,FALSE,
Small_Baseline_8T,TNG-000_MasterLayout-1,Small_Baseline_8T,T02_6TMagazineBaseline,ProfileFeature,D4@T02_6TMagazineBaseline@TNG-000_MasterLayout.Part,171.4500,6.7500,N/A,FALSE,FALSE,FALSE,
Small_Baseline_8T,TNG-000_MasterLayout-1,Small_Baseline_8T,T02_6TMagazineBaseline,ProfileFeature,D2@T02_6TMagazineBaseline@TNG-000_MasterLayout.Part,1.7780,0.0700,N/A,FALSE,FALSE,FALSE,
Small_Baseline_8T,TNG-000_MasterLayout-1,Small_Baseline_8T,T03_6TMagazineBaseline,ProfileFeature,D1@T03_6TMagazineBaseline@TNG-000_MasterLayout.Part,22.0980,0.8700,N/A,FALSE,FALSE,FALSE,
Small_Baseline_8T,TNG-000_MasterLayout-1,Small_Baseline_8T,T03_6TMagazineBaseline,ProfileFeature,D2@T03_6TMagazineBaseline@TNG-000_MasterLayout.Part,216.6791,8.5307,N/A,FALSE,FALSE,FALSE,
Small_Baseline_8T,TNG-000_MasterLayout-1,Small_Baseline_8T,T03_6TMagazineBaseline,ProfileFeature,D3@T03_6TMagazineBaseline@TNG-000_MasterLayout.Part,1.8543,0.0730,N/A,FALSE,FALSE,FALSE,
Small_Baseline_8T,TNG-000_MasterLayout-1,Small_Baseline_8T,T03_6TMagazineBaseline,ProfileFeature,D4@T03_6TMagazineBaseline@TNG-000_MasterLayout.Part,9.7584,0.3842,N/A,FALSE,FALSE,FALSE,
Small_Baseline_8T,TNG-000_MasterLayout-1,Small_Baseline_8T,T03_6TMagazineBaseline,ProfileFeature,D5@T03_6TMagazineBaseline@TNG-000_MasterLayout.Part,23.2011,0.9134,N/A,FALSE,FALSE,FALSE,
Small_Baseline_8T,TNG-000_MasterLayout-1,Small_Baseline_8T,T03_6TMagazineBaseline,ProfileFeature,D6@T03_6TMagazineBaseline@TNG-000_MasterLayout.Part,32.2938,1.2714,N/A,FALSE,FALSE,FALSE,
Small_Baseline_8T,TNG-000_MasterLayout-1,Small_Baseline_8T,T03_6TMagazineBaseline,ProfileFeature,D7@T03_6TMagazineBaseline@TNG-000_MasterLayout.Part,38.9813,1.5347,N/A,FALSE,FALSE,FALSE,
Small_Baseline_8T,TNG-000_MasterLayout-1,Small_Baseline_8T,T03_6TMagazineBaseline,ProfileFeature,D8@T03_6TMagazineBaseline@TNG-000_MasterLayout.Part,43.5023,1.7127,N/A,FALSE,FALSE,FALSE,
Small_Baseline_8T,TNG-000_MasterLayout-1,Small_Baseline_8T,T03_6TMagazineBaseline,ProfileFeature,D9@T03_6TMagazineBaseline@TNG-000_MasterLayout.Part,3.7332,0.1470,N/A,FALSE,FALSE,FALSE,
Small_Baseline_8T,TNG-000_MasterLayout-1,Small_Baseline_8T,T03_6TMagazineBaseline,ProfileFeature,D10@T03_6TMagazineBaseline@TNG-000_MasterLayout.Part,4.3043,0.1695,N/A,FALSE,FALSE,FALSE,
Small_Baseline_8T,TNG-000_MasterLayout-1,Small_Baseline_8T,T03_6TMagazineBaseline,ProfileFeature,D11@T03_6TMagazineBaseline@TNG-000_MasterLayout.Part,39.0245,1.5364,N/A,FALSE,FALSE,FALSE,
Small_Baseline_8T,TNG-000_MasterLayout-1,Small_Baseline_8T,T03_6TMagazineBaseline,ProfileFeature,D12@T03_6TMagazineBaseline@TNG-000_MasterLayout.Part,31.1173,1.2251,N/A,FALSE,FALSE,FALSE,
Small_Baseline_8T,TNG-000_MasterLayout-1,Small_Baseline_8T,T03_6TMagazineBaseline,ProfileFeature,D13@T03_6TMagazineBaseline@TNG-000_MasterLayout.Part,14.3641,0.5655,N/A,FALSE,FALSE,FALSE,
Small_Baseline_8T,TNG-000_MasterLayout-1,Small_Baseline_8T,T03_6TMagazineBaseline,ProfileFeature,D14@T03_6TMagazineBaseline@TNG-000_MasterLayout.Part,36.3742,1.4321,N/A,FALSE,FALSE,FALSE,
Small_Baseline_8T,TNG-000_MasterLayout-1,Small_Baseline_8T,T03_6TMagazineBaseline,ProfileFeature,D15@T03_6TMagazineBaseline@TNG-000_MasterLayout.Part,29.9611,1.1796,N/A,FALSE,FALSE,FALSE,
Small_Baseline_8T,TNG-000_MasterLayout-1,Small_Baseline_8T,T03_6TMagazineBaseline,ProfileFeature,D16@T03_6TMagazineBaseline@TNG-000_MasterLayout.Part,24.1546,0.9510,N/A,FALSE,FALSE,FALSE,
Small_Baseline_8T,TNG-000_MasterLayout-1,Small_Baseline_8T,T03_6TMagazineBaseline,ProfileFeature,D17@T03_6TMagazineBaseline@TNG-000_MasterLayout.Part,60.9600,2.4000,N/A,FALSE,FALSE,FALSE,
Small_Baseline_8T,TNG-000_MasterLayout-1,Small_Baseline_8T,T03_6TMagazineBaseline,ProfileFeature,D18@T03_6TMagazineBaseline@TNG-000_MasterLayout.Part,1.7780,0.0700,N/A,FALSE,FALSE,FALSE,
Small_Baseline_8T,TNG-000_MasterLayout-1,Small_Baseline_8T,T04_6TMagazineBaseline,ProfileFeature,D1@T04_6TMagazineBaseline@TNG-000_MasterLayout.Part,22.0980,0.8700,N/A,FALSE,FALSE,FALSE,
Small_Baseline_8T,TNG-000_MasterLayout-1,Small_Baseline_8T,T04_6TMagazineBaseline,ProfileFeature,D2@T04_6TMagazineBaseline@TNG-000_MasterLayout.Part,162.9456,6.4152,N/A,FALSE,FALSE,FALSE,
Small_Baseline_8T,TNG-000_MasterLayout-1,Small_Baseline_8T,T04_6TMagazineBaseline,ProfileFeature,D3@T04_6TMagazineBaseline@TNG-000_MasterLayout.Part,6.4609,0.2544,N/A,FALSE,FALSE,FALSE,
Small_Baseline_8T,TNG-000_MasterLayout-1,Small_Baseline_8T,T04_6TMagazineBaseline,ProfileFeature,D4@T04_6TMagazineBaseline@TNG-000_MasterLayout.Part,11.6248,0.4577,N/A,FALSE,FALSE,FALSE,
Small_Baseline_8T,TNG-000_MasterLayout-1,Small_Baseline_8T,T04_6TMagazineBaseline,ProfileFeature,D5@T04_6TMagazineBaseline@TNG-000_MasterLayout.Part,16.8488,0.6633,N/A,FALSE,FALSE,FALSE,
Small_Baseline_8T,TNG-000_MasterLayout-1,Small_Baseline_8T,T04_6TMagazineBaseline,ProfileFeature,D6@T04_6TMagazineBaseline@TNG-000_MasterLayout.Part,23.0896,0.9090,N/A,FALSE,FALSE,FALSE,
Small_Baseline_8T,TNG-000_MasterLayout-1,Small_Baseline_8T,T04_6TMagazineBaseline,ProfileFeature,D7@T04_6TMagazineBaseline@TNG-000_MasterLayout.Part,27.2967,1.0747,N/A,FALSE,FALSE,FALSE,
Small_Baseline_8T,TNG-000_MasterLayout-1,Small_Baseline_8T,T04_6TMagazineBaseline,ProfileFeature,D8@T04_6TMagazineBaseline@TNG-000_MasterLayout.Part,29.1169,1.1463,N/A,FALSE,FALSE,FALSE,
Small_Baseline_8T,TNG-000_MasterLayout-1,Small_Baseline_8T,T04_6TMagazineBaseline,ProfileFeature,D9@T04_6TMagazineBaseline@TNG-000_MasterLayout.Part,29.4608,1.1599,N/A,FALSE,FALSE,FALSE,
Small_Baseline_8T,TNG-000_MasterLayout-1,Small_Baseline_8T,T04_6TMagazineBaseline,ProfileFeature,D10@T04_6TMagazineBaseline@TNG-000_MasterLayout.Part,29.8991,1.1771,N/A,FALSE,FALSE,FALSE,
Small_Baseline_8T,TNG-000_MasterLayout-1,Small_Baseline_8T,T04_6TMagazineBaseline,ProfileFeature,D11@T04_6TMagazineBaseline@TNG-000_MasterLayout.Part,29.9987,1.1811,N/A,FALSE,FALSE,FALSE,
Small_Baseline_8T,TNG-000_MasterLayout-1,Small_Baseline_8T,T04_6TMagazineBaseline,ProfileFeature,D12@T04_6TMagazineBaseline@TNG-000_MasterLayout.Part,29.8798,1.1764,N/A,FALSE,FALSE,FALSE,
Small_Baseline_8T,TNG-000_MasterLayout-1,Small_Baseline_8T,T04_6TMagazineBaseline,ProfileFeature,D13@T04_6TMagazineBaseline@TNG-000_MasterLayout.Part,29.6160,1.1660,N/A,FALSE,FALSE,FALSE,
Small_Baseline_8T,TNG-000_MasterLayout-1,Small_Baseline_8T,T04_6TMagazineBaseline,ProfileFeature,D14@T04_6TMagazineBaseline@TNG-000_MasterLayout.Part,28.6892,1.1295,N/A,FALSE,FALSE,FALSE,
Small_Baseline_8T,TNG-000_MasterLayout-1,Small_Baseline_8T,T04_6TMagazineBaseline,ProfileFeature,D16@T04_6TMagazineBaseline@TNG-000_MasterLayout.Part,25.5516,1.0060,N/A,FALSE,FALSE,FALSE,
Small_Baseline_8T,TNG-000_MasterLayout-1,Small_Baseline_8T,T04_6TMagazineBaseline,ProfileFeature,D17@T04_6TMagazineBaseline@TNG-000_MasterLayout.Part,22.2256,0.8750,N/A,FALSE,FALSE,FALSE,
Small_Baseline_8T,TNG-000_MasterLayout-1,Small_Baseline_8T,T04_6TMagazineBaseline,ProfileFeature,D15@T04_6TMagazineBaseline@TNG-000_MasterLayout.Part,35.0089,1.3783,N/A,FALSE,FALSE,FALSE,
Small_Baseline_8T,TNG-000_MasterLayout-1,Small_Baseline_8T,T04_6TMagazineBaseline,ProfileFeature,D18@T04_6TMagazineBaseline@TNG-000_MasterLayout.Part,34.1892,1.3460,N/A,FALSE,FALSE,FALSE,
Small_Baseline_8T,TNG-000_MasterLayout-1,Small_Baseline_8T,T04_6TMagazineBaseline,ProfileFeature,D19@T04_6TMagazineBaseline@TNG-000_MasterLayout.Part,32.1428,1.2655,N/A,FALSE,FALSE,FALSE,
Small_Baseline_8T,TNG-000_MasterLayout-1,Small_Baseline_8T,T04_6TMagazineBaseline,ProfileFeature,D20@T04_6TMagazineBaseline@TNG-000_MasterLayout.Part,25.0566,0.9865,N/A,FALSE,FALSE,FALSE,
Small_Baseline_8T,TNG-000_MasterLayout-1,Small_Baseline_8T,T04_6TMagazineBaseline,ProfileFeature,D21@T04_6TMagazineBaseline@TNG-000_MasterLayout.Part,16.0922,0.6336,N/A,FALSE,FALSE,FALSE,
Small_Baseline_8T,TNG-000_MasterLayout-1,Small_Baseline_8T,T04_6TMagazineBaseline,ProfileFeature,D22@T04_6TMagazineBaseline@TNG-000_MasterLayout.Part,34.8806,1.3733,N/A,FALSE,FALSE,FALSE,
Small_Baseline_8T,TNG-000_MasterLayout-1,Small_Baseline_8T,T04_6TMagazineBaseline,ProfileFeature,D23@T04_6TMagazineBaseline@TNG-000_MasterLayout.Part,38.3927,1.5115,N/A,FALSE,FALSE,FALSE,
Small_Baseline_8T,TNG-000_MasterLayout-1,Small_Baseline_8T,T04_6TMagazineBaseline,ProfileFeature,D24@T04_6TMagazineBaseline@TNG-000_MasterLayout.Part,13.7170,0.5400,N/A,FALSE,FALSE,FALSE,
Small_Baseline_8T,TNG-000_MasterLayout-1,Small_Baseline_8T,T04_6TMagazineBaseline,ProfileFeature,D25@T04_6TMagazineBaseline@TNG-000_MasterLayout.Part,40.9528,1.6123,N/A,FALSE,FALSE,FALSE,
Small_Baseline_8T,TNG-000_MasterLayout-1,Small_Baseline_8T,T04_6TMagazineBaseline,ProfileFeature,D28@T04_6TMagazineBaseline@TNG-000_MasterLayout.Part,6.9078,0.2720,N/A,FALSE,FALSE,FALSE,
Small_Baseline_8T,TNG-000_MasterLayout-1,Small_Baseline_8T,T04_6TMagazineBaseline,ProfileFeature,D29@T04_6TMagazineBaseline@TNG-000_MasterLayout.Part,23.0948,0.9092,N/A,FALSE,FALSE,FALSE,
Small_Baseline_8T,TNG-000_MasterLayout-1,Small_Baseline_8T,T04_6TMagazineBaseline,ProfileFeature,D30@T04_6TMagazineBaseline@TNG-000_MasterLayout.Part,29.6621,1.1678,N/A,FALSE,FALSE,FALSE,
Small_Baseline_8T,TNG-000_MasterLayout-1,Small_Baseline_8T,T04_6TMagazineBaseline,ProfileFeature,D31@T04_6TMagazineBaseline@TNG-000_MasterLayout.Part,36.7066,1.4451,N/A,FALSE,FALSE,FALSE,
Small_Baseline_8T,TNG-000_MasterLayout-1,Small_Baseline_8T,T04_6TMagazineBaseline,ProfileFeature,D32@T04_6TMagazineBaseline@TNG-000_MasterLayout.Part,3.4422,0.1355,N/A,FALSE,FALSE,FALSE,
Small_Baseline_8T,TNG-000_MasterLayout-1,Small_Baseline_8T,T04_6TMagazineBaseline,ProfileFeature,D27@T04_6TMagazineBaseline@TNG-000_MasterLayout.Part,1.7780,0.0700,N/A,FALSE,FALSE,FALSE,
Small_Baseline_8T,TNG-000_MasterLayout-1,Small_Baseline_8T,T04_6TMagazineBaseline,ProfileFeature,D26@T04_6TMagazineBaseline@TNG-000_MasterLayout.Part,60.9600,2.4000,N/A,FALSE,FALSE,FALSE,
Small_Baseline_8T,TNG-000_MasterLayout-1,Small_Baseline_8T,T04_6TMagazineBaseline,ProfileFeature,D33@T04_6TMagazineBaseline@TNG-000_MasterLayout.Part,72.8381,2.8676,N/A,FALSE,FALSE,FALSE,
Small_Baseline_8T,TNG-000_MasterLayout-1,Small_Baseline_8T,T04_6TMagazineBaseline,ProfileFeature,D34@T04_6TMagazineBaseline@TNG-000_MasterLayout.Part,26.8973,1.0589,N/A,FALSE,FALSE,FALSE,
Small_Baseline_8T,TNG-000_MasterLayout-1,Small_Baseline_8T,T05_6TMagazineBaseline,ProfileFeature,D1@T05_6TMagazineBaseline@TNG-000_MasterLayout.Part,22.0980,0.8700,N/A,FALSE,FALSE,FALSE,
Small_Baseline_8T,TNG-000_MasterLayout-1,Small_Baseline_8T,T05_6TMagazineBaseline,ProfileFeature,D2@T05_6TMagazineBaseline@TNG-000_MasterLayout.Part,60.9600,2.4000,N/A,FALSE,FALSE,FALSE,
Small_Baseline_8T,TNG-000_MasterLayout-1,Small_Baseline_8T,T05_6TMagazineBaseline,ProfileFeature,D3@T05_6TMagazineBaseline@TNG-000_MasterLayout.Part,160.0200,6.3000,N/A,FALSE,FALSE,FALSE,
Small_Baseline_8T,TNG-000_MasterLayout-1,Small_Baseline_8T,T05_6TMagazineBaseline,ProfileFeature,D4@T05_6TMagazineBaseline@TNG-000_MasterLayout.Part,1.7780,0.0700,N/A,FALSE,FALSE,FALSE,
Small_Baseline_8T,TNG-000_MasterLayout-1,Small_Baseline_8T,T06_6TMagazineBaseline,ProfileFeature,D1@T06_6TMagazineBaseline@TNG-000_MasterLayout.Part,22.0980,0.8700,N/A,FALSE,FALSE,FALSE,
Small_Baseline_8T,TNG-000_MasterLayout-1,Small_Baseline_8T,T06_6TMagazineBaseline,ProfileFeature,D2@T06_6TMagazineBaseline@TNG-000_MasterLayout.Part,60.9600,2.4000,N/A,FALSE,FALSE,FALSE,
Small_Baseline_8T,TNG-000_MasterLayout-1,Small_Baseline_8T,T06_6TMagazineBaseline,ProfileFeature,D3@T06_6TMagazineBaseline@TNG-000_MasterLayout.Part,1.7780,0.0700,N/A,FALSE,FALSE,FALSE,
Small_Baseline_8T,TNG-000_MasterLayout-1,Small_Baseline_8T,T06_6TMagazineBaseline,ProfileFeature,D4@T06_6TMagazineBaseline@TNG-000_MasterLayout.Part,24.7311,0.9737,N/A,FALSE,FALSE,FALSE,
Small_Baseline_8T,TNG-000_MasterLayout-1,Small_Baseline_8T,T06_6TMagazineBaseline,ProfileFeature,D5@T06_6TMagazineBaseline@TNG-000_MasterLayout.Part,30.7148,1.2092,N/A,FALSE,FALSE,FALSE,
Small_Baseline_8T,TNG-000_MasterLayout-1,Small_Baseline_8T,T06_6TMagazineBaseline,ProfileFeature,D6@T06_6TMagazineBaseline@TNG-000_MasterLayout.Part,100.3423,3.9505,N/A,FALSE,FALSE,FALSE,
Small_Baseline_8T,TNG-000_MasterLayout-1,Small_Baseline_8T,T06_6TMagazineBaseline,ProfileFeature,D7@T06_6TMagazineBaseline@TNG-000_MasterLayout.Part,38.3203,1.5087,N/A,FALSE,FALSE,FALSE,
Small_Baseline_8T,TNG-000_MasterLayout-1,Small_Baseline_8T,T06_6TMagazineBaseline,ProfileFeature,D8@T06_6TMagazineBaseline@TNG-000_MasterLayout.Part,11.0645,0.4356,N/A,FALSE,FALSE,FALSE,
Small_Baseline_8T,TNG-000_MasterLayout-1,Small_Baseline_8T,T06_6TMagazineBaseline,ProfileFeature,D9@T06_6TMagazineBaseline@TNG-000_MasterLayout.Part,21.2762,0.8376,N/A,FALSE,FALSE,FALSE,
Small_Baseline_8T,TNG-000_MasterLayout-1,Small_Baseline_8T,T06_6TMagazineBaseline,ProfileFeature,D10@T06_6TMagazineBaseline@TNG-000_MasterLayout.Part,33.6322,1.3241,N/A,FALSE,FALSE,FALSE,
Small_Baseline_8T,TNG-000_MasterLayout-1,Small_Baseline_8T,T06_6TMagazineBaseline,ProfileFeature,D11@T06_6TMagazineBaseline@TNG-000_MasterLayout.Part,44.4226,1.7489,N/A,FALSE,FALSE,FALSE,
Small_Baseline_8T,TNG-000_MasterLayout-1,Small_Baseline_8T,T06_6TMagazineBaseline,ProfileFeature,D13@T06_6TMagazineBaseline@TNG-000_MasterLayout.Part,218.4400,8.6000,N/A,FALSE,FALSE,FALSE,
Small_Baseline_8T,TNG-000_MasterLayout-1,Small_Baseline_8T,T06_6TMagazineBaseline,ProfileFeature,D14@T06_6TMagazineBaseline@TNG-000_MasterLayout.Part,39.0589,1.5378,N/A,FALSE,FALSE,FALSE,
Small_Baseline_8T,TNG-000_MasterLayout-1,Small_Baseline_8T,T06_6TMagazineBaseline,ProfileFeature,D15@T06_6TMagazineBaseline@TNG-000_MasterLayout.Part,37.9341,1.4935,N/A,FALSE,FALSE,FALSE,
Small_Baseline_8T,TNG-000_MasterLayout-1,Small_Baseline_8T,T06_6TMagazineBaseline,ProfileFeature,D12@T06_6TMagazineBaseline@TNG-000_MasterLayout.Part,100.3423,3.9505,N/A,FALSE,FALSE,FALSE,
Small_Baseline_8T,TNG-000_MasterLayout-1,Small_Baseline_8T,T06_6TMagazineBaseline,ProfileFeature,D16@T06_6TMagazineBaseline@TNG-000_MasterLayout.Part,50.9472,2.0058,N/A,FALSE,FALSE,FALSE,
Small_Baseline_8T,TNG-000_MasterLayout-1,Small_Baseline_8T,[Equation 0],Equation,,,,,,,TRUE,"""drum_len_in""= 12in"
Small_Baseline_8T,TNG-000_MasterLayout-1,Small_Baseline_8T,[Equation 1],Equation,,,,,,,TRUE,"""drum_wid_in"" = 9.5in"
Small_Baseline_8T,TNG-000_MasterLayout-1,Small_Baseline_8T,[Equation 2],Equation,,,,,,,TRUE,"""drum_hgt_in""= 6in"
Small_Baseline_8T,TNG-000_MasterLayout-1,Small_Baseline_8T,[Equation 3],Equation,,,,,,,TRUE,"""top_thk_in"" = 0.3in"
Small_Baseline_8T,TNG-000_MasterLayout-1,Small_Baseline_8T,[Equation 4],Equation,,,,,,,TRUE,"""bottom_thk_in""= 0.5in"
Small_Baseline_8T,TNG-000_MasterLayout-1,Small_Baseline_8T,[Equation 5],Equation,,,,,,,TRUE,"""side_thk_in""= 0.5in"
Small_Baseline_8T,TNG-000_MasterLayout-1,Small_Baseline_8T,[Equation 6],Equation,,,,,,,TRUE,"""end_cap_thk_in""= 0.5in"
Small_Baseline_8T,TNG-000_MasterLayout-1,Small_Baseline_8T,[Equation 7],Equation,,,,,,,TRUE,"""slit_kerf_in"" = 0.075in"
Small_Baseline_8T,TNG-000_MasterLayout-1,Small_Baseline_8T,[Equation 8],Equation,,,,,,,TRUE,"""slit_end_rad_in""= 0.25in"
Small_Baseline_8T,TNG-000_MasterLayout-1,Small_Baseline_8T,[Equation 9],Equation,,,,,,,TRUE,"""tongue_gap_in""= 0.06in"
Small_Baseline_8T,TNG-000_MasterLayout-1,Small_Baseline_8T,[Equation 10],Equation,,,,,,,TRUE,"""port_dia_in""= 1.5in"
Small_Baseline_8T,TNG-000_MasterLayout-1,Small_Baseline_8T,[Equation 11],Equation,,,,,,,TRUE,"""foot_dia_in""= 1.25in"
Small_Baseline_8T,TNG-000_MasterLayout-1,Small_Baseline_8T,[Equation 12],Equation,,,,,,,TRUE,"""foot_hgt_in""= 0.75in"
Small_Baseline_8T,TNG-000_MasterLayout-1,Small_Baseline_8T,[Equation 13],Equation,,,,,,,TRUE,"""rough_len_factor""= 2 ^ ( - ""sharp_bias_cents"" / 2400 )"
Small_Baseline_8T,TNG-000_MasterLayout-1,Small_Baseline_8T,[Equation 14],Equation,,,,,,,TRUE,"""sharp_bias_cents""= 12"
Small_Baseline_8T,TNG-000_MasterLayout-1,Small_Baseline_8T,[Equation 15],Equation,,,,,,,TRUE,"""tongue_width_in""= 1.0in"
Small_Baseline_8T,TNG-000_MasterLayout-1,Small_Baseline_8T,[Equation 16],Equation,,,,,,,TRUE,"""cavity_len_in""= ""drum_len_in"" - 2 * ""end_cap_thk_in"""
Small_Baseline_8T,TNG-000_MasterLayout-1,Small_Baseline_8T,[Equation 17],Equation,,,,,,,TRUE,"""cavity_wid_in""= ""drum_wid_in"" - 2 * ""side_thk_in"""
Small_Baseline_8T,TNG-000_MasterLayout-1,Small_Baseline_8T,[Equation 18],Equation,,,,,,,TRUE,"""cavity_hgt_in""= ""drum_hgt_in"" - ""top_thk_in"" - ""bottom_thk_in"""
Small_Baseline_8T,TNG-000_MasterLayout-1,Small_Baseline_8T,[Equation 19],Equation,,,,,,,TRUE,"""cavity_vol_in3""= ""cavity_len_in"" * ""cavity_wid_in"" * ""cavity_hgt_in"""
Small_Baseline_8T,TNG-000_MasterLayout-1,Small_Baseline_8T,[Equation 20],Equation,,,,,,,TRUE,"""panel_top_len""= ""drum_len_in"""
Small_Baseline_8T,TNG-000_MasterLayout-1,Small_Baseline_8T,[Equation 21],Equation,,,,,,,TRUE,"""panel_top_wid""= ""drum_wid_in"""
Small_Baseline_8T,TNG-000_MasterLayout-1,Small_Baseline_8T,[Equation 22],Equation,,,,,,,TRUE,"""side_panel_len""= ""drum_len_in"""
Small_Baseline_8T,TNG-000_MasterLayout-1,Small_Baseline_8T,[Equation 23],Equation,,,,,,,TRUE,"""side_panel_hgt""= ""drum_hgt_in"" - ""top_thk_in"" - ""bottom_thk_in"""
Small_Baseline_8T,TNG-000_MasterLayout-1,Small_Baseline_8T,[Equation 24],Equation,,,,,,,TRUE,"""bank_l_count"" = 8"
Small_Baseline_8T,TNG-000_MasterLayout-1,Small_Baseline_8T,[Equation 25],Equation,,,,,,,TRUE,"""bank_r_count""= 0"
Small_Baseline_8T,TNG-000_MasterLayout-1,Small_Baseline_8T,[Equation 26],Equation,,,,,,,TRUE,"""bank_spacing_y""= 1.1"
Small_Baseline_8T,TNG-000_MasterLayout-1,Small_Baseline_8T,[Equation 27],Equation,,,,,,,TRUE,"""mirror_banks""= 1"
Small_Baseline_8T,TNG-000_MasterLayout-1,Small_Baseline_8T,[Equation 28],Equation,,,,,,,TRUE,"""t01_freq_hz""= 440 * 2 ^ ( ( ""t01_midi_note"" - 69 ) / 12 )"
Small_Baseline_8T,TNG-000_MasterLayout-1,Small_Baseline_8T,[Equation 29],Equation,,,,,,,TRUE,"""t01_len_in""= 8.5243695in"
Small_Baseline_8T,TNG-000_MasterLayout-1,Small_Baseline_8T,[Equation 30],Equation,,,,,,,TRUE,"""t01_bank""= 1"
Small_Baseline_8T,TNG-000_MasterLayout-1,Small_Baseline_8T,[Equation 31],Equation,,,,,,,TRUE,"""t01_scale_degree""= 1"
Small_Baseline_8T,TNG-000_MasterLayout-1,Small_Baseline_8T,[Equation 32],Equation,,,,,,,TRUE,"""tuning_allowance_in""= 1in"
Small_Baseline_8T,TNG-000_MasterLayout-1,Small_Baseline_8T,[Equation 33],Equation,,,,,,,TRUE,"""screw_size""= 0.125in"
Small_Baseline_8T,TNG-000_MasterLayout-1,Small_Baseline_8T,[Equation 34],Equation,,,,,,,TRUE,"""screw_clearance_in""= 0.003in"
Small_Baseline_8T,TNG-000_MasterLayout-1,Small_Baseline_8T,[Equation 35],Equation,,,,,,,TRUE,"""bank_r_origin_x""= ""drum_len_in"" - 2 * ""end_cap_thk_in"""
Small_Baseline_8T,TNG-000_MasterLayout-1,Small_Baseline_8T,[Equation 36],Equation,,,,,,,TRUE,"""bank_l_origin_x""= ""end_cap_thk_in"""
Small_Baseline_8T,TNG-000_MasterLayout-1,Small_Baseline_8T,[Equation 37],Equation,,,,,,,TRUE,"""freq_hz""= 440"
Small_Baseline_8T,TNG-000_MasterLayout-1,Small_Baseline_8T,[Equation 38],Equation,,,,,,,TRUE,"""t01_midi_note""= 60"
Small_Baseline_8T,TNG-000_MasterLayout-1,Small_Baseline_8T,[Equation 39],Equation,,,,,,,TRUE,"""k_imperial""= 27000"
Small_Baseline_8T,TNG-000_MasterLayout-1,Small_Baseline_8T,[Equation 40],Equation,,,,,,,TRUE,"""t01_est_len_in""= sqr ( ""k_imperial"" * ""top_thk_in"" / ""t01_freq_hz"" )"
Small_Baseline_8T,TNG-000_MasterLayout-1,Small_Baseline_8T,[Equation 41],Equation,,,,,,,TRUE,"""t02_freq_hz""= 440 * 2 ^ ( ( ""t02_midi_note"" - 69 ) / 12 )"
Small_Baseline_8T,TNG-000_MasterLayout-1,Small_Baseline_8T,[Equation 42],Equation,,,,,,,TRUE,"""t03_freq_hz""= 440 * 2 ^ ( ( ""t03_midi_note"" - 69 ) / 12 )"
Small_Baseline_8T,TNG-000_MasterLayout-1,Small_Baseline_8T,[Equation 43],Equation,,,,,,,TRUE,"""t04_freq_hz""= 440 * 2 ^ ( ( ""t04_midi_note"" - 69 ) / 12 )"
Small_Baseline_8T,TNG-000_MasterLayout-1,Small_Baseline_8T,[Equation 44],Equation,,,,,,,TRUE,"""t05_freq_hz""= 440 * 2 ^ ( ( ""t05_midi_note"" - 69 ) / 12 )"
Small_Baseline_8T,TNG-000_MasterLayout-1,Small_Baseline_8T,[Equation 45],Equation,,,,,,,TRUE,"""t06_freq_hz""= 440 * 2 ^ ( ( ""t06_midi_note"" - 69 ) / 12 )"
Small_Baseline_8T,TNG-000_MasterLayout-1,Small_Baseline_8T,[Equation 46],Equation,,,,,,,TRUE,"""t07_freq_hz""= 440 * 2 ^ ( ( ""t07_midi_note"" - 69 ) / 12 )"
Small_Baseline_8T,TNG-000_MasterLayout-1,Small_Baseline_8T,[Equation 47],Equation,,,,,,,TRUE,"""t08_freq_hz""= 440 * 2 ^ ( ( ""t08_midi_note"" - 69 ) / 12 )"
Small_Baseline_8T,TNG-000_MasterLayout-1,Small_Baseline_8T,[Equation 48],Equation,,,,,,,TRUE,"""t09_freq_hz""= 440 * 2 ^ ( ( ""t09_midi_note"" - 69 ) / 12 )"
Small_Baseline_8T,TNG-000_MasterLayout-1,Small_Baseline_8T,[Equation 49],Equation,,,,,,,TRUE,"""t10_freq_hz""= 440 * 2 ^ ( ( ""t10_midi_note"" - 69 ) / 12 )"
Small_Baseline_8T,TNG-000_MasterLayout-1,Small_Baseline_8T,[Equation 50],Equation,,,,,,,TRUE,"""t11_freq_hz""= 440 * 2 ^ ( ( ""t11_midi_note"" - 69 ) / 12 )"
Small_Baseline_8T,TNG-000_MasterLayout-1,Small_Baseline_8T,[Equation 51],Equation,,,,,,,TRUE,"""t12_freq_hz""= 440 * 2 ^ ( ( ""t12_midi_note"" - 69 ) / 12 )"
Small_Baseline_8T,TNG-000_MasterLayout-1,Small_Baseline_8T,[Equation 52],Equation,,,,,,,TRUE,"""t13_freq_hz""= 440 * 2 ^ ( ( ""t13_midi_note"" - 69 ) / 12 )"
Small_Baseline_8T,TNG-000_MasterLayout-1,Small_Baseline_8T,[Equation 53],Equation,,,,,,,TRUE,"""t14_freq_hz""= 440 * 2 ^ ( ( ""t14_midi_note"" - 69 ) / 12 )"
Small_Baseline_8T,TNG-000_MasterLayout-1,Small_Baseline_8T,[Equation 54],Equation,,,,,,,TRUE,"""t15_freq_hz""= 440 * 2 ^ ( ( ""t15_midi_note"" - 69 ) / 12 )"
Small_Baseline_8T,TNG-000_MasterLayout-1,Small_Baseline_8T,[Equation 55],Equation,,,,,,,TRUE,"""t02_len_in"" = 8.6in"
Small_Baseline_8T,TNG-000_MasterLayout-1,Small_Baseline_8T,[Equation 56],Equation,,,,,,,TRUE,"""t03_len_in""=6in"
Small_Baseline_8T,TNG-000_MasterLayout-1,Small_Baseline_8T,[Equation 57],Equation,,,,,,,TRUE,"""t04_len_in""=5.9in"
Small_Baseline_8T,TNG-000_MasterLayout-1,Small_Baseline_8T,[Equation 58],Equation,,,,,,,TRUE,"""t05_len_in""= 6.3in"
Small_Baseline_8T,TNG-000_MasterLayout-1,Small_Baseline_8T,[Equation 59],Equation,,,,,,,TRUE,"""t06_len_in"" = 8in"
Small_Baseline_8T,TNG-000_MasterLayout-1,Small_Baseline_8T,[Equation 60],Equation,,,,,,,TRUE,"""t07_len_in"" = 8in"
Small_Baseline_8T,TNG-000_MasterLayout-1,Small_Baseline_8T,[Equation 61],Equation,,,,,,,TRUE,"""t08_len_in"" = 9in"
Small_Baseline_8T,TNG-000_MasterLayout-1,Small_Baseline_8T,[Equation 62],Equation,,,,,,,TRUE,"""t09_len_in""= 0in"
Small_Baseline_8T,TNG-000_MasterLayout-1,Small_Baseline_8T,[Equation 63],Equation,,,,,,,TRUE,"""t10_len_in""= 0in"
Small_Baseline_8T,TNG-000_MasterLayout-1,Small_Baseline_8T,[Equation 64],Equation,,,,,,,TRUE,"""t11_len_in""= 0in"
Small_Baseline_8T,TNG-000_MasterLayout-1,Small_Baseline_8T,[Equation 65],Equation,,,,,,,TRUE,"""t12_len_in""= 0in"
Small_Baseline_8T,TNG-000_MasterLayout-1,Small_Baseline_8T,[Equation 66],Equation,,,,,,,TRUE,"""t13_len_in""= 0in"
Small_Baseline_8T,TNG-000_MasterLayout-1,Small_Baseline_8T,[Equation 67],Equation,,,,,,,TRUE,"""t14_len_in""= 0in"
Small_Baseline_8T,TNG-000_MasterLayout-1,Small_Baseline_8T,[Equation 68],Equation,,,,,,,TRUE,"""t15_len_in""= 0in"
Small_Baseline_8T,TNG-000_MasterLayout-1,Small_Baseline_8T,[Equation 69],Equation,,,,,,,TRUE,"""t16_len_in""= 0in"
Small_Baseline_8T,TNG-000_MasterLayout-1,Small_Baseline_8T,[Equation 70],Equation,,,,,,,TRUE,"""t02_bank""= 1"
Small_Baseline_8T,TNG-000_MasterLayout-1,Small_Baseline_8T,[Equation 71],Equation,,,,,,,TRUE,"""t03_bank""= 1"
Small_Baseline_8T,TNG-000_MasterLayout-1,Small_Baseline_8T,[Equation 72],Equation,,,,,,,TRUE,"""t04_bank""= 1"
Small_Baseline_8T,TNG-000_MasterLayout-1,Small_Baseline_8T,[Equation 73],Equation,,,,,,,TRUE,"""t05_bank""=1"
Small_Baseline_8T,TNG-000_MasterLayout-1,Small_Baseline_8T,[Equation 74],Equation,,,,,,,TRUE,"""t06_bank""=1"
Small_Baseline_8T,TNG-000_MasterLayout-1,Small_Baseline_8T,[Equation 75],Equation,,,,,,,TRUE,"""t07_bank"" = 1"
Small_Baseline_8T,TNG-000_MasterLayout-1,Small_Baseline_8T,[Equation 76],Equation,,,,,,,TRUE,"""t08_bank"" = 1"
Small_Baseline_8T,TNG-000_MasterLayout-1,Small_Baseline_8T,[Equation 77],Equation,,,,,,,TRUE,"""t09_bank""= 0"
Small_Baseline_8T,TNG-000_MasterLayout-1,Small_Baseline_8T,[Equation 78],Equation,,,,,,,TRUE,"""t10_bank""= 0"
Small_Baseline_8T,TNG-000_MasterLayout-1,Small_Baseline_8T,[Equation 79],Equation,,,,,,,TRUE,"""t11_bank""= 0"
Small_Baseline_8T,TNG-000_MasterLayout-1,Small_Baseline_8T,[Equation 80],Equation,,,,,,,TRUE,"""t12_bank""= 0"
Small_Baseline_8T,TNG-000_MasterLayout-1,Small_Baseline_8T,[Equation 81],Equation,,,,,,,TRUE,"""t13_bank""= 0"
Small_Baseline_8T,TNG-000_MasterLayout-1,Small_Baseline_8T,[Equation 82],Equation,,,,,,,TRUE,"""t14_bank""= 0"
Small_Baseline_8T,TNG-000_MasterLayout-1,Small_Baseline_8T,[Equation 83],Equation,,,,,,,TRUE,"""t15_bank""= 0"
Small_Baseline_8T,TNG-000_MasterLayout-1,Small_Baseline_8T,[Equation 84],Equation,,,,,,,TRUE,"""t16_bank""= 0"
Small_Baseline_8T,TNG-000_MasterLayout-1,Small_Baseline_8T,[Equation 85],Equation,,,,,,,FALSE,"""drum_len_in_sketch@SK_OUTER_BOX""= ""drum_len_in"""
Small_Baseline_8T,TNG-000_MasterLayout-1,Small_Baseline_8T,[Equation 86],Equation,,,,,,,FALSE,"""drum_wid_in@SK_OUTER_BOX""= ""drum_wid_in"""
Small_Baseline_8T,TNG-000_MasterLayout-1,Small_Baseline_8T,[Equation 87],Equation,,,,,,,FALSE,"""side_thk_in_sketch@SK_CAVITY""= ""side_thk_in"""
Small_Baseline_8T,TNG-000_MasterLayout-1,Small_Baseline_8T,[Equation 88],Equation,,,,,,,FALSE,"""end_cap_thk_in_sketch@SK_CAVITY""= ""end_cap_thk_in"""
Small_Baseline_8T,TNG-000_MasterLayout-1,Small_Baseline_8T,[Equation 89],Equation,,,,,,,FALSE,"""cavity_hgt_in@SK_HEIGHT_STACK""= ""cavity_hgt_in"""
Small_Baseline_8T,TNG-000_MasterLayout-1,Small_Baseline_8T,[Equation 90],Equation,,,,,,,FALSE,"""top_thk_in_sketch@SK_HEIGHT_STACK"" = ""top_thk_in"""
Small_Baseline_8T,TNG-000_MasterLayout-1,Small_Baseline_8T,[Equation 91],Equation,,,,,,,FALSE,"""bottom_thk_in_sketch@SK_HEIGHT_STACK""= ""bottom_thk_in"""
Small_Baseline_8T,TNG-000_MasterLayout-1,Small_Baseline_8T,[Equation 92],Equation,,,,,,,FALSE,"""port_dia_in@SK_PORT""= ""port_dia_in"""
Small_Baseline_8T,TNG-000_MasterLayout-1,Small_Baseline_8T,[Equation 93],Equation,,,,,,,FALSE,"""foot_dia@SK_FEET""= ""foot_dia_in"""
Small_Baseline_8T,TNG-000_MasterLayout-1,Small_Baseline_8T,[Equation 94],Equation,,,,,,,TRUE,"""t02_midi_note""= 61"
Small_Baseline_8T,TNG-000_MasterLayout-1,Small_Baseline_8T,[Equation 95],Equation,,,,,,,TRUE,"""t03_midi_note""= 62"
Small_Baseline_8T,TNG-000_MasterLayout-1,Small_Baseline_8T,[Equation 96],Equation,,,,,,,TRUE,"""t04_midi_note""= 64"
Small_Baseline_8T,TNG-000_MasterLayout-1,Small_Baseline_8T,[Equation 97],Equation,,,,,,,TRUE,"""t05_midi_note""= 67"
Small_Baseline_8T,TNG-000_MasterLayout-1,Small_Baseline_8T,[Equation 98],Equation,,,,,,,TRUE,"""t06_midi_note""= 70"
Small_Baseline_8T,TNG-000_MasterLayout-1,Small_Baseline_8T,[Equation 99],Equation,,,,,,,TRUE,"""t07_midi_note"" = 77"
Small_Baseline_8T,TNG-000_MasterLayout-1,Small_Baseline_8T,[Equation 100],Equation,,,,,,,TRUE,"""t08_midi_note"" = 79"
Small_Baseline_8T,TNG-000_MasterLayout-1,Small_Baseline_8T,[Equation 101],Equation,,,,,,,TRUE,"""t09_midi_note""= 0"
Small_Baseline_8T,TNG-000_MasterLayout-1,Small_Baseline_8T,[Equation 102],Equation,,,,,,,TRUE,"""t10_midi_note""= 0"
Small_Baseline_8T,TNG-000_MasterLayout-1,Small_Baseline_8T,[Equation 103],Equation,,,,,,,TRUE,"""t11_midi_note""= 0"
Small_Baseline_8T,TNG-000_MasterLayout-1,Small_Baseline_8T,[Equation 104],Equation,,,,,,,TRUE,"""t12_midi_note""= 0"
Small_Baseline_8T,TNG-000_MasterLayout-1,Small_Baseline_8T,[Equation 105],Equation,,,,,,,TRUE,"""t13_midi_note""= 0"
Small_Baseline_8T,TNG-000_MasterLayout-1,Small_Baseline_8T,[Equation 106],Equation,,,,,,,TRUE,"""t14_midi_note""= 0"
Small_Baseline_8T,TNG-000_MasterLayout-1,Small_Baseline_8T,[Equation 107],Equation,,,,,,,TRUE,"""t15_midi_note""= 0"
Small_Baseline_8T,TNG-000_MasterLayout-1,Small_Baseline_8T,[Equation 108],Equation,,,,,,,TRUE,"""t16_midi_note""= 0"
Small_Baseline_8T,TNG-000_MasterLayout-1,Small_Baseline_8T,[Equation 109],Equation,,,,,,,TRUE,"""t16_freq_hz""= 440 * 2 ^ ( ( ""t16_midi_note"" - 69 ) / 12 )"
Small_Baseline_8T,TNG-000_MasterLayout-1,Small_Baseline_8T,[Equation 110],Equation,,,,,,,TRUE,"""foot_inset_in""= 1.8in"
Small_Baseline_8T,TNG-000_MasterLayout-1,Small_Baseline_8T,[Equation 111],Equation,,,,,,,TRUE,"""foot_screw_hole_dia_in""= 0.129in"
Small_Baseline_8T,TNG-000_MasterLayout-1,Small_Baseline_8T,[Equation 112],Equation,,,,,,,FALSE,"""foot_setting@SK_FEET""= ""foot_inset_in"""
Small_Baseline_8T,TNG-000_MasterLayout-1,Small_Baseline_8T,[Equation 113],Equation,,,,,,,FALSE,"""screw_hole@SK_FEET""= ""screw_size"""
Small_Baseline_8T,TNG-000_MasterLayout-1,Small_Baseline_8T,[Equation 114],Equation,,,,,,,TRUE,"""t01_wid"" = 1in"
Small_Baseline_8T,TNG-000_MasterLayout-1,Small_Baseline_8T,[Equation 115],Equation,,,,,,,TRUE,"""t02_wid"" = 1in"
Small_Baseline_8T,TNG-000_MasterLayout-1,Small_Baseline_8T,[Equation 116],Equation,,,,,,,TRUE,"""t03_wid"" = 1in"
Small_Baseline_8T,TNG-000_MasterLayout-1,Small_Baseline_8T,[Equation 117],Equation,,,,,,,TRUE,"""t04_wid""= 0.87in"
Small_Baseline_8T,TNG-000_MasterLayout-1,Small_Baseline_8T,[Equation 118],Equation,,,,,,,TRUE,"""t05_wid"" = 1in"
Small_Baseline_8T,TNG-000_MasterLayout-1,Small_Baseline_8T,[Equation 119],Equation,,,,,,,TRUE,"""t06_wid"" = 1in"
Small_Baseline_8T,TNG-000_MasterLayout-1,Small_Baseline_8T,[Equation 120],Equation,,,,,,,TRUE,"""t07_wid"" = 1in"
Small_Baseline_8T,TNG-000_MasterLayout-1,Small_Baseline_8T,[Equation 121],Equation,,,,,,,TRUE,"""t08_wid"" = 1in"
Small_Baseline_8T,TNG-000_MasterLayout-1,Small_Baseline_8T,[Equation 122],Equation,,,,,,,TRUE,"""t09_wid"" = 1in"
Small_Baseline_8T,TNG-000_MasterLayout-1,Small_Baseline_8T,[Equation 123],Equation,,,,,,,TRUE,"""t10_wid"" = 1in"
Small_Baseline_8T,TNG-000_MasterLayout-1,Small_Baseline_8T,[Equation 124],Equation,,,,,,,TRUE,"""t11_wid"" = 1in"
Small_Baseline_8T,TNG-000_MasterLayout-1,Small_Baseline_8T,[Equation 125],Equation,,,,,,,TRUE,"""t12_wid"" = 1in"
Small_Baseline_8T,TNG-000_MasterLayout-1,Small_Baseline_8T,[Equation 126],Equation,,,,,,,TRUE,"""t13_wid"" = 1in"
Small_Baseline_8T,TNG-000_MasterLayout-1,Small_Baseline_8T,[Equation 127],Equation,,,,,,,TRUE,"""t14_wid"" = 1in"
Small_Baseline_8T,TNG-000_MasterLayout-1,Small_Baseline_8T,[Equation 128],Equation,,,,,,,TRUE,"""t16_wid"" = 1in"
Small_Baseline_8T,TNG-000_MasterLayout-1,Small_Baseline_8T,[Equation 129],Equation,,,,,,,TRUE,"""t15_wid""= 0in"
Small_Baseline_8T,TNG-000_MasterLayout-1,Small_Baseline_8T,[Equation 130],Equation,,,,,,,TRUE,"""r_tong_bank""=2.16066"
Small_Baseline_8T,TNG-000_MasterLayout-1,Small_Baseline_8T,[Equation 131],Equation,,,,,,,TRUE,"""l_tong_bank""=2.4"
Small_Baseline_6T,TNG-000_MasterLayout-1,Small_Baseline_6T,SK_OUTER_BOX,ProfileFeature,drum_len_in_sketch@SK_OUTER_BOX@TNG-000_MasterLayout.Part,304.8000,12.0000,N/A,TRUE,FALSE,FALSE,
Small_Baseline_6T,TNG-000_MasterLayout-1,Small_Baseline_6T,SK_OUTER_BOX,ProfileFeature,drum_wid_in@SK_OUTER_BOX@TNG-000_MasterLayout.Part,190.5000,7.5000,N/A,TRUE,FALSE,FALSE,
Small_Baseline_6T,TNG-000_MasterLayout-1,Small_Baseline_6T,SK_CAVITY,ProfileFeature,end_cap_thk_in_sketch@SK_CAVITY@TNG-000_MasterLayout.Part,12.7000,0.5000,N/A,TRUE,FALSE,FALSE,
Small_Baseline_6T,TNG-000_MasterLayout-1,Small_Baseline_6T,SK_CAVITY,ProfileFeature,side_thk_in_sketch@SK_CAVITY@TNG-000_MasterLayout.Part,12.7000,0.5000,N/A,TRUE,FALSE,FALSE,
Small_Baseline_6T,TNG-000_MasterLayout-1,Small_Baseline_6T,SK_HEIGHT_STACK,ProfileFeature,top_thk_in_sketch@SK_HEIGHT_STACK@TNG-000_MasterLayout.Part,6.3500,0.2500,N/A,TRUE,FALSE,FALSE,
Small_Baseline_6T,TNG-000_MasterLayout-1,Small_Baseline_6T,SK_HEIGHT_STACK,ProfileFeature,bottom_thk_in_sketch@SK_HEIGHT_STACK@TNG-000_MasterLayout.Part,12.7000,0.5000,N/A,TRUE,FALSE,FALSE,
Small_Baseline_6T,TNG-000_MasterLayout-1,Small_Baseline_6T,SK_HEIGHT_STACK,ProfileFeature,cavity_hgt_in@SK_HEIGHT_STACK@TNG-000_MasterLayout.Part,133.3500,5.2500,N/A,TRUE,FALSE,FALSE,
Small_Baseline_6T,TNG-000_MasterLayout-1,Small_Baseline_6T,SK_PORT,ProfileFeature,port_dia_in@SK_PORT@TNG-000_MasterLayout.Part,38.1000,1.5000,N/A,TRUE,FALSE,FALSE,
Small_Baseline_6T,TNG-000_MasterLayout-1,Small_Baseline_6T,SK_FEET,ProfileFeature,foot_dia@SK_FEET@TNG-000_MasterLayout.Part,31.7500,1.2500,N/A,TRUE,FALSE,FALSE,
Small_Baseline_6T,TNG-000_MasterLayout-1,Small_Baseline_6T,SK_FEET,ProfileFeature,foot_setting@SK_FEET@TNG-000_MasterLayout.Part,45.7200,1.8000,N/A,TRUE,FALSE,FALSE,
Small_Baseline_6T,TNG-000_MasterLayout-1,Small_Baseline_6T,SK_FEET,ProfileFeature,screw_hole@SK_FEET@TNG-000_MasterLayout.Part,3.1750,0.1250,N/A,TRUE,FALSE,FALSE,
Small_Baseline_6T,TNG-000_MasterLayout-1,Small_Baseline_6T,SK_TONGUE_BANKS,ProfileFeature,D1@SK_TONGUE_BANKS@TNG-000_MasterLayout.Part,60.9600,2.4000,N/A,FALSE,FALSE,FALSE,
Small_Baseline_6T,TNG-000_MasterLayout-1,Small_Baseline_6T,SK_TONGUE_BANKS,ProfileFeature,D2@SK_TONGUE_BANKS@TNG-000_MasterLayout.Part,60.9600,2.4000,N/A,FALSE,FALSE,FALSE,
Small_Baseline_6T,TNG-000_MasterLayout-1,Small_Baseline_6T,T01_6TMagazineBaseline,ProfileFeature,D1@T01_6TMagazineBaseline@TNG-000_MasterLayout.Part,22.0980,0.8700,N/A,FALSE,FALSE,FALSE,
Small_Baseline_6T,TNG-000_MasterLayout-1,Small_Baseline_6T,T01_6TMagazineBaseline,ProfileFeature,D2@T01_6TMagazineBaseline@TNG-000_MasterLayout.Part,216.5190,8.5244,N/A,FALSE,FALSE,FALSE,
Small_Baseline_6T,TNG-000_MasterLayout-1,Small_Baseline_6T,T01_6TMagazineBaseline,ProfileFeature,D3@T01_6TMagazineBaseline@TNG-000_MasterLayout.Part,60.9600,2.4000,N/A,FALSE,FALSE,FALSE,
Small_Baseline_6T,TNG-000_MasterLayout-1,Small_Baseline_6T,T01_6TMagazineBaseline,ProfileFeature,D4@T01_6TMagazineBaseline@TNG-000_MasterLayout.Part,6.2611,0.2465,N/A,FALSE,FALSE,FALSE,
Small_Baseline_6T,TNG-000_MasterLayout-1,Small_Baseline_6T,T01_6TMagazineBaseline,ProfileFeature,D5@T01_6TMagazineBaseline@TNG-000_MasterLayout.Part,15.7141,0.6187,N/A,FALSE,FALSE,FALSE,
Small_Baseline_6T,TNG-000_MasterLayout-1,Small_Baseline_6T,T01_6TMagazineBaseline,ProfileFeature,D6@T01_6TMagazineBaseline@TNG-000_MasterLayout.Part,11.8257,0.4656,N/A,FALSE,FALSE,FALSE,
Small_Baseline_6T,TNG-000_MasterLayout-1,Small_Baseline_6T,T01_6TMagazineBaseline,ProfileFeature,D7@T01_6TMagazineBaseline@TNG-000_MasterLayout.Part,4.7873,0.1885,N/A,FALSE,FALSE,FALSE,
Small_Baseline_6T,TNG-000_MasterLayout-1,Small_Baseline_6T,T01_6TMagazineBaseline,ProfileFeature,D8@T01_6TMagazineBaseline@TNG-000_MasterLayout.Part,5.5875,0.2200,N/A,FALSE,FALSE,FALSE,
Small_Baseline_6T,TNG-000_MasterLayout-1,Small_Baseline_6T,T01_6TMagazineBaseline,ProfileFeature,D9@T01_6TMagazineBaseline@TNG-000_MasterLayout.Part,6.7466,0.2656,N/A,FALSE,FALSE,FALSE,
Small_Baseline_6T,TNG-000_MasterLayout-1,Small_Baseline_6T,T01_6TMagazineBaseline,ProfileFeature,D10@T01_6TMagazineBaseline@TNG-000_MasterLayout.Part,6.5945,0.2596,N/A,FALSE,FALSE,FALSE,
Small_Baseline_6T,TNG-000_MasterLayout-1,Small_Baseline_6T,T01_6TMagazineBaseline,ProfileFeature,D11@T01_6TMagazineBaseline@TNG-000_MasterLayout.Part,6.5077,0.2562,N/A,FALSE,FALSE,FALSE,
Small_Baseline_6T,TNG-000_MasterLayout-1,Small_Baseline_6T,T01_6TMagazineBaseline,ProfileFeature,D12@T01_6TMagazineBaseline@TNG-000_MasterLayout.Part,5.7544,0.2266,N/A,FALSE,FALSE,FALSE,
Small_Baseline_6T,TNG-000_MasterLayout-1,Small_Baseline_6T,T01_6TMagazineBaseline,ProfileFeature,D13@T01_6TMagazineBaseline@TNG-000_MasterLayout.Part,14.6706,0.5776,N/A,FALSE,FALSE,FALSE,
Small_Baseline_6T,TNG-000_MasterLayout-1,Small_Baseline_6T,T01_6TMagazineBaseline,ProfileFeature,D14@T01_6TMagazineBaseline@TNG-000_MasterLayout.Part,11.7242,0.4616,N/A,FALSE,FALSE,FALSE,
Small_Baseline_6T,TNG-000_MasterLayout-1,Small_Baseline_6T,T01_6TMagazineBaseline,ProfileFeature,D15@T01_6TMagazineBaseline@TNG-000_MasterLayout.Part,6.8136,0.2683,N/A,FALSE,FALSE,FALSE,
Small_Baseline_6T,TNG-000_MasterLayout-1,Small_Baseline_6T,T01_6TMagazineBaseline,ProfileFeature,D16@T01_6TMagazineBaseline@TNG-000_MasterLayout.Part,3.9899,0.1571,N/A,FALSE,FALSE,FALSE,
Small_Baseline_6T,TNG-000_MasterLayout-1,Small_Baseline_6T,T01_6TMagazineBaseline,ProfileFeature,D17@T01_6TMagazineBaseline@TNG-000_MasterLayout.Part,1.7187,0.0677,N/A,FALSE,FALSE,FALSE,
Small_Baseline_6T,TNG-000_MasterLayout-1,Small_Baseline_6T,T01_6TMagazineBaseline,ProfileFeature,D18@T01_6TMagazineBaseline@TNG-000_MasterLayout.Part,8.3002,0.3268,N/A,FALSE,FALSE,FALSE,
Small_Baseline_6T,TNG-000_MasterLayout-1,Small_Baseline_6T,T01_6TMagazineBaseline,ProfileFeature,D19@T01_6TMagazineBaseline@TNG-000_MasterLayout.Part,13.4312,0.5288,N/A,FALSE,FALSE,FALSE,
Small_Baseline_6T,TNG-000_MasterLayout-1,Small_Baseline_6T,T01_6TMagazineBaseline,ProfileFeature,D20@T01_6TMagazineBaseline@TNG-000_MasterLayout.Part,15.1542,0.5966,N/A,FALSE,FALSE,FALSE,
Small_Baseline_6T,TNG-000_MasterLayout-1,Small_Baseline_6T,T01_6TMagazineBaseline,ProfileFeature,D21@T01_6TMagazineBaseline@TNG-000_MasterLayout.Part,201.1677,7.9200,N/A,FALSE,FALSE,FALSE,
Small_Baseline_6T,TNG-000_MasterLayout-1,Small_Baseline_6T,T01_6TMagazineBaseline,ProfileFeature,D22@T01_6TMagazineBaseline@TNG-000_MasterLayout.Part,16.1507,0.6359,N/A,FALSE,FALSE,FALSE,
Small_Baseline_6T,TNG-000_MasterLayout-1,Small_Baseline_6T,T01_6TMagazineBaseline,ProfileFeature,D23@T01_6TMagazineBaseline@TNG-000_MasterLayout.Part,94.6563,3.7266,N/A,FALSE,FALSE,FALSE,
Small_Baseline_6T,TNG-000_MasterLayout-1,Small_Baseline_6T,T01_6TMagazineBaseline,ProfileFeature,D24@T01_6TMagazineBaseline@TNG-000_MasterLayout.Part,18.6970,0.7361,N/A,FALSE,FALSE,FALSE,
Small_Baseline_6T,TNG-000_MasterLayout-1,Small_Baseline_6T,T01_6TMagazineBaseline,ProfileFeature,D25@T01_6TMagazineBaseline@TNG-000_MasterLayout.Part,15.3513,0.6044,N/A,FALSE,FALSE,FALSE,
Small_Baseline_6T,TNG-000_MasterLayout-1,Small_Baseline_6T,T01_6TMagazineBaseline,ProfileFeature,D26@T01_6TMagazineBaseline@TNG-000_MasterLayout.Part,9.1212,0.3591,N/A,FALSE,FALSE,FALSE,
Small_Baseline_6T,TNG-000_MasterLayout-1,Small_Baseline_6T,T02_6TMagazineBaseline,ProfileFeature,D1@T02_6TMagazineBaseline@TNG-000_MasterLayout.Part,60.9600,2.4000,N/A,FALSE,FALSE,FALSE,
Small_Baseline_6T,TNG-000_MasterLayout-1,Small_Baseline_6T,T02_6TMagazineBaseline,ProfileFeature,D3@T02_6TMagazineBaseline@TNG-000_MasterLayout.Part,25.4000,1.0000,N/A,FALSE,FALSE,FALSE,
Small_Baseline_6T,TNG-000_MasterLayout-1,Small_Baseline_6T,T02_6TMagazineBaseline,ProfileFeature,D4@T02_6TMagazineBaseline@TNG-000_MasterLayout.Part,171.4500,6.7500,N/A,FALSE,FALSE,FALSE,
Small_Baseline_6T,TNG-000_MasterLayout-1,Small_Baseline_6T,T02_6TMagazineBaseline,ProfileFeature,D2@T02_6TMagazineBaseline@TNG-000_MasterLayout.Part,1.7780,0.0700,N/A,FALSE,FALSE,FALSE,
Small_Baseline_6T,TNG-000_MasterLayout-1,Small_Baseline_6T,T03_6TMagazineBaseline,ProfileFeature,D1@T03_6TMagazineBaseline@TNG-000_MasterLayout.Part,22.0980,0.8700,N/A,FALSE,FALSE,FALSE,
Small_Baseline_6T,TNG-000_MasterLayout-1,Small_Baseline_6T,T03_6TMagazineBaseline,ProfileFeature,D2@T03_6TMagazineBaseline@TNG-000_MasterLayout.Part,216.6791,8.5307,N/A,FALSE,FALSE,FALSE,
Small_Baseline_6T,TNG-000_MasterLayout-1,Small_Baseline_6T,T03_6TMagazineBaseline,ProfileFeature,D3@T03_6TMagazineBaseline@TNG-000_MasterLayout.Part,1.8543,0.0730,N/A,FALSE,FALSE,FALSE,
Small_Baseline_6T,TNG-000_MasterLayout-1,Small_Baseline_6T,T03_6TMagazineBaseline,ProfileFeature,D4@T03_6TMagazineBaseline@TNG-000_MasterLayout.Part,9.7584,0.3842,N/A,FALSE,FALSE,FALSE,
Small_Baseline_6T,TNG-000_MasterLayout-1,Small_Baseline_6T,T03_6TMagazineBaseline,ProfileFeature,D5@T03_6TMagazineBaseline@TNG-000_MasterLayout.Part,23.2011,0.9134,N/A,FALSE,FALSE,FALSE,
Small_Baseline_6T,TNG-000_MasterLayout-1,Small_Baseline_6T,T03_6TMagazineBaseline,ProfileFeature,D6@T03_6TMagazineBaseline@TNG-000_MasterLayout.Part,32.2938,1.2714,N/A,FALSE,FALSE,FALSE,
Small_Baseline_6T,TNG-000_MasterLayout-1,Small_Baseline_6T,T03_6TMagazineBaseline,ProfileFeature,D7@T03_6TMagazineBaseline@TNG-000_MasterLayout.Part,38.9813,1.5347,N/A,FALSE,FALSE,FALSE,
Small_Baseline_6T,TNG-000_MasterLayout-1,Small_Baseline_6T,T03_6TMagazineBaseline,ProfileFeature,D8@T03_6TMagazineBaseline@TNG-000_MasterLayout.Part,43.5023,1.7127,N/A,FALSE,FALSE,FALSE,
Small_Baseline_6T,TNG-000_MasterLayout-1,Small_Baseline_6T,T03_6TMagazineBaseline,ProfileFeature,D9@T03_6TMagazineBaseline@TNG-000_MasterLayout.Part,3.7332,0.1470,N/A,FALSE,FALSE,FALSE,
Small_Baseline_6T,TNG-000_MasterLayout-1,Small_Baseline_6T,T03_6TMagazineBaseline,ProfileFeature,D10@T03_6TMagazineBaseline@TNG-000_MasterLayout.Part,4.3043,0.1695,N/A,FALSE,FALSE,FALSE,
Small_Baseline_6T,TNG-000_MasterLayout-1,Small_Baseline_6T,T03_6TMagazineBaseline,ProfileFeature,D11@T03_6TMagazineBaseline@TNG-000_MasterLayout.Part,39.0245,1.5364,N/A,FALSE,FALSE,FALSE,
Small_Baseline_6T,TNG-000_MasterLayout-1,Small_Baseline_6T,T03_6TMagazineBaseline,ProfileFeature,D12@T03_6TMagazineBaseline@TNG-000_MasterLayout.Part,31.1173,1.2251,N/A,FALSE,FALSE,FALSE,
Small_Baseline_6T,TNG-000_MasterLayout-1,Small_Baseline_6T,T03_6TMagazineBaseline,ProfileFeature,D13@T03_6TMagazineBaseline@TNG-000_MasterLayout.Part,14.3641,0.5655,N/A,FALSE,FALSE,FALSE,
Small_Baseline_6T,TNG-000_MasterLayout-1,Small_Baseline_6T,T03_6TMagazineBaseline,ProfileFeature,D14@T03_6TMagazineBaseline@TNG-000_MasterLayout.Part,36.3742,1.4321,N/A,FALSE,FALSE,FALSE,
Small_Baseline_6T,TNG-000_MasterLayout-1,Small_Baseline_6T,T03_6TMagazineBaseline,ProfileFeature,D15@T03_6TMagazineBaseline@TNG-000_MasterLayout.Part,29.9611,1.1796,N/A,FALSE,FALSE,FALSE,
Small_Baseline_6T,TNG-000_MasterLayout-1,Small_Baseline_6T,T03_6TMagazineBaseline,ProfileFeature,D16@T03_6TMagazineBaseline@TNG-000_MasterLayout.Part,24.1546,0.9510,N/A,FALSE,FALSE,FALSE,
Small_Baseline_6T,TNG-000_MasterLayout-1,Small_Baseline_6T,T03_6TMagazineBaseline,ProfileFeature,D17@T03_6TMagazineBaseline@TNG-000_MasterLayout.Part,60.9600,2.4000,N/A,FALSE,FALSE,FALSE,
Small_Baseline_6T,TNG-000_MasterLayout-1,Small_Baseline_6T,T03_6TMagazineBaseline,ProfileFeature,D18@T03_6TMagazineBaseline@TNG-000_MasterLayout.Part,1.7780,0.0700,N/A,FALSE,FALSE,FALSE,
Small_Baseline_6T,TNG-000_MasterLayout-1,Small_Baseline_6T,T04_6TMagazineBaseline,ProfileFeature,D1@T04_6TMagazineBaseline@TNG-000_MasterLayout.Part,22.0980,0.8700,N/A,FALSE,FALSE,FALSE,
Small_Baseline_6T,TNG-000_MasterLayout-1,Small_Baseline_6T,T04_6TMagazineBaseline,ProfileFeature,D2@T04_6TMagazineBaseline@TNG-000_MasterLayout.Part,162.9456,6.4152,N/A,FALSE,FALSE,FALSE,
Small_Baseline_6T,TNG-000_MasterLayout-1,Small_Baseline_6T,T04_6TMagazineBaseline,ProfileFeature,D3@T04_6TMagazineBaseline@TNG-000_MasterLayout.Part,6.4609,0.2544,N/A,FALSE,FALSE,FALSE,
Small_Baseline_6T,TNG-000_MasterLayout-1,Small_Baseline_6T,T04_6TMagazineBaseline,ProfileFeature,D4@T04_6TMagazineBaseline@TNG-000_MasterLayout.Part,11.6248,0.4577,N/A,FALSE,FALSE,FALSE,
Small_Baseline_6T,TNG-000_MasterLayout-1,Small_Baseline_6T,T04_6TMagazineBaseline,ProfileFeature,D5@T04_6TMagazineBaseline@TNG-000_MasterLayout.Part,16.8488,0.6633,N/A,FALSE,FALSE,FALSE,
Small_Baseline_6T,TNG-000_MasterLayout-1,Small_Baseline_6T,T04_6TMagazineBaseline,ProfileFeature,D6@T04_6TMagazineBaseline@TNG-000_MasterLayout.Part,23.0896,0.9090,N/A,FALSE,FALSE,FALSE,
Small_Baseline_6T,TNG-000_MasterLayout-1,Small_Baseline_6T,T04_6TMagazineBaseline,ProfileFeature,D7@T04_6TMagazineBaseline@TNG-000_MasterLayout.Part,27.2967,1.0747,N/A,FALSE,FALSE,FALSE,
Small_Baseline_6T,TNG-000_MasterLayout-1,Small_Baseline_6T,T04_6TMagazineBaseline,ProfileFeature,D8@T04_6TMagazineBaseline@TNG-000_MasterLayout.Part,29.1169,1.1463,N/A,FALSE,FALSE,FALSE,
Small_Baseline_6T,TNG-000_MasterLayout-1,Small_Baseline_6T,T04_6TMagazineBaseline,ProfileFeature,D9@T04_6TMagazineBaseline@TNG-000_MasterLayout.Part,29.4608,1.1599,N/A,FALSE,FALSE,FALSE,
Small_Baseline_6T,TNG-000_MasterLayout-1,Small_Baseline_6T,T04_6TMagazineBaseline,ProfileFeature,D10@T04_6TMagazineBaseline@TNG-000_MasterLayout.Part,29.8991,1.1771,N/A,FALSE,FALSE,FALSE,
Small_Baseline_6T,TNG-000_MasterLayout-1,Small_Baseline_6T,T04_6TMagazineBaseline,ProfileFeature,D11@T04_6TMagazineBaseline@TNG-000_MasterLayout.Part,29.9987,1.1811,N/A,FALSE,FALSE,FALSE,
Small_Baseline_6T,TNG-000_MasterLayout-1,Small_Baseline_6T,T04_6TMagazineBaseline,ProfileFeature,D12@T04_6TMagazineBaseline@TNG-000_MasterLayout.Part,29.8798,1.1764,N/A,FALSE,FALSE,FALSE,
Small_Baseline_6T,TNG-000_MasterLayout-1,Small_Baseline_6T,T04_6TMagazineBaseline,ProfileFeature,D13@T04_6TMagazineBaseline@TNG-000_MasterLayout.Part,29.6160,1.1660,N/A,FALSE,FALSE,FALSE,
Small_Baseline_6T,TNG-000_MasterLayout-1,Small_Baseline_6T,T04_6TMagazineBaseline,ProfileFeature,D14@T04_6TMagazineBaseline@TNG-000_MasterLayout.Part,28.6892,1.1295,N/A,FALSE,FALSE,FALSE,
Small_Baseline_6T,TNG-000_MasterLayout-1,Small_Baseline_6T,T04_6TMagazineBaseline,ProfileFeature,D16@T04_6TMagazineBaseline@TNG-000_MasterLayout.Part,25.5516,1.0060,N/A,FALSE,FALSE,FALSE,
Small_Baseline_6T,TNG-000_MasterLayout-1,Small_Baseline_6T,T04_6TMagazineBaseline,ProfileFeature,D17@T04_6TMagazineBaseline@TNG-000_MasterLayout.Part,22.2256,0.8750,N/A,FALSE,FALSE,FALSE,
Small_Baseline_6T,TNG-000_MasterLayout-1,Small_Baseline_6T,T04_6TMagazineBaseline,ProfileFeature,D15@T04_6TMagazineBaseline@TNG-000_MasterLayout.Part,35.0089,1.3783,N/A,FALSE,FALSE,FALSE,
Small_Baseline_6T,TNG-000_MasterLayout-1,Small_Baseline_6T,T04_6TMagazineBaseline,ProfileFeature,D18@T04_6TMagazineBaseline@TNG-000_MasterLayout.Part,34.1892,1.3460,N/A,FALSE,FALSE,FALSE,
Small_Baseline_6T,TNG-000_MasterLayout-1,Small_Baseline_6T,T04_6TMagazineBaseline,ProfileFeature,D19@T04_6TMagazineBaseline@TNG-000_MasterLayout.Part,32.1428,1.2655,N/A,FALSE,FALSE,FALSE,
Small_Baseline_6T,TNG-000_MasterLayout-1,Small_Baseline_6T,T04_6TMagazineBaseline,ProfileFeature,D20@T04_6TMagazineBaseline@TNG-000_MasterLayout.Part,25.0566,0.9865,N/A,FALSE,FALSE,FALSE,
Small_Baseline_6T,TNG-000_MasterLayout-1,Small_Baseline_6T,T04_6TMagazineBaseline,ProfileFeature,D21@T04_6TMagazineBaseline@TNG-000_MasterLayout.Part,16.0922,0.6336,N/A,FALSE,FALSE,FALSE,
Small_Baseline_6T,TNG-000_MasterLayout-1,Small_Baseline_6T,T04_6TMagazineBaseline,ProfileFeature,D22@T04_6TMagazineBaseline@TNG-000_MasterLayout.Part,34.8806,1.3733,N/A,FALSE,FALSE,FALSE,
Small_Baseline_6T,TNG-000_MasterLayout-1,Small_Baseline_6T,T04_6TMagazineBaseline,ProfileFeature,D23@T04_6TMagazineBaseline@TNG-000_MasterLayout.Part,38.3927,1.5115,N/A,FALSE,FALSE,FALSE,
Small_Baseline_6T,TNG-000_MasterLayout-1,Small_Baseline_6T,T04_6TMagazineBaseline,ProfileFeature,D24@T04_6TMagazineBaseline@TNG-000_MasterLayout.Part,13.7170,0.5400,N/A,FALSE,FALSE,FALSE,
Small_Baseline_6T,TNG-000_MasterLayout-1,Small_Baseline_6T,T04_6TMagazineBaseline,ProfileFeature,D25@T04_6TMagazineBaseline@TNG-000_MasterLayout.Part,40.9528,1.6123,N/A,FALSE,FALSE,FALSE,
Small_Baseline_6T,TNG-000_MasterLayout-1,Small_Baseline_6T,T04_6TMagazineBaseline,ProfileFeature,D28@T04_6TMagazineBaseline@TNG-000_MasterLayout.Part,6.9078,0.2720,N/A,FALSE,FALSE,FALSE,
Small_Baseline_6T,TNG-000_MasterLayout-1,Small_Baseline_6T,T04_6TMagazineBaseline,ProfileFeature,D29@T04_6TMagazineBaseline@TNG-000_MasterLayout.Part,23.0948,0.9092,N/A,FALSE,FALSE,FALSE,
Small_Baseline_6T,TNG-000_MasterLayout-1,Small_Baseline_6T,T04_6TMagazineBaseline,ProfileFeature,D30@T04_6TMagazineBaseline@TNG-000_MasterLayout.Part,29.6621,1.1678,N/A,FALSE,FALSE,FALSE,
Small_Baseline_6T,TNG-000_MasterLayout-1,Small_Baseline_6T,T04_6TMagazineBaseline,ProfileFeature,D31@T04_6TMagazineBaseline@TNG-000_MasterLayout.Part,36.7066,1.4451,N/A,FALSE,FALSE,FALSE,
Small_Baseline_6T,TNG-000_MasterLayout-1,Small_Baseline_6T,T04_6TMagazineBaseline,ProfileFeature,D32@T04_6TMagazineBaseline@TNG-000_MasterLayout.Part,3.4422,0.1355,N/A,FALSE,FALSE,FALSE,
Small_Baseline_6T,TNG-000_MasterLayout-1,Small_Baseline_6T,T04_6TMagazineBaseline,ProfileFeature,D27@T04_6TMagazineBaseline@TNG-000_MasterLayout.Part,1.7780,0.0700,N/A,FALSE,FALSE,FALSE,
Small_Baseline_6T,TNG-000_MasterLayout-1,Small_Baseline_6T,T04_6TMagazineBaseline,ProfileFeature,D26@T04_6TMagazineBaseline@TNG-000_MasterLayout.Part,60.9600,2.4000,N/A,FALSE,FALSE,FALSE,
Small_Baseline_6T,TNG-000_MasterLayout-1,Small_Baseline_6T,T04_6TMagazineBaseline,ProfileFeature,D33@T04_6TMagazineBaseline@TNG-000_MasterLayout.Part,72.8381,2.8676,N/A,FALSE,FALSE,FALSE,
Small_Baseline_6T,TNG-000_MasterLayout-1,Small_Baseline_6T,T04_6TMagazineBaseline,ProfileFeature,D34@T04_6TMagazineBaseline@TNG-000_MasterLayout.Part,26.8973,1.0589,N/A,FALSE,FALSE,FALSE,
Small_Baseline_6T,TNG-000_MasterLayout-1,Small_Baseline_6T,T05_6TMagazineBaseline,ProfileFeature,D1@T05_6TMagazineBaseline@TNG-000_MasterLayout.Part,22.0980,0.8700,N/A,FALSE,FALSE,FALSE,
Small_Baseline_6T,TNG-000_MasterLayout-1,Small_Baseline_6T,T05_6TMagazineBaseline,ProfileFeature,D2@T05_6TMagazineBaseline@TNG-000_MasterLayout.Part,60.9600,2.4000,N/A,FALSE,FALSE,FALSE,
Small_Baseline_6T,TNG-000_MasterLayout-1,Small_Baseline_6T,T05_6TMagazineBaseline,ProfileFeature,D3@T05_6TMagazineBaseline@TNG-000_MasterLayout.Part,160.0200,6.3000,N/A,FALSE,FALSE,FALSE,
Small_Baseline_6T,TNG-000_MasterLayout-1,Small_Baseline_6T,T05_6TMagazineBaseline,ProfileFeature,D4@T05_6TMagazineBaseline@TNG-000_MasterLayout.Part,1.7780,0.0700,N/A,FALSE,FALSE,FALSE,
Small_Baseline_6T,TNG-000_MasterLayout-1,Small_Baseline_6T,T06_6TMagazineBaseline,ProfileFeature,D1@T06_6TMagazineBaseline@TNG-000_MasterLayout.Part,22.0980,0.8700,N/A,FALSE,FALSE,FALSE,
Small_Baseline_6T,TNG-000_MasterLayout-1,Small_Baseline_6T,T06_6TMagazineBaseline,ProfileFeature,D2@T06_6TMagazineBaseline@TNG-000_MasterLayout.Part,60.9600,2.4000,N/A,FALSE,FALSE,FALSE,
Small_Baseline_6T,TNG-000_MasterLayout-1,Small_Baseline_6T,T06_6TMagazineBaseline,ProfileFeature,D3@T06_6TMagazineBaseline@TNG-000_MasterLayout.Part,1.7780,0.0700,N/A,FALSE,FALSE,FALSE,
Small_Baseline_6T,TNG-000_MasterLayout-1,Small_Baseline_6T,T06_6TMagazineBaseline,ProfileFeature,D4@T06_6TMagazineBaseline@TNG-000_MasterLayout.Part,24.7311,0.9737,N/A,FALSE,FALSE,FALSE,
Small_Baseline_6T,TNG-000_MasterLayout-1,Small_Baseline_6T,T06_6TMagazineBaseline,ProfileFeature,D5@T06_6TMagazineBaseline@TNG-000_MasterLayout.Part,30.7148,1.2092,N/A,FALSE,FALSE,FALSE,
Small_Baseline_6T,TNG-000_MasterLayout-1,Small_Baseline_6T,T06_6TMagazineBaseline,ProfileFeature,D6@T06_6TMagazineBaseline@TNG-000_MasterLayout.Part,100.3423,3.9505,N/A,FALSE,FALSE,FALSE,
Small_Baseline_6T,TNG-000_MasterLayout-1,Small_Baseline_6T,T06_6TMagazineBaseline,ProfileFeature,D7@T06_6TMagazineBaseline@TNG-000_MasterLayout.Part,38.3203,1.5087,N/A,FALSE,FALSE,FALSE,
Small_Baseline_6T,TNG-000_MasterLayout-1,Small_Baseline_6T,T06_6TMagazineBaseline,ProfileFeature,D8@T06_6TMagazineBaseline@TNG-000_MasterLayout.Part,11.0645,0.4356,N/A,FALSE,FALSE,FALSE,
Small_Baseline_6T,TNG-000_MasterLayout-1,Small_Baseline_6T,T06_6TMagazineBaseline,ProfileFeature,D9@T06_6TMagazineBaseline@TNG-000_MasterLayout.Part,21.2762,0.8376,N/A,FALSE,FALSE,FALSE,
Small_Baseline_6T,TNG-000_MasterLayout-1,Small_Baseline_6T,T06_6TMagazineBaseline,ProfileFeature,D10@T06_6TMagazineBaseline@TNG-000_MasterLayout.Part,33.6322,1.3241,N/A,FALSE,FALSE,FALSE,
Small_Baseline_6T,TNG-000_MasterLayout-1,Small_Baseline_6T,T06_6TMagazineBaseline,ProfileFeature,D11@T06_6TMagazineBaseline@TNG-000_MasterLayout.Part,44.4226,1.7489,N/A,FALSE,FALSE,FALSE,
Small_Baseline_6T,TNG-000_MasterLayout-1,Small_Baseline_6T,T06_6TMagazineBaseline,ProfileFeature,D13@T06_6TMagazineBaseline@TNG-000_MasterLayout.Part,218.4400,8.6000,N/A,FALSE,FALSE,FALSE,
Small_Baseline_6T,TNG-000_MasterLayout-1,Small_Baseline_6T,T06_6TMagazineBaseline,ProfileFeature,D14@T06_6TMagazineBaseline@TNG-000_MasterLayout.Part,39.0589,1.5378,N/A,FALSE,FALSE,FALSE,
Small_Baseline_6T,TNG-000_MasterLayout-1,Small_Baseline_6T,T06_6TMagazineBaseline,ProfileFeature,D15@T06_6TMagazineBaseline@TNG-000_MasterLayout.Part,37.9341,1.4935,N/A,FALSE,FALSE,FALSE,
Small_Baseline_6T,TNG-000_MasterLayout-1,Small_Baseline_6T,T06_6TMagazineBaseline,ProfileFeature,D12@T06_6TMagazineBaseline@TNG-000_MasterLayout.Part,100.3423,3.9505,N/A,FALSE,FALSE,FALSE,
Small_Baseline_6T,TNG-000_MasterLayout-1,Small_Baseline_6T,T06_6TMagazineBaseline,ProfileFeature,D16@T06_6TMagazineBaseline@TNG-000_MasterLayout.Part,50.9472,2.0058,N/A,FALSE,FALSE,FALSE,
Small_Baseline_6T,TNG-000_MasterLayout-1,Small_Baseline_6T,[Equation 0],Equation,,,,,,,TRUE,"""drum_len_in""= 12in"
Small_Baseline_6T,TNG-000_MasterLayout-1,Small_Baseline_6T,[Equation 1],Equation,,,,,,,TRUE,"""drum_wid_in""= 7.5in"
Small_Baseline_6T,TNG-000_MasterLayout-1,Small_Baseline_6T,[Equation 2],Equation,,,,,,,TRUE,"""drum_hgt_in""= 6in"
Small_Baseline_6T,TNG-000_MasterLayout-1,Small_Baseline_6T,[Equation 3],Equation,,,,,,,TRUE,"""top_thk_in""= 0.25in"
Small_Baseline_6T,TNG-000_MasterLayout-1,Small_Baseline_6T,[Equation 4],Equation,,,,,,,TRUE,"""bottom_thk_in""= 0.5in"
Small_Baseline_6T,TNG-000_MasterLayout-1,Small_Baseline_6T,[Equation 5],Equation,,,,,,,TRUE,"""side_thk_in""= 0.5in"
Small_Baseline_6T,TNG-000_MasterLayout-1,Small_Baseline_6T,[Equation 6],Equation,,,,,,,TRUE,"""end_cap_thk_in""= 0.5in"
Small_Baseline_6T,TNG-000_MasterLayout-1,Small_Baseline_6T,[Equation 7],Equation,,,,,,,TRUE,"""slit_kerf_in""= 0.070in"
Small_Baseline_6T,TNG-000_MasterLayout-1,Small_Baseline_6T,[Equation 8],Equation,,,,,,,TRUE,"""slit_end_rad_in""= 0.25in"
Small_Baseline_6T,TNG-000_MasterLayout-1,Small_Baseline_6T,[Equation 9],Equation,,,,,,,TRUE,"""tongue_gap_in""= 0.06in"
Small_Baseline_6T,TNG-000_MasterLayout-1,Small_Baseline_6T,[Equation 10],Equation,,,,,,,TRUE,"""port_dia_in""= 1.5in"
Small_Baseline_6T,TNG-000_MasterLayout-1,Small_Baseline_6T,[Equation 11],Equation,,,,,,,TRUE,"""foot_dia_in""= 1.25in"
Small_Baseline_6T,TNG-000_MasterLayout-1,Small_Baseline_6T,[Equation 12],Equation,,,,,,,TRUE,"""foot_hgt_in""= 0.75in"
Small_Baseline_6T,TNG-000_MasterLayout-1,Small_Baseline_6T,[Equation 13],Equation,,,,,,,TRUE,"""rough_len_factor""= 2 ^ ( - ""sharp_bias_cents"" / 2400 )"
Small_Baseline_6T,TNG-000_MasterLayout-1,Small_Baseline_6T,[Equation 14],Equation,,,,,,,TRUE,"""sharp_bias_cents""= 12"
Small_Baseline_6T,TNG-000_MasterLayout-1,Small_Baseline_6T,[Equation 15],Equation,,,,,,,TRUE,"""tongue_width_in""= 1.0in"
Small_Baseline_6T,TNG-000_MasterLayout-1,Small_Baseline_6T,[Equation 16],Equation,,,,,,,TRUE,"""cavity_len_in""= ""drum_len_in"" - 2 * ""end_cap_thk_in"""
Small_Baseline_6T,TNG-000_MasterLayout-1,Small_Baseline_6T,[Equation 17],Equation,,,,,,,TRUE,"""cavity_wid_in""= ""drum_wid_in"" - 2 * ""side_thk_in"""
Small_Baseline_6T,TNG-000_MasterLayout-1,Small_Baseline_6T,[Equation 18],Equation,,,,,,,TRUE,"""cavity_hgt_in""= ""drum_hgt_in"" - ""top_thk_in"" - ""bottom_thk_in"""
Small_Baseline_6T,TNG-000_MasterLayout-1,Small_Baseline_6T,[Equation 19],Equation,,,,,,,TRUE,"""cavity_vol_in3""= ""cavity_len_in"" * ""cavity_wid_in"" * ""cavity_hgt_in"""
Small_Baseline_6T,TNG-000_MasterLayout-1,Small_Baseline_6T,[Equation 20],Equation,,,,,,,TRUE,"""panel_top_len""= ""drum_len_in"""
Small_Baseline_6T,TNG-000_MasterLayout-1,Small_Baseline_6T,[Equation 21],Equation,,,,,,,TRUE,"""panel_top_wid""= ""drum_wid_in"""
Small_Baseline_6T,TNG-000_MasterLayout-1,Small_Baseline_6T,[Equation 22],Equation,,,,,,,TRUE,"""side_panel_len""= ""drum_len_in"""
Small_Baseline_6T,TNG-000_MasterLayout-1,Small_Baseline_6T,[Equation 23],Equation,,,,,,,TRUE,"""side_panel_hgt""= ""drum_hgt_in"" - ""top_thk_in"" - ""bottom_thk_in"""
Small_Baseline_6T,TNG-000_MasterLayout-1,Small_Baseline_6T,[Equation 24],Equation,,,,,,,TRUE,"""bank_l_count""= 6"
Small_Baseline_6T,TNG-000_MasterLayout-1,Small_Baseline_6T,[Equation 25],Equation,,,,,,,TRUE,"""bank_r_count""= 0"
Small_Baseline_6T,TNG-000_MasterLayout-1,Small_Baseline_6T,[Equation 26],Equation,,,,,,,TRUE,"""bank_spacing_y""= 1.1"
Small_Baseline_6T,TNG-000_MasterLayout-1,Small_Baseline_6T,[Equation 27],Equation,,,,,,,TRUE,"""mirror_banks""= 1"
Small_Baseline_6T,TNG-000_MasterLayout-1,Small_Baseline_6T,[Equation 28],Equation,,,,,,,TRUE,"""t01_freq_hz""= 440 * 2 ^ ( ( ""t01_midi_note"" - 69 ) / 12 )"
Small_Baseline_6T,TNG-000_MasterLayout-1,Small_Baseline_6T,[Equation 29],Equation,,,,,,,TRUE,"""t01_len_in""= 8.5243695in"
Small_Baseline_6T,TNG-000_MasterLayout-1,Small_Baseline_6T,[Equation 30],Equation,,,,,,,TRUE,"""t01_bank""= 1"
Small_Baseline_6T,TNG-000_MasterLayout-1,Small_Baseline_6T,[Equation 31],Equation,,,,,,,TRUE,"""t01_scale_degree""= 1"
Small_Baseline_6T,TNG-000_MasterLayout-1,Small_Baseline_6T,[Equation 32],Equation,,,,,,,TRUE,"""tuning_allowance_in""= 1in"
Small_Baseline_6T,TNG-000_MasterLayout-1,Small_Baseline_6T,[Equation 33],Equation,,,,,,,TRUE,"""screw_size""= 0.125in"
Small_Baseline_6T,TNG-000_MasterLayout-1,Small_Baseline_6T,[Equation 34],Equation,,,,,,,TRUE,"""screw_clearance_in""= 0.003in"
Small_Baseline_6T,TNG-000_MasterLayout-1,Small_Baseline_6T,[Equation 35],Equation,,,,,,,TRUE,"""bank_r_origin_x""= ""drum_len_in"" - 2 * ""end_cap_thk_in"""
Small_Baseline_6T,TNG-000_MasterLayout-1,Small_Baseline_6T,[Equation 36],Equation,,,,,,,TRUE,"""bank_l_origin_x""= ""end_cap_thk_in"""
Small_Baseline_6T,TNG-000_MasterLayout-1,Small_Baseline_6T,[Equation 37],Equation,,,,,,,TRUE,"""freq_hz""= 440"
Small_Baseline_6T,TNG-000_MasterLayout-1,Small_Baseline_6T,[Equation 38],Equation,,,,,,,TRUE,"""t01_midi_note""= 60"
Small_Baseline_6T,TNG-000_MasterLayout-1,Small_Baseline_6T,[Equation 39],Equation,,,,,,,TRUE,"""k_imperial""= 27000"
Small_Baseline_6T,TNG-000_MasterLayout-1,Small_Baseline_6T,[Equation 40],Equation,,,,,,,TRUE,"""t01_est_len_in""= sqr ( ""k_imperial"" * ""top_thk_in"" / ""t01_freq_hz"" )"
Small_Baseline_6T,TNG-000_MasterLayout-1,Small_Baseline_6T,[Equation 41],Equation,,,,,,,TRUE,"""t02_freq_hz""= 440 * 2 ^ ( ( ""t02_midi_note"" - 69 ) / 12 )"
Small_Baseline_6T,TNG-000_MasterLayout-1,Small_Baseline_6T,[Equation 42],Equation,,,,,,,TRUE,"""t03_freq_hz""= 440 * 2 ^ ( ( ""t03_midi_note"" - 69 ) / 12 )"
Small_Baseline_6T,TNG-000_MasterLayout-1,Small_Baseline_6T,[Equation 43],Equation,,,,,,,TRUE,"""t04_freq_hz""= 440 * 2 ^ ( ( ""t04_midi_note"" - 69 ) / 12 )"
Small_Baseline_6T,TNG-000_MasterLayout-1,Small_Baseline_6T,[Equation 44],Equation,,,,,,,TRUE,"""t05_freq_hz""= 440 * 2 ^ ( ( ""t05_midi_note"" - 69 ) / 12 )"
Small_Baseline_6T,TNG-000_MasterLayout-1,Small_Baseline_6T,[Equation 45],Equation,,,,,,,TRUE,"""t06_freq_hz""= 440 * 2 ^ ( ( ""t06_midi_note"" - 69 ) / 12 )"
Small_Baseline_6T,TNG-000_MasterLayout-1,Small_Baseline_6T,[Equation 46],Equation,,,,,,,TRUE,"""t07_freq_hz""= 440 * 2 ^ ( ( ""t07_midi_note"" - 69 ) / 12 )"
Small_Baseline_6T,TNG-000_MasterLayout-1,Small_Baseline_6T,[Equation 47],Equation,,,,,,,TRUE,"""t08_freq_hz""= 440 * 2 ^ ( ( ""t08_midi_note"" - 69 ) / 12 )"
Small_Baseline_6T,TNG-000_MasterLayout-1,Small_Baseline_6T,[Equation 48],Equation,,,,,,,TRUE,"""t09_freq_hz""= 440 * 2 ^ ( ( ""t09_midi_note"" - 69 ) / 12 )"
Small_Baseline_6T,TNG-000_MasterLayout-1,Small_Baseline_6T,[Equation 49],Equation,,,,,,,TRUE,"""t10_freq_hz""= 440 * 2 ^ ( ( ""t10_midi_note"" - 69 ) / 12 )"
Small_Baseline_6T,TNG-000_MasterLayout-1,Small_Baseline_6T,[Equation 50],Equation,,,,,,,TRUE,"""t11_freq_hz""= 440 * 2 ^ ( ( ""t11_midi_note"" - 69 ) / 12 )"
Small_Baseline_6T,TNG-000_MasterLayout-1,Small_Baseline_6T,[Equation 51],Equation,,,,,,,TRUE,"""t12_freq_hz""= 440 * 2 ^ ( ( ""t12_midi_note"" - 69 ) / 12 )"
Small_Baseline_6T,TNG-000_MasterLayout-1,Small_Baseline_6T,[Equation 52],Equation,,,,,,,TRUE,"""t13_freq_hz""= 440 * 2 ^ ( ( ""t13_midi_note"" - 69 ) / 12 )"
Small_Baseline_6T,TNG-000_MasterLayout-1,Small_Baseline_6T,[Equation 53],Equation,,,,,,,TRUE,"""t14_freq_hz""= 440 * 2 ^ ( ( ""t14_midi_note"" - 69 ) / 12 )"
Small_Baseline_6T,TNG-000_MasterLayout-1,Small_Baseline_6T,[Equation 54],Equation,,,,,,,TRUE,"""t15_freq_hz""= 440 * 2 ^ ( ( ""t15_midi_note"" - 69 ) / 12 )"
Small_Baseline_6T,TNG-000_MasterLayout-1,Small_Baseline_6T,[Equation 55],Equation,,,,,,,TRUE,"""t02_len_in""= 6.75in"
Small_Baseline_6T,TNG-000_MasterLayout-1,Small_Baseline_6T,[Equation 56],Equation,,,,,,,TRUE,"""t03_len_in""=6in"
Small_Baseline_6T,TNG-000_MasterLayout-1,Small_Baseline_6T,[Equation 57],Equation,,,,,,,TRUE,"""t04_len_in""=5.9in"
Small_Baseline_6T,TNG-000_MasterLayout-1,Small_Baseline_6T,[Equation 58],Equation,,,,,,,TRUE,"""t05_len_in""= 6.3in"
Small_Baseline_6T,TNG-000_MasterLayout-1,Small_Baseline_6T,[Equation 59],Equation,,,,,,,TRUE,"""t06_len_in""= 8.6in"
Small_Baseline_6T,TNG-000_MasterLayout-1,Small_Baseline_6T,[Equation 60],Equation,,,,,,,TRUE,"""t07_len_in""= 0in"
Small_Baseline_6T,TNG-000_MasterLayout-1,Small_Baseline_6T,[Equation 61],Equation,,,,,,,TRUE,"""t08_len_in""= 0in"
Small_Baseline_6T,TNG-000_MasterLayout-1,Small_Baseline_6T,[Equation 62],Equation,,,,,,,TRUE,"""t09_len_in""= 0in"
Small_Baseline_6T,TNG-000_MasterLayout-1,Small_Baseline_6T,[Equation 63],Equation,,,,,,,TRUE,"""t10_len_in""= 0in"
Small_Baseline_6T,TNG-000_MasterLayout-1,Small_Baseline_6T,[Equation 64],Equation,,,,,,,TRUE,"""t11_len_in""= 0in"
Small_Baseline_6T,TNG-000_MasterLayout-1,Small_Baseline_6T,[Equation 65],Equation,,,,,,,TRUE,"""t12_len_in""= 0in"
Small_Baseline_6T,TNG-000_MasterLayout-1,Small_Baseline_6T,[Equation 66],Equation,,,,,,,TRUE,"""t13_len_in""= 0in"
Small_Baseline_6T,TNG-000_MasterLayout-1,Small_Baseline_6T,[Equation 67],Equation,,,,,,,TRUE,"""t14_len_in""= 0in"
Small_Baseline_6T,TNG-000_MasterLayout-1,Small_Baseline_6T,[Equation 68],Equation,,,,,,,TRUE,"""t15_len_in""= 0in"
Small_Baseline_6T,TNG-000_MasterLayout-1,Small_Baseline_6T,[Equation 69],Equation,,,,,,,TRUE,"""t16_len_in""= 0in"
Small_Baseline_6T,TNG-000_MasterLayout-1,Small_Baseline_6T,[Equation 70],Equation,,,,,,,TRUE,"""t02_bank""= 1"
Small_Baseline_6T,TNG-000_MasterLayout-1,Small_Baseline_6T,[Equation 71],Equation,,,,,,,TRUE,"""t03_bank""= 1"
Small_Baseline_6T,TNG-000_MasterLayout-1,Small_Baseline_6T,[Equation 72],Equation,,,,,,,TRUE,"""t04_bank""= 1"
Small_Baseline_6T,TNG-000_MasterLayout-1,Small_Baseline_6T,[Equation 73],Equation,,,,,,,TRUE,"""t05_bank""=1"
Small_Baseline_6T,TNG-000_MasterLayout-1,Small_Baseline_6T,[Equation 74],Equation,,,,,,,TRUE,"""t06_bank""=1"
Small_Baseline_6T,TNG-000_MasterLayout-1,Small_Baseline_6T,[Equation 75],Equation,,,,,,,TRUE,"""t07_bank""= 0"
Small_Baseline_6T,TNG-000_MasterLayout-1,Small_Baseline_6T,[Equation 76],Equation,,,,,,,TRUE,"""t08_bank""= 0"
Small_Baseline_6T,TNG-000_MasterLayout-1,Small_Baseline_6T,[Equation 77],Equation,,,,,,,TRUE,"""t09_bank""= 0"
Small_Baseline_6T,TNG-000_MasterLayout-1,Small_Baseline_6T,[Equation 78],Equation,,,,,,,TRUE,"""t10_bank""= 0"
Small_Baseline_6T,TNG-000_MasterLayout-1,Small_Baseline_6T,[Equation 79],Equation,,,,,,,TRUE,"""t11_bank""= 0"
Small_Baseline_6T,TNG-000_MasterLayout-1,Small_Baseline_6T,[Equation 80],Equation,,,,,,,TRUE,"""t12_bank""= 0"
Small_Baseline_6T,TNG-000_MasterLayout-1,Small_Baseline_6T,[Equation 81],Equation,,,,,,,TRUE,"""t13_bank""= 0"
Small_Baseline_6T,TNG-000_MasterLayout-1,Small_Baseline_6T,[Equation 82],Equation,,,,,,,TRUE,"""t14_bank""= 0"
Small_Baseline_6T,TNG-000_MasterLayout-1,Small_Baseline_6T,[Equation 83],Equation,,,,,,,TRUE,"""t15_bank""= 0"
Small_Baseline_6T,TNG-000_MasterLayout-1,Small_Baseline_6T,[Equation 84],Equation,,,,,,,TRUE,"""t16_bank""= 0"
Small_Baseline_6T,TNG-000_MasterLayout-1,Small_Baseline_6T,[Equation 85],Equation,,,,,,,FALSE,"""drum_len_in_sketch@SK_OUTER_BOX""= ""drum_len_in"""
Small_Baseline_6T,TNG-000_MasterLayout-1,Small_Baseline_6T,[Equation 86],Equation,,,,,,,FALSE,"""drum_wid_in@SK_OUTER_BOX""= ""drum_wid_in"""
Small_Baseline_6T,TNG-000_MasterLayout-1,Small_Baseline_6T,[Equation 87],Equation,,,,,,,FALSE,"""side_thk_in_sketch@SK_CAVITY""= ""side_thk_in"""
Small_Baseline_6T,TNG-000_MasterLayout-1,Small_Baseline_6T,[Equation 88],Equation,,,,,,,FALSE,"""end_cap_thk_in_sketch@SK_CAVITY""= ""end_cap_thk_in"""
Small_Baseline_6T,TNG-000_MasterLayout-1,Small_Baseline_6T,[Equation 89],Equation,,,,,,,FALSE,"""cavity_hgt_in@SK_HEIGHT_STACK""= ""cavity_hgt_in"""
Small_Baseline_6T,TNG-000_MasterLayout-1,Small_Baseline_6T,[Equation 90],Equation,,,,,,,FALSE,"""top_thk_in_sketch@SK_HEIGHT_STACK"" = ""top_thk_in"""
Small_Baseline_6T,TNG-000_MasterLayout-1,Small_Baseline_6T,[Equation 91],Equation,,,,,,,FALSE,"""bottom_thk_in_sketch@SK_HEIGHT_STACK""= ""bottom_thk_in"""
Small_Baseline_6T,TNG-000_MasterLayout-1,Small_Baseline_6T,[Equation 92],Equation,,,,,,,FALSE,"""port_dia_in@SK_PORT""= ""port_dia_in"""
Small_Baseline_6T,TNG-000_MasterLayout-1,Small_Baseline_6T,[Equation 93],Equation,,,,,,,FALSE,"""foot_dia@SK_FEET""= ""foot_dia_in"""
Small_Baseline_6T,TNG-000_MasterLayout-1,Small_Baseline_6T,[Equation 94],Equation,,,,,,,TRUE,"""t02_midi_note""= 61"
Small_Baseline_6T,TNG-000_MasterLayout-1,Small_Baseline_6T,[Equation 95],Equation,,,,,,,TRUE,"""t03_midi_note""= 62"
Small_Baseline_6T,TNG-000_MasterLayout-1,Small_Baseline_6T,[Equation 96],Equation,,,,,,,TRUE,"""t04_midi_note""= 64"
Small_Baseline_6T,TNG-000_MasterLayout-1,Small_Baseline_6T,[Equation 97],Equation,,,,,,,TRUE,"""t05_midi_note""= 67"
Small_Baseline_6T,TNG-000_MasterLayout-1,Small_Baseline_6T,[Equation 98],Equation,,,,,,,TRUE,"""t06_midi_note""= 70"
Small_Baseline_6T,TNG-000_MasterLayout-1,Small_Baseline_6T,[Equation 99],Equation,,,,,,,TRUE,"""t07_midi_note""= 0"
Small_Baseline_6T,TNG-000_MasterLayout-1,Small_Baseline_6T,[Equation 100],Equation,,,,,,,TRUE,"""t08_midi_note""= 0"
Small_Baseline_6T,TNG-000_MasterLayout-1,Small_Baseline_6T,[Equation 101],Equation,,,,,,,TRUE,"""t09_midi_note""= 0"
Small_Baseline_6T,TNG-000_MasterLayout-1,Small_Baseline_6T,[Equation 102],Equation,,,,,,,TRUE,"""t10_midi_note""= 0"
Small_Baseline_6T,TNG-000_MasterLayout-1,Small_Baseline_6T,[Equation 103],Equation,,,,,,,TRUE,"""t11_midi_note""= 0"
Small_Baseline_6T,TNG-000_MasterLayout-1,Small_Baseline_6T,[Equation 104],Equation,,,,,,,TRUE,"""t12_midi_note""= 0"
Small_Baseline_6T,TNG-000_MasterLayout-1,Small_Baseline_6T,[Equation 105],Equation,,,,,,,TRUE,"""t13_midi_note""= 0"
Small_Baseline_6T,TNG-000_MasterLayout-1,Small_Baseline_6T,[Equation 106],Equation,,,,,,,TRUE,"""t14_midi_note""= 0"
Small_Baseline_6T,TNG-000_MasterLayout-1,Small_Baseline_6T,[Equation 107],Equation,,,,,,,TRUE,"""t15_midi_note""= 0"
Small_Baseline_6T,TNG-000_MasterLayout-1,Small_Baseline_6T,[Equation 108],Equation,,,,,,,TRUE,"""t16_midi_note""= 0"
Small_Baseline_6T,TNG-000_MasterLayout-1,Small_Baseline_6T,[Equation 109],Equation,,,,,,,TRUE,"""t16_freq_hz""= 440 * 2 ^ ( ( ""t16_midi_note"" - 69 ) / 12 )"
Small_Baseline_6T,TNG-000_MasterLayout-1,Small_Baseline_6T,[Equation 110],Equation,,,,,,,TRUE,"""foot_inset_in""= 1.8in"
Small_Baseline_6T,TNG-000_MasterLayout-1,Small_Baseline_6T,[Equation 111],Equation,,,,,,,TRUE,"""foot_screw_hole_dia_in""= 0.129in"
Small_Baseline_6T,TNG-000_MasterLayout-1,Small_Baseline_6T,[Equation 112],Equation,,,,,,,FALSE,"""foot_setting@SK_FEET""= ""foot_inset_in"""
Small_Baseline_6T,TNG-000_MasterLayout-1,Small_Baseline_6T,[Equation 113],Equation,,,,,,,FALSE,"""screw_hole@SK_FEET""= ""screw_size"""
Small_Baseline_6T,TNG-000_MasterLayout-1,Small_Baseline_6T,[Equation 114],Equation,,,,,,,TRUE,"""t01_wid""= 0.87in"
Small_Baseline_6T,TNG-000_MasterLayout-1,Small_Baseline_6T,[Equation 115],Equation,,,,,,,TRUE,"""t02_wid""= 0.87in"
Small_Baseline_6T,TNG-000_MasterLayout-1,Small_Baseline_6T,[Equation 116],Equation,,,,,,,TRUE,"""t03_wid""= 0.87in"
Small_Baseline_6T,TNG-000_MasterLayout-1,Small_Baseline_6T,[Equation 117],Equation,,,,,,,TRUE,"""t04_wid""= 0.87in"
Small_Baseline_6T,TNG-000_MasterLayout-1,Small_Baseline_6T,[Equation 118],Equation,,,,,,,TRUE,"""t05_wid""= 0.87in"
Small_Baseline_6T,TNG-000_MasterLayout-1,Small_Baseline_6T,[Equation 119],Equation,,,,,,,TRUE,"""t06_wid""= 0.87in"
Small_Baseline_6T,TNG-000_MasterLayout-1,Small_Baseline_6T,[Equation 120],Equation,,,,,,,TRUE,"""t07_wid""= 0in"
Small_Baseline_6T,TNG-000_MasterLayout-1,Small_Baseline_6T,[Equation 121],Equation,,,,,,,TRUE,"""t08_wid""= 0in"
Small_Baseline_6T,TNG-000_MasterLayout-1,Small_Baseline_6T,[Equation 122],Equation,,,,,,,TRUE,"""t09_wid""= 0in"
Small_Baseline_6T,TNG-000_MasterLayout-1,Small_Baseline_6T,[Equation 123],Equation,,,,,,,TRUE,"""t10_wid""= 0in"
Small_Baseline_6T,TNG-000_MasterLayout-1,Small_Baseline_6T,[Equation 124],Equation,,,,,,,TRUE,"""t11_wid""= 0in"
Small_Baseline_6T,TNG-000_MasterLayout-1,Small_Baseline_6T,[Equation 125],Equation,,,,,,,TRUE,"""t12_wid""= 0in"
Small_Baseline_6T,TNG-000_MasterLayout-1,Small_Baseline_6T,[Equation 126],Equation,,,,,,,TRUE,"""t13_wid""= 0in"
Small_Baseline_6T,TNG-000_MasterLayout-1,Small_Baseline_6T,[Equation 127],Equation,,,,,,,TRUE,"""t14_wid""= 0in"
Small_Baseline_6T,TNG-000_MasterLayout-1,Small_Baseline_6T,[Equation 128],Equation,,,,,,,TRUE,"""t16_wid""= 0in"
Small_Baseline_6T,TNG-000_MasterLayout-1,Small_Baseline_6T,[Equation 129],Equation,,,,,,,TRUE,"""t15_wid""= 0in"
Small_Baseline_6T,TNG-000_MasterLayout-1,Small_Baseline_6T,[Equation 130],Equation,,,,,,,TRUE,"""r_tong_bank""=2.16066"
Small_Baseline_6T,TNG-000_MasterLayout-1,Small_Baseline_6T,[Equation 131],Equation,,,,,,,TRUE,"""l_tong_bank""=2.4"
